-- phpMyAdmin SQL Dump
-- version 5.2.1deb3
-- https://www.phpmyadmin.net/
--
-- Host: localhost:3306
-- Generation Time: Apr 15, 2026 at 07:36 PM
-- Server version: 8.0.45-0ubuntu0.24.04.1
-- PHP Version: 8.3.6

SET SQL_MODE = "NO_AUTO_VALUE_ON_ZERO";
START TRANSACTION;
SET time_zone = "+00:00";


/*!40101 SET @OLD_CHARACTER_SET_CLIENT=@@CHARACTER_SET_CLIENT */;
/*!40101 SET @OLD_CHARACTER_SET_RESULTS=@@CHARACTER_SET_RESULTS */;
/*!40101 SET @OLD_COLLATION_CONNECTION=@@COLLATION_CONNECTION */;
/*!40101 SET NAMES utf8mb4 */;

--
-- Database: `shakawa_backend`
--
CREATE DATABASE IF NOT EXISTS shakawa_db;
USE shakawa_db;
-- --------------------------------------------------------

--
-- Table structure for table `complaints`
--

CREATE TABLE `complaints` (
  `id` int NOT NULL,
  `customer_id` int NOT NULL,
  `support_id` int DEFAULT NULL,
  `company_name` varchar(50) COLLATE utf8mb4_general_ci DEFAULT NULL,
  `service_type` varchar(100) COLLATE utf8mb4_general_ci DEFAULT NULL,
  `governorate` varchar(100) COLLATE utf8mb4_general_ci DEFAULT NULL,
  `location` varchar(255) COLLATE utf8mb4_general_ci DEFAULT NULL,
  `description` text COLLATE utf8mb4_general_ci,
  `complaint_phone` varchar(20) COLLATE utf8mb4_general_ci DEFAULT NULL,
  `landline` varchar(20) COLLATE utf8mb4_general_ci DEFAULT NULL,
  `customer_approval` varchar(50) COLLATE utf8mb4_general_ci DEFAULT 'pending',
  `rejection_reason` text COLLATE utf8mb4_general_ci,
  `approval_requested_at` datetime DEFAULT NULL,
  `escalation_level` varchar(50) COLLATE utf8mb4_general_ci DEFAULT 'normal',
  `image_path` varchar(255) COLLATE utf8mb4_general_ci DEFAULT NULL,
  `status` varchar(50) COLLATE utf8mb4_general_ci DEFAULT 'جديدة',
  `admin_reply` text COLLATE utf8mb4_general_ci,
  `ai_category` varchar(255) COLLATE utf8mb4_general_ci NOT NULL,
  `created_at` timestamp NOT NULL DEFAULT CURRENT_TIMESTAMP
) ENGINE=InnoDB DEFAULT CHARSET=utf8mb4 COLLATE=utf8mb4_general_ci;

--
-- Dumping data for table `complaints`
--

INSERT INTO `complaints` (`id`, `customer_id`, `support_id`, `company_name`, `service_type`, `governorate`, `location`, `description`, `complaint_phone`, `landline`, `customer_approval`, `rejection_reason`, `approval_requested_at`, `escalation_level`, `image_path`, `status`, `admin_reply`, `ai_category`, `created_at`) VALUES
(1, 1, NULL, 'وي - We', 'إنترنت منزلي', 'القاهرة', 'المعادي', 'عطل فني متكرر من يوم الأحد', NULL, NULL, 'pending', NULL, NULL, 'normal', NULL, 'جديدة', '', 'أعطال إنترنت', '2020-03-22 22:00:00'),
(2, 5, NULL, 'فودافون - Vodafone', 'موبايل إنترنت', 'الجيزة', 'الدقي', 'ضعف التغطية في أول يوم عمل', NULL, NULL, 'pending', NULL, NULL, 'normal', NULL, 'معلقة', 'فحص البرج', 'تغطية وشبكات', '2020-09-24 21:00:00'),
(3, 10, NULL, 'أورانج - Orange', 'فواتير', 'الإسكندرية', 'ميامي', 'مشكلة في تحصيل فاتورة الاثنين', NULL, NULL, 'pending', NULL, NULL, 'normal', NULL, 'تم الحل', 'رد الرصيد', 'تغطية وشبكات', '2019-12-31 22:00:00'),
(4, 20, NULL, 'اتصالات - Etisalat', 'خدمة عملاء', 'الدقهلية', 'أجا', 'تأخير غير مقبول يوم الاثنين', NULL, NULL, 'pending', NULL, NULL, 'normal', NULL, 'جديدة', '', 'تغطية وشبكات', '2020-10-16 21:00:00'),
(5, 30, NULL, 'وي - We', 'خط أرضي', 'الغربية', 'طنطا', 'انقطاع الحرارة يوم الثلاثاء فجأة', NULL, NULL, 'pending', NULL, NULL, 'normal', NULL, 'معلقة', 'صيانة كابينة', 'أعطال إنترنت', '2020-12-21 22:00:00'),
(6, 40, NULL, 'فودافون - Vodafone', 'إنترنت هوائي', 'الشرقية', 'الزقازيق', 'الجهاز بيفصل داتا كل يوم ثلاثاء', NULL, NULL, 'pending', NULL, NULL, 'normal', NULL, 'تم الحل', 'تحديث سوفت', 'أعطال إنترنت', '2020-06-28 21:00:00'),
(7, 50, NULL, 'أورانج - Orange', 'إنترنت منزلي', 'الفيوم', 'سنورس', 'النت بطيء جداً وقت ذروة الأربعاء', NULL, NULL, 'pending', NULL, NULL, 'normal', NULL, 'جديدة', '', 'أعطال إنترنت', '2020-07-14 21:00:00'),
(8, 60, NULL, 'اتصالات - Etisalat', 'موبايل إنترنت', 'قنا', 'نجع حمادي', 'سحب رصيد بدون سبب يوم الأربعاء', NULL, NULL, 'pending', NULL, NULL, 'normal', NULL, 'معلقة', 'مراجعة حسابات', 'استفسارات', '2020-03-18 22:00:00'),
(9, 100, NULL, 'وي - We', 'خدمات أخرى', 'مطروح', 'سيوة', 'مشكلة في تفعيل الرومينج قبل السفر الخميس', NULL, NULL, 'pending', NULL, NULL, 'normal', NULL, 'تم الحل', 'تفعيل يدوي', 'تغطية وشبكات', '2020-06-14 21:00:00'),
(10, 150, NULL, 'فودافون - Vodafone', 'فواتير', 'بورسعيد', 'بورفؤاد', 'خطأ في فاتورة الخميس المتأخرة', NULL, NULL, 'pending', NULL, NULL, 'normal', NULL, 'جديدة', '', 'تغطية وشبكات', '2020-08-18 21:00:00'),
(11, 200, NULL, 'أورانج - Orange', 'إنترنت منزلي', 'المنوفية', 'شبين', 'انقطاع النت وقت صلاة الجمعة', NULL, NULL, 'pending', NULL, NULL, 'normal', NULL, 'معلقة', 'فحص السنترال', 'أعطال إنترنت', '2020-10-21 21:00:00'),
(12, 240, NULL, 'اتصالات - Etisalat', 'موبايل إنترنت', 'السويس', 'بور توفيق', 'الشبكة تضعف في رحلات السبت', NULL, NULL, 'pending', NULL, NULL, 'normal', NULL, 'تم الحل', 'تغطية إضافية', 'تغطية وشبكات', '2020-02-19 22:00:00'),
(13, 1, NULL, 'وي - We', 'إنترنت منزلي', 'القاهرة', 'المعادي', 'عطل فني متكرر من يوم الأحد', NULL, NULL, 'pending', NULL, NULL, 'normal', NULL, 'جديدة', '', 'أعطال إنترنت', '2020-04-07 22:00:00'),
(14, 5, NULL, 'فودافون - Vodafone', 'موبايل إنترنت', 'الجيزة', 'الدقي', 'ضعف التغطية في أول يوم عمل', NULL, NULL, 'pending', NULL, NULL, 'normal', NULL, 'معلقة', 'فحص البرج', 'تغطية وشبكات', '2020-12-03 22:00:00'),
(15, 10, NULL, 'أورانج - Orange', 'فواتير', 'الإسكندرية', 'ميامي', 'مشكلة في تحصيل فاتورة الاثنين', NULL, NULL, 'pending', NULL, NULL, 'normal', NULL, 'تم الحل', 'رد الرصيد', 'تغطية وشبكات', '2020-10-27 21:00:00'),
(16, 20, NULL, 'اتصالات - Etisalat', 'خدمة عملاء', 'الدقهلية', 'أجا', 'تأخير غير مقبول يوم الاثنين', NULL, NULL, 'pending', NULL, NULL, 'normal', NULL, 'جديدة', '', 'تغطية وشبكات', '2020-05-07 21:00:00'),
(17, 30, NULL, 'وي - We', 'خط أرضي', 'الغربية', 'طنطا', 'انقطاع الحرارة يوم الثلاثاء فجأة', NULL, NULL, 'pending', NULL, NULL, 'normal', NULL, 'معلقة', 'صيانة كابينة', 'أعطال إنترنت', '2020-04-13 22:00:00'),
(18, 40, NULL, 'فودافون - Vodafone', 'إنترنت هوائي', 'الشرقية', 'الزقازيق', 'الجهاز بيفصل داتا كل يوم ثلاثاء', NULL, NULL, 'pending', NULL, NULL, 'normal', NULL, 'تم الحل', 'تحديث سوفت', 'أعطال إنترنت', '2020-05-14 21:00:00'),
(19, 50, NULL, 'أورانج - Orange', 'إنترنت منزلي', 'الفيوم', 'سنورس', 'النت بطيء جداً وقت ذروة الأربعاء', NULL, NULL, 'pending', NULL, NULL, 'normal', NULL, 'جديدة', '', 'أعطال إنترنت', '2019-12-31 22:00:00'),
(20, 60, NULL, 'اتصالات - Etisalat', 'موبايل إنترنت', 'قنا', 'نجع حمادي', 'سحب رصيد بدون سبب يوم الأربعاء', NULL, NULL, 'pending', NULL, NULL, 'normal', NULL, 'معلقة', 'مراجعة حسابات', 'استفسارات', '2020-11-18 22:00:00'),
(21, 100, NULL, 'وي - We', 'خدمات أخرى', 'مطروح', 'سيوة', 'مشكلة في تفعيل الرومينج قبل السفر الخميس', NULL, NULL, 'pending', NULL, NULL, 'normal', NULL, 'تم الحل', 'تفعيل يدوي', 'تغطية وشبكات', '2020-06-05 21:00:00'),
(22, 150, NULL, 'فودافون - Vodafone', 'فواتير', 'بورسعيد', 'بورفؤاد', 'خطأ في فاتورة الخميس المتأخرة', NULL, NULL, 'pending', NULL, NULL, 'normal', NULL, 'جديدة', '', 'تغطية وشبكات', '2020-07-01 21:00:00'),
(23, 200, NULL, 'أورانج - Orange', 'إنترنت منزلي', 'المنوفية', 'شبين', 'انقطاع النت وقت صلاة الجمعة', NULL, NULL, 'pending', NULL, NULL, 'normal', NULL, 'معلقة', 'فحص السنترال', 'أعطال إنترنت', '2020-03-18 22:00:00'),
(24, 240, NULL, 'اتصالات - Etisalat', 'موبايل إنترنت', 'السويس', 'بور توفيق', 'الشبكة تضعف في رحلات السبت', NULL, NULL, 'pending', NULL, NULL, 'normal', NULL, 'تم الحل', 'تغطية إضافية', 'تغطية وشبكات', '2020-07-27 21:00:00'),
(25, 1, NULL, 'وي - We', 'إنترنت منزلي', 'القاهرة', 'المعادي', 'عطل فني متكرر من يوم الأحد', NULL, NULL, 'pending', NULL, NULL, 'normal', NULL, 'جديدة', '', 'أعطال إنترنت', '2020-03-18 22:00:00'),
(26, 5, NULL, 'فودافون - Vodafone', 'موبايل إنترنت', 'الجيزة', 'الدقي', 'ضعف التغطية في أول يوم عمل', NULL, NULL, 'pending', NULL, NULL, 'normal', NULL, 'معلقة', 'فحص البرج', 'تغطية وشبكات', '2020-05-10 21:00:00'),
(27, 10, NULL, 'أورانج - Orange', 'فواتير', 'الإسكندرية', 'ميامي', 'مشكلة في تحصيل فاتورة الاثنين', NULL, NULL, 'pending', NULL, NULL, 'normal', NULL, 'تم الحل', 'رد الرصيد', 'تغطية وشبكات', '2020-02-25 22:00:00'),
(28, 20, NULL, 'اتصالات - Etisalat', 'خدمة عملاء', 'الدقهلية', 'أجا', 'تأخير غير مقبول يوم الاثنين', NULL, NULL, 'pending', NULL, NULL, 'normal', NULL, 'جديدة', '', 'تغطية وشبكات', '2020-09-07 21:00:00'),
(29, 30, NULL, 'وي - We', 'خط أرضي', 'الغربية', 'طنطا', 'انقطاع الحرارة يوم الثلاثاء فجأة', NULL, NULL, 'pending', NULL, NULL, 'normal', NULL, 'معلقة', 'صيانة كابينة', 'أعطال إنترنت', '2020-12-25 22:00:00'),
(30, 40, NULL, 'فودافون - Vodafone', 'إنترنت هوائي', 'الشرقية', 'الزقازيق', 'الجهاز بيفصل داتا كل يوم ثلاثاء', NULL, NULL, 'pending', NULL, NULL, 'normal', NULL, 'تم الحل', 'تحديث سوفت', 'أعطال إنترنت', '2020-11-10 22:00:00'),
(31, 50, NULL, 'أورانج - Orange', 'إنترنت منزلي', 'الفيوم', 'سنورس', 'النت بطيء جداً وقت ذروة الأربعاء', NULL, NULL, 'pending', NULL, NULL, 'normal', NULL, 'جديدة', '', 'أعطال إنترنت', '2020-05-11 21:00:00'),
(32, 60, NULL, 'اتصالات - Etisalat', 'موبايل إنترنت', 'قنا', 'نجع حمادي', 'سحب رصيد بدون سبب يوم الأربعاء', NULL, NULL, 'pending', NULL, NULL, 'normal', NULL, 'معلقة', 'مراجعة حسابات', 'استفسارات', '2020-03-21 22:00:00'),
(33, 100, NULL, 'وي - We', 'خدمات أخرى', 'مطروح', 'سيوة', 'مشكلة في تفعيل الرومينج قبل السفر الخميس', NULL, NULL, 'pending', NULL, NULL, 'normal', NULL, 'تم الحل', 'تفعيل يدوي', 'تغطية وشبكات', '2020-01-07 22:00:00'),
(34, 150, NULL, 'فودافون - Vodafone', 'فواتير', 'بورسعيد', 'بورفؤاد', 'خطأ في فاتورة الخميس المتأخرة', NULL, NULL, 'pending', NULL, NULL, 'normal', NULL, 'جديدة', '', 'تغطية وشبكات', '2020-06-08 21:00:00'),
(35, 200, NULL, 'أورانج - Orange', 'إنترنت منزلي', 'المنوفية', 'شبين', 'انقطاع النت وقت صلاة الجمعة', NULL, NULL, 'pending', NULL, NULL, 'normal', NULL, 'معلقة', 'فحص السنترال', 'أعطال إنترنت', '2020-02-18 22:00:00'),
(36, 240, NULL, 'اتصالات - Etisalat', 'موبايل إنترنت', 'السويس', 'بور توفيق', 'الشبكة تضعف في رحلات السبت', NULL, NULL, 'pending', NULL, NULL, 'normal', NULL, 'تم الحل', 'تغطية إضافية', 'تغطية وشبكات', '2020-05-10 21:00:00'),
(37, 1, NULL, 'وي - We', 'إنترنت منزلي', 'القاهرة', 'المعادي', 'عطل فني متكرر من يوم الأحد', NULL, NULL, 'pending', NULL, NULL, 'normal', NULL, 'جديدة', '', 'أعطال إنترنت', '2020-05-20 21:00:00'),
(38, 5, NULL, 'فودافون - Vodafone', 'موبايل إنترنت', 'الجيزة', 'الدقي', 'ضعف التغطية في أول يوم عمل', NULL, NULL, 'pending', NULL, NULL, 'normal', NULL, 'معلقة', 'فحص البرج', 'تغطية وشبكات', '2020-11-10 22:00:00'),
(39, 10, NULL, 'أورانج - Orange', 'فواتير', 'الإسكندرية', 'ميامي', 'مشكلة في تحصيل فاتورة الاثنين', NULL, NULL, 'pending', NULL, NULL, 'normal', NULL, 'تم الحل', 'رد الرصيد', 'تغطية وشبكات', '2020-02-25 22:00:00'),
(40, 20, NULL, 'اتصالات - Etisalat', 'خدمة عملاء', 'الدقهلية', 'أجا', 'تأخير غير مقبول يوم الاثنين', NULL, NULL, 'pending', NULL, NULL, 'normal', NULL, 'جديدة', '', 'تغطية وشبكات', '2020-03-04 22:00:00'),
(41, 30, NULL, 'وي - We', 'خط أرضي', 'الغربية', 'طنطا', 'انقطاع الحرارة يوم الثلاثاء فجأة', NULL, NULL, 'pending', NULL, NULL, 'normal', NULL, 'معلقة', 'صيانة كابينة', 'أعطال إنترنت', '2020-06-02 21:00:00'),
(42, 40, NULL, 'فودافون - Vodafone', 'إنترنت هوائي', 'الشرقية', 'الزقازيق', 'الجهاز بيفصل داتا كل يوم ثلاثاء', NULL, NULL, 'pending', NULL, NULL, 'normal', NULL, 'تم الحل', 'تحديث سوفت', 'أعطال إنترنت', '2020-08-01 21:00:00'),
(43, 50, NULL, 'أورانج - Orange', 'إنترنت منزلي', 'الفيوم', 'سنورس', 'النت بطيء جداً وقت ذروة الأربعاء', NULL, NULL, 'pending', NULL, NULL, 'normal', NULL, 'جديدة', '', 'أعطال إنترنت', '2020-08-29 21:00:00'),
(44, 60, NULL, 'اتصالات - Etisalat', 'موبايل إنترنت', 'قنا', 'نجع حمادي', 'سحب رصيد بدون سبب يوم الأربعاء', NULL, NULL, 'pending', NULL, NULL, 'normal', NULL, 'معلقة', 'مراجعة حسابات', 'استفسارات', '2020-07-23 21:00:00'),
(45, 100, NULL, 'وي - We', 'خدمات أخرى', 'مطروح', 'سيوة', 'مشكلة في تفعيل الرومينج قبل السفر الخميس', NULL, NULL, 'pending', NULL, NULL, 'normal', NULL, 'تم الحل', 'تفعيل يدوي', 'تغطية وشبكات', '2020-10-27 21:00:00'),
(46, 150, NULL, 'فودافون - Vodafone', 'فواتير', 'بورسعيد', 'بورفؤاد', 'خطأ في فاتورة الخميس المتأخرة', NULL, NULL, 'pending', NULL, NULL, 'normal', NULL, 'جديدة', '', 'تغطية وشبكات', '2020-06-08 21:00:00'),
(47, 200, NULL, 'أورانج - Orange', 'إنترنت منزلي', 'المنوفية', 'شبين', 'انقطاع النت وقت صلاة الجمعة', NULL, NULL, 'pending', NULL, NULL, 'normal', NULL, 'معلقة', 'فحص السنترال', 'أعطال إنترنت', '2020-09-16 21:00:00'),
(48, 240, NULL, 'اتصالات - Etisalat', 'موبايل إنترنت', 'السويس', 'بور توفيق', 'الشبكة تضعف في رحلات السبت', NULL, NULL, 'pending', NULL, NULL, 'normal', NULL, 'تم الحل', 'تغطية إضافية', 'تغطية وشبكات', '2020-04-03 22:00:00'),
(49, 1, NULL, 'وي - We', 'إنترنت منزلي', 'القاهرة', 'المعادي', 'عطل فني متكرر من يوم الأحد', NULL, NULL, 'pending', NULL, NULL, 'normal', NULL, 'جديدة', '', 'أعطال إنترنت', '2020-02-21 22:00:00'),
(50, 5, NULL, 'فودافون - Vodafone', 'موبايل إنترنت', 'الجيزة', 'الدقي', 'ضعف التغطية في أول يوم عمل', NULL, NULL, 'pending', NULL, NULL, 'normal', NULL, 'معلقة', 'فحص البرج', 'تغطية وشبكات', '2020-12-09 22:00:00'),
(51, 10, NULL, 'أورانج - Orange', 'فواتير', 'الإسكندرية', 'ميامي', 'مشكلة في تحصيل فاتورة الاثنين', NULL, NULL, 'pending', NULL, NULL, 'normal', NULL, 'تم الحل', 'رد الرصيد', 'تغطية وشبكات', '2021-04-16 22:00:00'),
(52, 20, NULL, 'اتصالات - Etisalat', 'خدمة عملاء', 'الدقهلية', 'أجا', 'تأخير غير مقبول يوم الاثنين', NULL, NULL, 'pending', NULL, NULL, 'normal', NULL, 'جديدة', '', 'تغطية وشبكات', '2021-08-18 21:00:00'),
(53, 30, NULL, 'وي - We', 'خط أرضي', 'الغربية', 'طنطا', 'انقطاع الحرارة يوم الثلاثاء فجأة', NULL, NULL, 'pending', NULL, NULL, 'normal', NULL, 'معلقة', 'صيانة كابينة', 'أعطال إنترنت', '2021-04-10 22:00:00'),
(54, 40, NULL, 'فودافون - Vodafone', 'إنترنت هوائي', 'الشرقية', 'الزقازيق', 'الجهاز بيفصل داتا كل يوم ثلاثاء', NULL, NULL, 'pending', NULL, NULL, 'normal', NULL, 'تم الحل', 'تحديث سوفت', 'أعطال إنترنت', '2021-06-25 21:00:00'),
(55, 50, NULL, 'أورانج - Orange', 'إنترنت منزلي', 'الفيوم', 'سنورس', 'النت بطيء جداً وقت ذروة الأربعاء', NULL, NULL, 'pending', NULL, NULL, 'normal', NULL, 'جديدة', '', 'أعطال إنترنت', '2021-08-05 21:00:00'),
(56, 60, NULL, 'اتصالات - Etisalat', 'موبايل إنترنت', 'قنا', 'نجع حمادي', 'سحب رصيد بدون سبب يوم الأربعاء', NULL, NULL, 'pending', NULL, NULL, 'normal', NULL, 'معلقة', 'مراجعة حسابات', 'استفسارات', '2021-07-10 21:00:00'),
(57, 100, NULL, 'وي - We', 'خدمات أخرى', 'مطروح', 'سيوة', 'مشكلة في تفعيل الرومينج قبل السفر الخميس', NULL, NULL, 'pending', NULL, NULL, 'normal', NULL, 'تم الحل', 'تفعيل يدوي', 'تغطية وشبكات', '2021-11-02 22:00:00'),
(58, 150, NULL, 'فودافون - Vodafone', 'فواتير', 'بورسعيد', 'بورفؤاد', 'خطأ في فاتورة الخميس المتأخرة', NULL, NULL, 'pending', NULL, NULL, 'normal', NULL, 'جديدة', '', 'تغطية وشبكات', '2021-08-16 21:00:00'),
(59, 200, NULL, 'أورانج - Orange', 'إنترنت منزلي', 'المنوفية', 'شبين', 'انقطاع النت وقت صلاة الجمعة', NULL, NULL, 'pending', NULL, NULL, 'normal', NULL, 'معلقة', 'فحص السنترال', 'أعطال إنترنت', '2021-08-11 21:00:00'),
(60, 240, NULL, 'اتصالات - Etisalat', 'موبايل إنترنت', 'السويس', 'بور توفيق', 'الشبكة تضعف في رحلات السبت', NULL, NULL, 'pending', NULL, NULL, 'normal', NULL, 'تم الحل', 'تغطية إضافية', 'تغطية وشبكات', '2021-03-07 22:00:00'),
(61, 1, NULL, 'وي - We', 'إنترنت منزلي', 'القاهرة', 'المعادي', 'عطل فني متكرر من يوم الأحد', NULL, NULL, 'pending', NULL, NULL, 'normal', NULL, 'جديدة', '', 'أعطال إنترنت', '2021-01-26 22:00:00'),
(62, 5, NULL, 'فودافون - Vodafone', 'موبايل إنترنت', 'الجيزة', 'الدقي', 'ضعف التغطية في أول يوم عمل', NULL, NULL, 'pending', NULL, NULL, 'normal', NULL, 'معلقة', 'فحص البرج', 'تغطية وشبكات', '2021-10-25 21:00:00'),
(63, 10, NULL, 'أورانج - Orange', 'فواتير', 'الإسكندرية', 'ميامي', 'مشكلة في تحصيل فاتورة الاثنين', NULL, NULL, 'pending', NULL, NULL, 'normal', NULL, 'تم الحل', 'رد الرصيد', 'تغطية وشبكات', '2021-11-15 22:00:00'),
(64, 20, NULL, 'اتصالات - Etisalat', 'خدمة عملاء', 'الدقهلية', 'أجا', 'تأخير غير مقبول يوم الاثنين', NULL, NULL, 'pending', NULL, NULL, 'normal', NULL, 'جديدة', '', 'تغطية وشبكات', '2021-12-02 22:00:00'),
(65, 30, NULL, 'وي - We', 'خط أرضي', 'الغربية', 'طنطا', 'انقطاع الحرارة يوم الثلاثاء فجأة', NULL, NULL, 'pending', NULL, NULL, 'normal', NULL, 'معلقة', 'صيانة كابينة', 'أعطال إنترنت', '2021-12-25 22:00:00'),
(66, 40, NULL, 'فودافون - Vodafone', 'إنترنت هوائي', 'الشرقية', 'الزقازيق', 'الجهاز بيفصل داتا كل يوم ثلاثاء', NULL, NULL, 'pending', NULL, NULL, 'normal', NULL, 'تم الحل', 'تحديث سوفت', 'أعطال إنترنت', '2021-02-25 22:00:00'),
(67, 50, NULL, 'أورانج - Orange', 'إنترنت منزلي', 'الفيوم', 'سنورس', 'النت بطيء جداً وقت ذروة الأربعاء', NULL, NULL, 'pending', NULL, NULL, 'normal', NULL, 'جديدة', '', 'أعطال إنترنت', '2021-10-25 21:00:00'),
(68, 60, NULL, 'اتصالات - Etisalat', 'موبايل إنترنت', 'قنا', 'نجع حمادي', 'سحب رصيد بدون سبب يوم الأربعاء', NULL, NULL, 'pending', NULL, NULL, 'normal', NULL, 'معلقة', 'مراجعة حسابات', 'استفسارات', '2021-08-15 21:00:00'),
(69, 100, NULL, 'وي - We', 'خدمات أخرى', 'مطروح', 'سيوة', 'مشكلة في تفعيل الرومينج قبل السفر الخميس', NULL, NULL, 'pending', NULL, NULL, 'normal', NULL, 'تم الحل', 'تفعيل يدوي', 'تغطية وشبكات', '2021-08-29 21:00:00'),
(70, 150, NULL, 'فودافون - Vodafone', 'فواتير', 'بورسعيد', 'بورفؤاد', 'خطأ في فاتورة الخميس المتأخرة', NULL, NULL, 'pending', NULL, NULL, 'normal', NULL, 'جديدة', '', 'تغطية وشبكات', '2021-06-09 21:00:00'),
(71, 200, NULL, 'أورانج - Orange', 'إنترنت منزلي', 'المنوفية', 'شبين', 'انقطاع النت وقت صلاة الجمعة', NULL, NULL, 'pending', NULL, NULL, 'normal', NULL, 'معلقة', 'فحص السنترال', 'أعطال إنترنت', '2021-03-19 22:00:00'),
(72, 240, NULL, 'اتصالات - Etisalat', 'موبايل إنترنت', 'السويس', 'بور توفيق', 'الشبكة تضعف في رحلات السبت', NULL, NULL, 'pending', NULL, NULL, 'normal', NULL, 'تم الحل', 'تغطية إضافية', 'تغطية وشبكات', '2021-10-04 21:00:00'),
(73, 1, NULL, 'وي - We', 'إنترنت منزلي', 'القاهرة', 'المعادي', 'عطل فني متكرر من يوم الأحد', NULL, NULL, 'pending', NULL, NULL, 'normal', NULL, 'جديدة', '', 'أعطال إنترنت', '2021-02-24 22:00:00'),
(74, 5, NULL, 'فودافون - Vodafone', 'موبايل إنترنت', 'الجيزة', 'الدقي', 'ضعف التغطية في أول يوم عمل', NULL, NULL, 'pending', NULL, NULL, 'normal', NULL, 'معلقة', 'فحص البرج', 'تغطية وشبكات', '2021-06-26 21:00:00'),
(75, 10, NULL, 'أورانج - Orange', 'فواتير', 'الإسكندرية', 'ميامي', 'مشكلة في تحصيل فاتورة الاثنين', NULL, NULL, 'pending', NULL, NULL, 'normal', NULL, 'تم الحل', 'رد الرصيد', 'تغطية وشبكات', '2021-12-19 22:00:00'),
(76, 20, NULL, 'اتصالات - Etisalat', 'خدمة عملاء', 'الدقهلية', 'أجا', 'تأخير غير مقبول يوم الاثنين', NULL, NULL, 'pending', NULL, NULL, 'normal', NULL, 'جديدة', '', 'تغطية وشبكات', '2021-05-22 21:00:00'),
(77, 30, NULL, 'وي - We', 'خط أرضي', 'الغربية', 'طنطا', 'انقطاع الحرارة يوم الثلاثاء فجأة', NULL, NULL, 'pending', NULL, NULL, 'normal', NULL, 'معلقة', 'صيانة كابينة', 'أعطال إنترنت', '2021-01-16 22:00:00'),
(78, 40, NULL, 'فودافون - Vodafone', 'إنترنت هوائي', 'الشرقية', 'الزقازيق', 'الجهاز بيفصل داتا كل يوم ثلاثاء', NULL, NULL, 'pending', NULL, NULL, 'normal', NULL, 'تم الحل', 'تحديث سوفت', 'أعطال إنترنت', '2021-01-18 22:00:00'),
(79, 50, NULL, 'أورانج - Orange', 'إنترنت منزلي', 'الفيوم', 'سنورس', 'النت بطيء جداً وقت ذروة الأربعاء', NULL, NULL, 'pending', NULL, NULL, 'normal', NULL, 'جديدة', '', 'أعطال إنترنت', '2021-02-12 22:00:00'),
(80, 60, NULL, 'اتصالات - Etisalat', 'موبايل إنترنت', 'قنا', 'نجع حمادي', 'سحب رصيد بدون سبب يوم الأربعاء', NULL, NULL, 'pending', NULL, NULL, 'normal', NULL, 'معلقة', 'مراجعة حسابات', 'استفسارات', '2021-06-12 21:00:00'),
(81, 100, NULL, 'وي - We', 'خدمات أخرى', 'مطروح', 'سيوة', 'مشكلة في تفعيل الرومينج قبل السفر الخميس', NULL, NULL, 'pending', NULL, NULL, 'normal', NULL, 'تم الحل', 'تفعيل يدوي', 'تغطية وشبكات', '2021-11-16 22:00:00'),
(82, 150, NULL, 'فودافون - Vodafone', 'فواتير', 'بورسعيد', 'بورفؤاد', 'خطأ في فاتورة الخميس المتأخرة', NULL, NULL, 'pending', NULL, NULL, 'normal', NULL, 'جديدة', '', 'تغطية وشبكات', '2021-01-19 22:00:00'),
(83, 200, NULL, 'أورانج - Orange', 'إنترنت منزلي', 'المنوفية', 'شبين', 'انقطاع النت وقت صلاة الجمعة', NULL, NULL, 'pending', NULL, NULL, 'normal', NULL, 'معلقة', 'فحص السنترال', 'أعطال إنترنت', '2021-08-16 21:00:00'),
(84, 240, NULL, 'اتصالات - Etisalat', 'موبايل إنترنت', 'السويس', 'بور توفيق', 'الشبكة تضعف في رحلات السبت', NULL, NULL, 'pending', NULL, NULL, 'normal', NULL, 'تم الحل', 'تغطية إضافية', 'تغطية وشبكات', '2021-12-19 22:00:00'),
(85, 1, NULL, 'وي - We', 'إنترنت منزلي', 'القاهرة', 'المعادي', 'عطل فني متكرر من يوم الأحد', NULL, NULL, 'pending', NULL, NULL, 'normal', NULL, 'جديدة', '', 'أعطال إنترنت', '2021-12-18 22:00:00'),
(86, 5, NULL, 'فودافون - Vodafone', 'موبايل إنترنت', 'الجيزة', 'الدقي', 'ضعف التغطية في أول يوم عمل', NULL, NULL, 'pending', NULL, NULL, 'normal', NULL, 'معلقة', 'فحص البرج', 'تغطية وشبكات', '2021-12-03 22:00:00'),
(87, 10, NULL, 'أورانج - Orange', 'فواتير', 'الإسكندرية', 'ميامي', 'مشكلة في تحصيل فاتورة الاثنين', NULL, NULL, 'pending', NULL, NULL, 'normal', NULL, 'تم الحل', 'رد الرصيد', 'تغطية وشبكات', '2021-09-21 21:00:00'),
(88, 20, NULL, 'اتصالات - Etisalat', 'خدمة عملاء', 'الدقهلية', 'أجا', 'تأخير غير مقبول يوم الاثنين', NULL, NULL, 'pending', NULL, NULL, 'normal', NULL, 'جديدة', '', 'تغطية وشبكات', '2021-11-04 22:00:00'),
(89, 30, NULL, 'وي - We', 'خط أرضي', 'الغربية', 'طنطا', 'انقطاع الحرارة يوم الثلاثاء فجأة', NULL, NULL, 'pending', NULL, NULL, 'normal', NULL, 'معلقة', 'صيانة كابينة', 'أعطال إنترنت', '2021-01-19 22:00:00'),
(90, 40, NULL, 'فودافون - Vodafone', 'إنترنت هوائي', 'الشرقية', 'الزقازيق', 'الجهاز بيفصل داتا كل يوم ثلاثاء', NULL, NULL, 'pending', NULL, NULL, 'normal', NULL, 'تم الحل', 'تحديث سوفت', 'أعطال إنترنت', '2021-09-22 21:00:00'),
(91, 50, NULL, 'أورانج - Orange', 'إنترنت منزلي', 'الفيوم', 'سنورس', 'النت بطيء جداً وقت ذروة الأربعاء', NULL, NULL, 'pending', NULL, NULL, 'normal', NULL, 'جديدة', '', 'أعطال إنترنت', '2021-06-26 21:00:00'),
(92, 60, NULL, 'اتصالات - Etisalat', 'موبايل إنترنت', 'قنا', 'نجع حمادي', 'سحب رصيد بدون سبب يوم الأربعاء', NULL, NULL, 'pending', NULL, NULL, 'normal', NULL, 'معلقة', 'مراجعة حسابات', 'استفسارات', '2021-03-30 22:00:00'),
(93, 100, NULL, 'وي - We', 'خدمات أخرى', 'مطروح', 'سيوة', 'مشكلة في تفعيل الرومينج قبل السفر الخميس', NULL, NULL, 'pending', NULL, NULL, 'normal', NULL, 'تم الحل', 'تفعيل يدوي', 'تغطية وشبكات', '2021-10-06 21:00:00'),
(94, 150, NULL, 'فودافون - Vodafone', 'فواتير', 'بورسعيد', 'بورفؤاد', 'خطأ في فاتورة الخميس المتأخرة', NULL, NULL, 'pending', NULL, NULL, 'normal', NULL, 'جديدة', '', 'تغطية وشبكات', '2021-02-04 22:00:00'),
(95, 200, NULL, 'أورانج - Orange', 'إنترنت منزلي', 'المنوفية', 'شبين', 'انقطاع النت وقت صلاة الجمعة', NULL, NULL, 'pending', NULL, NULL, 'normal', NULL, 'معلقة', 'فحص السنترال', 'أعطال إنترنت', '2021-03-11 22:00:00'),
(96, 240, NULL, 'اتصالات - Etisalat', 'موبايل إنترنت', 'السويس', 'بور توفيق', 'الشبكة تضعف في رحلات السبت', NULL, NULL, 'pending', NULL, NULL, 'normal', NULL, 'تم الحل', 'تغطية إضافية', 'تغطية وشبكات', '2021-08-31 21:00:00'),
(97, 1, NULL, 'وي - We', 'إنترنت منزلي', 'القاهرة', 'المعادي', 'عطل فني متكرر من يوم الأحد', NULL, NULL, 'pending', NULL, NULL, 'normal', NULL, 'جديدة', '', 'أعطال إنترنت', '2021-10-04 21:00:00'),
(98, 5, NULL, 'فودافون - Vodafone', 'موبايل إنترنت', 'الجيزة', 'الدقي', 'ضعف التغطية في أول يوم عمل', NULL, NULL, 'pending', NULL, NULL, 'normal', NULL, 'معلقة', 'فحص البرج', 'تغطية وشبكات', '2021-10-16 21:00:00'),
(99, 10, NULL, 'أورانج - Orange', 'فواتير', 'الإسكندرية', 'ميامي', 'مشكلة في تحصيل فاتورة الاثنين', NULL, NULL, 'pending', NULL, NULL, 'normal', NULL, 'تم الحل', 'رد الرصيد', 'تغطية وشبكات', '2021-09-09 21:00:00'),
(100, 20, NULL, 'اتصالات - Etisalat', 'خدمة عملاء', 'الدقهلية', 'أجا', 'تأخير غير مقبول يوم الاثنين', NULL, NULL, 'pending', NULL, NULL, 'normal', NULL, 'جديدة', '', 'تغطية وشبكات', '2021-01-29 22:00:00'),
(101, 30, NULL, 'وي - We', 'خط أرضي', 'الغربية', 'طنطا', 'انقطاع الحرارة يوم الثلاثاء فجأة', NULL, NULL, 'pending', NULL, NULL, 'normal', NULL, 'معلقة', 'صيانة كابينة', 'أعطال إنترنت', '2022-04-26 21:00:00'),
(102, 40, NULL, 'فودافون - Vodafone', 'إنترنت هوائي', 'الشرقية', 'الزقازيق', 'الجهاز بيفصل داتا كل يوم ثلاثاء', NULL, NULL, 'pending', NULL, NULL, 'normal', NULL, 'تم الحل', 'تحديث سوفت', 'أعطال إنترنت', '2022-05-12 21:00:00'),
(103, 50, NULL, 'أورانج - Orange', 'إنترنت منزلي', 'الفيوم', 'سنورس', 'النت بطيء جداً وقت ذروة الأربعاء', NULL, NULL, 'pending', NULL, NULL, 'normal', NULL, 'جديدة', '', 'أعطال إنترنت', '2022-11-08 22:00:00'),
(104, 60, NULL, 'اتصالات - Etisalat', 'موبايل إنترنت', 'قنا', 'نجع حمادي', 'سحب رصيد بدون سبب يوم الأربعاء', NULL, NULL, 'pending', NULL, NULL, 'normal', NULL, 'معلقة', 'مراجعة حسابات', 'استفسارات', '2022-03-10 22:00:00'),
(105, 100, NULL, 'وي - We', 'خدمات أخرى', 'مطروح', 'سيوة', 'مشكلة في تفعيل الرومينج قبل السفر الخميس', NULL, NULL, 'pending', NULL, NULL, 'normal', NULL, 'تم الحل', 'تفعيل يدوي', 'تغطية وشبكات', '2022-05-19 21:00:00'),
(106, 150, NULL, 'فودافون - Vodafone', 'فواتير', 'بورسعيد', 'بورفؤاد', 'خطأ في فاتورة الخميس المتأخرة', NULL, NULL, 'pending', NULL, NULL, 'normal', NULL, 'جديدة', '', 'تغطية وشبكات', '2022-05-02 21:00:00'),
(107, 200, NULL, 'أورانج - Orange', 'إنترنت منزلي', 'المنوفية', 'شبين', 'انقطاع النت وقت صلاة الجمعة', NULL, NULL, 'pending', NULL, NULL, 'normal', NULL, 'معلقة', 'فحص السنترال', 'أعطال إنترنت', '2022-07-13 21:00:00'),
(108, 240, NULL, 'اتصالات - Etisalat', 'موبايل إنترنت', 'السويس', 'بور توفيق', 'الشبكة تضعف في رحلات السبت', NULL, NULL, 'pending', NULL, NULL, 'normal', NULL, 'تم الحل', 'تغطية إضافية', 'تغطية وشبكات', '2022-08-29 21:00:00'),
(109, 1, NULL, 'وي - We', 'إنترنت منزلي', 'القاهرة', 'المعادي', 'عطل فني متكرر من يوم الأحد', NULL, NULL, 'pending', NULL, NULL, 'normal', NULL, 'جديدة', '', 'أعطال إنترنت', '2022-09-16 21:00:00'),
(110, 5, NULL, 'فودافون - Vodafone', 'موبايل إنترنت', 'الجيزة', 'الدقي', 'ضعف التغطية في أول يوم عمل', NULL, NULL, 'pending', NULL, NULL, 'normal', NULL, 'معلقة', 'فحص البرج', 'تغطية وشبكات', '2022-07-24 21:00:00'),
(111, 10, NULL, 'أورانج - Orange', 'فواتير', 'الإسكندرية', 'ميامي', 'مشكلة في تحصيل فاتورة الاثنين', NULL, NULL, 'pending', NULL, NULL, 'normal', NULL, 'تم الحل', 'رد الرصيد', 'تغطية وشبكات', '2022-09-07 21:00:00'),
(112, 20, NULL, 'اتصالات - Etisalat', 'خدمة عملاء', 'الدقهلية', 'أجا', 'تأخير غير مقبول يوم الاثنين', NULL, NULL, 'pending', NULL, NULL, 'normal', NULL, 'جديدة', '', 'تغطية وشبكات', '2022-09-26 21:00:00'),
(113, 30, NULL, 'وي - We', 'خط أرضي', 'الغربية', 'طنطا', 'انقطاع الحرارة يوم الثلاثاء فجأة', NULL, NULL, 'pending', NULL, NULL, 'normal', NULL, 'معلقة', 'صيانة كابينة', 'أعطال إنترنت', '2022-08-21 21:00:00'),
(114, 40, NULL, 'فودافون - Vodafone', 'إنترنت هوائي', 'الشرقية', 'الزقازيق', 'الجهاز بيفصل داتا كل يوم ثلاثاء', NULL, NULL, 'pending', NULL, NULL, 'normal', NULL, 'تم الحل', 'تحديث سوفت', 'أعطال إنترنت', '2022-12-24 22:00:00'),
(115, 50, NULL, 'أورانج - Orange', 'إنترنت منزلي', 'الفيوم', 'سنورس', 'النت بطيء جداً وقت ذروة الأربعاء', NULL, NULL, 'pending', NULL, NULL, 'normal', NULL, 'جديدة', '', 'أعطال إنترنت', '2022-12-26 22:00:00'),
(116, 60, NULL, 'اتصالات - Etisalat', 'موبايل إنترنت', 'قنا', 'نجع حمادي', 'سحب رصيد بدون سبب يوم الأربعاء', NULL, NULL, 'pending', NULL, NULL, 'normal', NULL, 'معلقة', 'مراجعة حسابات', 'استفسارات', '2022-12-29 22:00:00'),
(117, 100, NULL, 'وي - We', 'خدمات أخرى', 'مطروح', 'سيوة', 'مشكلة في تفعيل الرومينج قبل السفر الخميس', NULL, NULL, 'pending', NULL, NULL, 'normal', NULL, 'تم الحل', 'تفعيل يدوي', 'تغطية وشبكات', '2022-01-06 22:00:00'),
(118, 150, NULL, 'فودافون - Vodafone', 'فواتير', 'بورسعيد', 'بورفؤاد', 'خطأ في فاتورة الخميس المتأخرة', NULL, NULL, 'pending', NULL, NULL, 'normal', NULL, 'جديدة', '', 'تغطية وشبكات', '2022-02-07 22:00:00'),
(119, 200, NULL, 'أورانج - Orange', 'إنترنت منزلي', 'المنوفية', 'شبين', 'انقطاع النت وقت صلاة الجمعة', NULL, NULL, 'pending', NULL, NULL, 'normal', NULL, 'معلقة', 'فحص السنترال', 'أعطال إنترنت', '2022-06-18 21:00:00'),
(120, 240, NULL, 'اتصالات - Etisalat', 'موبايل إنترنت', 'السويس', 'بور توفيق', 'الشبكة تضعف في رحلات السبت', NULL, NULL, 'pending', NULL, NULL, 'normal', NULL, 'تم الحل', 'تغطية إضافية', 'تغطية وشبكات', '2022-01-05 22:00:00'),
(121, 1, NULL, 'وي - We', 'إنترنت منزلي', 'القاهرة', 'المعادي', 'عطل فني متكرر من يوم الأحد', NULL, NULL, 'pending', NULL, NULL, 'normal', NULL, 'جديدة', '', 'أعطال إنترنت', '2022-09-03 21:00:00'),
(122, 5, NULL, 'فودافون - Vodafone', 'موبايل إنترنت', 'الجيزة', 'الدقي', 'ضعف التغطية في أول يوم عمل', NULL, NULL, 'pending', NULL, NULL, 'normal', NULL, 'معلقة', 'فحص البرج', 'تغطية وشبكات', '2022-05-02 21:00:00'),
(123, 10, NULL, 'أورانج - Orange', 'فواتير', 'الإسكندرية', 'ميامي', 'مشكلة في تحصيل فاتورة الاثنين', NULL, NULL, 'pending', NULL, NULL, 'normal', NULL, 'تم الحل', 'رد الرصيد', 'تغطية وشبكات', '2022-08-27 21:00:00'),
(124, 20, NULL, 'اتصالات - Etisalat', 'خدمة عملاء', 'الدقهلية', 'أجا', 'تأخير غير مقبول يوم الاثنين', NULL, NULL, 'pending', NULL, NULL, 'normal', NULL, 'جديدة', '', 'تغطية وشبكات', '2022-04-08 22:00:00'),
(125, 30, NULL, 'وي - We', 'خط أرضي', 'الغربية', 'طنطا', 'انقطاع الحرارة يوم الثلاثاء فجأة', NULL, NULL, 'pending', NULL, NULL, 'normal', NULL, 'معلقة', 'صيانة كابينة', 'أعطال إنترنت', '2022-05-20 21:00:00'),
(126, 40, NULL, 'فودافون - Vodafone', 'إنترنت هوائي', 'الشرقية', 'الزقازيق', 'الجهاز بيفصل داتا كل يوم ثلاثاء', NULL, NULL, 'pending', NULL, NULL, 'normal', NULL, 'تم الحل', 'تحديث سوفت', 'أعطال إنترنت', '2022-02-10 22:00:00'),
(127, 50, NULL, 'أورانج - Orange', 'إنترنت منزلي', 'الفيوم', 'سنورس', 'النت بطيء جداً وقت ذروة الأربعاء', NULL, NULL, 'pending', NULL, NULL, 'normal', NULL, 'جديدة', '', 'أعطال إنترنت', '2022-05-31 21:00:00'),
(128, 60, NULL, 'اتصالات - Etisalat', 'موبايل إنترنت', 'قنا', 'نجع حمادي', 'سحب رصيد بدون سبب يوم الأربعاء', NULL, NULL, 'pending', NULL, NULL, 'normal', NULL, 'معلقة', 'مراجعة حسابات', 'استفسارات', '2022-09-22 21:00:00'),
(129, 100, NULL, 'وي - We', 'خدمات أخرى', 'مطروح', 'سيوة', 'مشكلة في تفعيل الرومينج قبل السفر الخميس', NULL, NULL, 'pending', NULL, NULL, 'normal', NULL, 'تم الحل', 'تفعيل يدوي', 'تغطية وشبكات', '2022-05-25 21:00:00'),
(130, 150, NULL, 'فودافون - Vodafone', 'فواتير', 'بورسعيد', 'بورفؤاد', 'خطأ في فاتورة الخميس المتأخرة', NULL, NULL, 'pending', NULL, NULL, 'normal', NULL, 'جديدة', '', 'تغطية وشبكات', '2022-10-23 21:00:00'),
(131, 200, NULL, 'أورانج - Orange', 'إنترنت منزلي', 'المنوفية', 'شبين', 'انقطاع النت وقت صلاة الجمعة', NULL, NULL, 'pending', NULL, NULL, 'normal', NULL, 'معلقة', 'فحص السنترال', 'أعطال إنترنت', '2022-11-11 22:00:00'),
(132, 240, NULL, 'اتصالات - Etisalat', 'موبايل إنترنت', 'السويس', 'بور توفيق', 'الشبكة تضعف في رحلات السبت', NULL, NULL, 'pending', NULL, NULL, 'normal', NULL, 'تم الحل', 'تغطية إضافية', 'تغطية وشبكات', '2022-11-17 22:00:00'),
(133, 1, NULL, 'وي - We', 'إنترنت منزلي', 'القاهرة', 'المعادي', 'عطل فني متكرر من يوم الأحد', NULL, NULL, 'pending', NULL, NULL, 'normal', NULL, 'جديدة', '', 'أعطال إنترنت', '2022-10-23 21:00:00'),
(134, 5, NULL, 'فودافون - Vodafone', 'موبايل إنترنت', 'الجيزة', 'الدقي', 'ضعف التغطية في أول يوم عمل', NULL, NULL, 'pending', NULL, NULL, 'normal', NULL, 'معلقة', 'فحص البرج', 'تغطية وشبكات', '2022-05-31 21:00:00'),
(135, 10, NULL, 'أورانج - Orange', 'فواتير', 'الإسكندرية', 'ميامي', 'مشكلة في تحصيل فاتورة الاثنين', NULL, NULL, 'pending', NULL, NULL, 'normal', NULL, 'تم الحل', 'رد الرصيد', 'تغطية وشبكات', '2022-08-22 21:00:00'),
(136, 20, NULL, 'اتصالات - Etisalat', 'خدمة عملاء', 'الدقهلية', 'أجا', 'تأخير غير مقبول يوم الاثنين', NULL, NULL, 'pending', NULL, NULL, 'normal', NULL, 'جديدة', '', 'تغطية وشبكات', '2022-12-19 22:00:00'),
(137, 30, NULL, 'وي - We', 'خط أرضي', 'الغربية', 'طنطا', 'انقطاع الحرارة يوم الثلاثاء فجأة', NULL, NULL, 'pending', NULL, NULL, 'normal', NULL, 'معلقة', 'صيانة كابينة', 'أعطال إنترنت', '2022-11-29 22:00:00'),
(138, 40, NULL, 'فودافون - Vodafone', 'إنترنت هوائي', 'الشرقية', 'الزقازيق', 'الجهاز بيفصل داتا كل يوم ثلاثاء', NULL, NULL, 'pending', NULL, NULL, 'normal', NULL, 'تم الحل', 'تحديث سوفت', 'أعطال إنترنت', '2022-08-29 21:00:00'),
(139, 50, NULL, 'أورانج - Orange', 'إنترنت منزلي', 'الفيوم', 'سنورس', 'النت بطيء جداً وقت ذروة الأربعاء', NULL, NULL, 'pending', NULL, NULL, 'normal', NULL, 'جديدة', '', 'أعطال إنترنت', '2022-07-27 21:00:00'),
(140, 60, NULL, 'اتصالات - Etisalat', 'موبايل إنترنت', 'قنا', 'نجع حمادي', 'سحب رصيد بدون سبب يوم الأربعاء', NULL, NULL, 'pending', NULL, NULL, 'normal', NULL, 'معلقة', 'مراجعة حسابات', 'استفسارات', '2022-11-13 22:00:00'),
(141, 100, NULL, 'وي - We', 'خدمات أخرى', 'مطروح', 'سيوة', 'مشكلة في تفعيل الرومينج قبل السفر الخميس', NULL, NULL, 'pending', NULL, NULL, 'normal', NULL, 'تم الحل', 'تفعيل يدوي', 'تغطية وشبكات', '2022-08-19 21:00:00'),
(142, 150, NULL, 'فودافون - Vodafone', 'فواتير', 'بورسعيد', 'بورفؤاد', 'خطأ في فاتورة الخميس المتأخرة', NULL, NULL, 'pending', NULL, NULL, 'normal', NULL, 'جديدة', '', 'تغطية وشبكات', '2022-07-23 21:00:00'),
(143, 200, NULL, 'أورانج - Orange', 'إنترنت منزلي', 'المنوفية', 'شبين', 'انقطاع النت وقت صلاة الجمعة', NULL, NULL, 'pending', NULL, NULL, 'normal', NULL, 'معلقة', 'فحص السنترال', 'أعطال إنترنت', '2022-11-23 22:00:00'),
(144, 240, NULL, 'اتصالات - Etisalat', 'موبايل إنترنت', 'السويس', 'بور توفيق', 'الشبكة تضعف في رحلات السبت', NULL, NULL, 'pending', NULL, NULL, 'normal', NULL, 'تم الحل', 'تغطية إضافية', 'تغطية وشبكات', '2022-10-22 21:00:00'),
(145, 1, NULL, 'وي - We', 'إنترنت منزلي', 'القاهرة', 'المعادي', 'عطل فني متكرر من يوم الأحد', NULL, NULL, 'pending', NULL, NULL, 'normal', NULL, 'جديدة', '', 'أعطال إنترنت', '2022-05-11 21:00:00'),
(146, 5, NULL, 'فودافون - Vodafone', 'موبايل إنترنت', 'الجيزة', 'الدقي', 'ضعف التغطية في أول يوم عمل', NULL, NULL, 'pending', NULL, NULL, 'normal', NULL, 'معلقة', 'فحص البرج', 'تغطية وشبكات', '2022-05-14 21:00:00'),
(147, 10, NULL, 'أورانج - Orange', 'فواتير', 'الإسكندرية', 'ميامي', 'مشكلة في تحصيل فاتورة الاثنين', NULL, NULL, 'pending', NULL, NULL, 'normal', NULL, 'تم الحل', 'رد الرصيد', 'تغطية وشبكات', '2022-10-04 21:00:00'),
(148, 20, NULL, 'اتصالات - Etisalat', 'خدمة عملاء', 'الدقهلية', 'أجا', 'تأخير غير مقبول يوم الاثنين', NULL, NULL, 'pending', NULL, NULL, 'normal', NULL, 'جديدة', '', 'تغطية وشبكات', '2022-09-12 21:00:00'),
(149, 30, NULL, 'وي - We', 'خط أرضي', 'الغربية', 'طنطا', 'انقطاع الحرارة يوم الثلاثاء فجأة', NULL, NULL, 'pending', NULL, NULL, 'normal', NULL, 'معلقة', 'صيانة كابينة', 'أعطال إنترنت', '2022-03-20 22:00:00'),
(150, 40, NULL, 'فودافون - Vodafone', 'إنترنت هوائي', 'الشرقية', 'الزقازيق', 'الجهاز بيفصل داتا كل يوم ثلاثاء', NULL, NULL, 'pending', NULL, NULL, 'normal', NULL, 'تم الحل', 'تحديث سوفت', 'أعطال إنترنت', '2022-12-28 22:00:00'),
(151, 50, NULL, 'أورانج - Orange', 'إنترنت منزلي', 'الفيوم', 'سنورس', 'النت بطيء جداً وقت ذروة الأربعاء', NULL, NULL, 'pending', NULL, NULL, 'normal', NULL, 'جديدة', '', 'أعطال إنترنت', '2023-08-14 21:00:00'),
(152, 60, NULL, 'اتصالات - Etisalat', 'موبايل إنترنت', 'قنا', 'نجع حمادي', 'سحب رصيد بدون سبب يوم الأربعاء', NULL, NULL, 'pending', NULL, NULL, 'normal', NULL, 'معلقة', 'مراجعة حسابات', 'استفسارات', '2024-02-19 22:00:00'),
(153, 100, NULL, 'وي - We', 'خدمات أخرى', 'مطروح', 'سيوة', 'مشكلة في تفعيل الرومينج قبل السفر الخميس', NULL, NULL, 'pending', NULL, NULL, 'normal', NULL, 'تم الحل', 'تفعيل يدوي', 'تغطية وشبكات', '2024-10-28 21:00:00'),
(154, 150, NULL, 'فودافون - Vodafone', 'فواتير', 'بورسعيد', 'بورفؤاد', 'خطأ في فاتورة الخميس المتأخرة', NULL, NULL, 'pending', NULL, NULL, 'normal', NULL, 'جديدة', '', 'تغطية وشبكات', '2024-09-22 21:00:00'),
(155, 200, NULL, 'أورانج - Orange', 'إنترنت منزلي', 'المنوفية', 'شبين', 'انقطاع النت وقت صلاة الجمعة', NULL, NULL, 'pending', NULL, NULL, 'normal', NULL, 'معلقة', 'فحص السنترال', 'أعطال إنترنت', '2024-02-27 22:00:00'),
(156, 240, NULL, 'اتصالات - Etisalat', 'موبايل إنترنت', 'السويس', 'بور توفيق', 'الشبكة تضعف في رحلات السبت', NULL, NULL, 'pending', NULL, NULL, 'normal', NULL, 'تم الحل', 'تغطية إضافية', 'تغطية وشبكات', '2023-08-11 21:00:00'),
(157, 1, NULL, 'وي - We', 'إنترنت منزلي', 'القاهرة', 'المعادي', 'عطل فني متكرر من يوم الأحد', NULL, NULL, 'pending', NULL, NULL, 'normal', NULL, 'جديدة', '', 'أعطال إنترنت', '2024-07-30 21:00:00'),
(158, 5, NULL, 'فودافون - Vodafone', 'موبايل إنترنت', 'الجيزة', 'الدقي', 'ضعف التغطية في أول يوم عمل', NULL, NULL, 'pending', NULL, NULL, 'normal', NULL, 'معلقة', 'فحص البرج', 'تغطية وشبكات', '2023-01-28 22:00:00'),
(159, 10, NULL, 'أورانج - Orange', 'فواتير', 'الإسكندرية', 'ميامي', 'مشكلة في تحصيل فاتورة الاثنين', NULL, NULL, 'pending', NULL, NULL, 'normal', NULL, 'تم الحل', 'رد الرصيد', 'تغطية وشبكات', '2024-08-20 21:00:00'),
(160, 20, NULL, 'اتصالات - Etisalat', 'خدمة عملاء', 'الدقهلية', 'أجا', 'تأخير غير مقبول يوم الاثنين', NULL, NULL, 'pending', NULL, NULL, 'normal', NULL, 'جديدة', '', 'تغطية وشبكات', '2024-12-18 22:00:00'),
(161, 30, NULL, 'وي - We', 'خط أرضي', 'الغربية', 'طنطا', 'انقطاع الحرارة يوم الثلاثاء فجأة', NULL, NULL, 'pending', NULL, NULL, 'normal', NULL, 'معلقة', 'صيانة كابينة', 'أعطال إنترنت', '2023-12-03 22:00:00'),
(162, 40, NULL, 'فودافون - Vodafone', 'إنترنت هوائي', 'الشرقية', 'الزقازيق', 'الجهاز بيفصل داتا كل يوم ثلاثاء', NULL, NULL, 'pending', NULL, NULL, 'normal', NULL, 'تم الحل', 'تحديث سوفت', 'أعطال إنترنت', '2023-09-19 21:00:00'),
(163, 50, NULL, 'أورانج - Orange', 'إنترنت منزلي', 'الفيوم', 'سنورس', 'النت بطيء جداً وقت ذروة الأربعاء', NULL, NULL, 'pending', NULL, NULL, 'normal', NULL, 'جديدة', '', 'أعطال إنترنت', '2023-10-25 21:00:00'),
(164, 60, NULL, 'اتصالات - Etisalat', 'موبايل إنترنت', 'قنا', 'نجع حمادي', 'سحب رصيد بدون سبب يوم الأربعاء', NULL, NULL, 'pending', NULL, NULL, 'normal', NULL, 'معلقة', 'مراجعة حسابات', 'استفسارات', '2024-12-05 22:00:00'),
(165, 100, NULL, 'وي - We', 'خدمات أخرى', 'مطروح', 'سيوة', 'مشكلة في تفعيل الرومينج قبل السفر الخميس', NULL, NULL, 'pending', NULL, NULL, 'normal', NULL, 'تم الحل', 'تفعيل يدوي', 'تغطية وشبكات', '2024-03-16 22:00:00'),
(166, 150, NULL, 'فودافون - Vodafone', 'فواتير', 'بورسعيد', 'بورفؤاد', 'خطأ في فاتورة الخميس المتأخرة', NULL, NULL, 'pending', NULL, NULL, 'normal', NULL, 'جديدة', '', 'تغطية وشبكات', '2023-04-02 22:00:00'),
(167, 200, NULL, 'أورانج - Orange', 'إنترنت منزلي', 'المنوفية', 'شبين', 'انقطاع النت وقت صلاة الجمعة', NULL, NULL, 'pending', NULL, NULL, 'normal', NULL, 'معلقة', 'فحص السنترال', 'أعطال إنترنت', '2024-08-18 21:00:00'),
(168, 240, NULL, 'اتصالات - Etisalat', 'موبايل إنترنت', 'السويس', 'بور توفيق', 'الشبكة تضعف في رحلات السبت', NULL, NULL, 'pending', NULL, NULL, 'normal', NULL, 'تم الحل', 'تغطية إضافية', 'تغطية وشبكات', '2024-05-29 21:00:00'),
(169, 1, NULL, 'وي - We', 'إنترنت منزلي', 'القاهرة', 'المعادي', 'عطل فني متكرر من يوم الأحد', NULL, NULL, 'pending', NULL, NULL, 'normal', NULL, 'جديدة', '', 'أعطال إنترنت', '2023-02-27 22:00:00'),
(170, 5, NULL, 'فودافون - Vodafone', 'موبايل إنترنت', 'الجيزة', 'الدقي', 'ضعف التغطية في أول يوم عمل', NULL, NULL, 'pending', NULL, NULL, 'normal', NULL, 'معلقة', 'فحص البرج', 'تغطية وشبكات', '2023-07-23 21:00:00'),
(171, 10, NULL, 'أورانج - Orange', 'فواتير', 'الإسكندرية', 'ميامي', 'مشكلة في تحصيل فاتورة الاثنين', NULL, NULL, 'pending', NULL, NULL, 'normal', NULL, 'تم الحل', 'رد الرصيد', 'تغطية وشبكات', '2023-04-26 22:00:00'),
(172, 20, NULL, 'اتصالات - Etisalat', 'خدمة عملاء', 'الدقهلية', 'أجا', 'تأخير غير مقبول يوم الاثنين', NULL, NULL, 'pending', NULL, NULL, 'normal', NULL, 'جديدة', '', 'تغطية وشبكات', '2024-12-01 22:00:00'),
(173, 30, NULL, 'وي - We', 'خط أرضي', 'الغربية', 'طنطا', 'انقطاع الحرارة يوم الثلاثاء فجأة', NULL, NULL, 'pending', NULL, NULL, 'normal', NULL, 'معلقة', 'صيانة كابينة', 'أعطال إنترنت', '2023-08-26 21:00:00'),
(174, 40, NULL, 'فودافون - Vodafone', 'إنترنت هوائي', 'الشرقية', 'الزقازيق', 'الجهاز بيفصل داتا كل يوم ثلاثاء', NULL, NULL, 'pending', NULL, NULL, 'normal', NULL, 'تم الحل', 'تحديث سوفت', 'أعطال إنترنت', '2024-06-30 21:00:00'),
(175, 50, NULL, 'أورانج - Orange', 'إنترنت منزلي', 'الفيوم', 'سنورس', 'النت بطيء جداً وقت ذروة الأربعاء', NULL, NULL, 'pending', NULL, NULL, 'normal', NULL, 'جديدة', '', 'أعطال إنترنت', '2024-07-13 21:00:00'),
(176, 60, NULL, 'اتصالات - Etisalat', 'موبايل إنترنت', 'قنا', 'نجع حمادي', 'سحب رصيد بدون سبب يوم الأربعاء', NULL, NULL, 'pending', NULL, NULL, 'normal', NULL, 'معلقة', 'مراجعة حسابات', 'استفسارات', '2024-03-06 22:00:00'),
(177, 100, NULL, 'وي - We', 'خدمات أخرى', 'مطروح', 'سيوة', 'مشكلة في تفعيل الرومينج قبل السفر الخميس', NULL, NULL, 'pending', NULL, NULL, 'normal', NULL, 'تم الحل', 'تفعيل يدوي', 'تغطية وشبكات', '2024-04-19 22:00:00'),
(178, 150, NULL, 'فودافون - Vodafone', 'فواتير', 'بورسعيد', 'بورفؤاد', 'خطأ في فاتورة الخميس المتأخرة', NULL, NULL, 'pending', NULL, NULL, 'normal', NULL, 'جديدة', '', 'تغطية وشبكات', '2023-12-18 22:00:00'),
(179, 200, NULL, 'أورانج - Orange', 'إنترنت منزلي', 'المنوفية', 'شبين', 'انقطاع النت وقت صلاة الجمعة', NULL, NULL, 'pending', NULL, NULL, 'normal', NULL, 'معلقة', 'فحص السنترال', 'أعطال إنترنت', '2023-12-02 22:00:00'),
(180, 240, NULL, 'اتصالات - Etisalat', 'موبايل إنترنت', 'السويس', 'بور توفيق', 'الشبكة تضعف في رحلات السبت', NULL, NULL, 'pending', NULL, NULL, 'normal', NULL, 'تم الحل', 'تغطية إضافية', 'تغطية وشبكات', '2024-09-15 21:00:00'),
(181, 1, NULL, 'وي - We', 'إنترنت منزلي', 'القاهرة', 'المعادي', 'عطل فني متكرر من يوم الأحد', NULL, NULL, 'pending', NULL, NULL, 'normal', NULL, 'جديدة', '', 'أعطال إنترنت', '2024-10-15 21:00:00'),
(182, 5, NULL, 'فودافون - Vodafone', 'موبايل إنترنت', 'الجيزة', 'الدقي', 'ضعف التغطية في أول يوم عمل', NULL, NULL, 'pending', NULL, NULL, 'normal', NULL, 'معلقة', 'فحص البرج', 'تغطية وشبكات', '2024-10-29 21:00:00'),
(183, 10, NULL, 'أورانج - Orange', 'فواتير', 'الإسكندرية', 'ميامي', 'مشكلة في تحصيل فاتورة الاثنين', NULL, NULL, 'pending', NULL, NULL, 'normal', NULL, 'تم الحل', 'رد الرصيد', 'تغطية وشبكات', '2024-10-10 21:00:00'),
(184, 20, NULL, 'اتصالات - Etisalat', 'خدمة عملاء', 'الدقهلية', 'أجا', 'تأخير غير مقبول يوم الاثنين', NULL, NULL, 'pending', NULL, NULL, 'normal', NULL, 'جديدة', '', 'تغطية وشبكات', '2024-05-24 21:00:00'),
(185, 30, NULL, 'وي - We', 'خط أرضي', 'الغربية', 'طنطا', 'انقطاع الحرارة يوم الثلاثاء فجأة', NULL, NULL, 'pending', NULL, NULL, 'normal', NULL, 'معلقة', 'صيانة كابينة', 'أعطال إنترنت', '2024-08-25 21:00:00'),
(186, 40, NULL, 'فودافون - Vodafone', 'إنترنت هوائي', 'الشرقية', 'الزقازيق', 'الجهاز بيفصل داتا كل يوم ثلاثاء', NULL, NULL, 'pending', NULL, NULL, 'normal', NULL, 'تم الحل', 'تحديث سوفت', 'أعطال إنترنت', '2023-01-27 22:00:00'),
(187, 50, NULL, 'أورانج - Orange', 'إنترنت منزلي', 'الفيوم', 'سنورس', 'النت بطيء جداً وقت ذروة الأربعاء', NULL, NULL, 'pending', NULL, NULL, 'normal', NULL, 'جديدة', '', 'أعطال إنترنت', '2024-05-28 21:00:00'),
(188, 60, NULL, 'اتصالات - Etisalat', 'موبايل إنترنت', 'قنا', 'نجع حمادي', 'سحب رصيد بدون سبب يوم الأربعاء', NULL, NULL, 'pending', NULL, NULL, 'normal', NULL, 'معلقة', 'مراجعة حسابات', 'استفسارات', '2023-10-28 22:00:00'),
(189, 100, NULL, 'وي - We', 'خدمات أخرى', 'مطروح', 'سيوة', 'مشكلة في تفعيل الرومينج قبل السفر الخميس', NULL, NULL, 'pending', NULL, NULL, 'normal', NULL, 'تم الحل', 'تفعيل يدوي', 'تغطية وشبكات', '2024-11-25 22:00:00'),
(190, 150, NULL, 'فودافون - Vodafone', 'فواتير', 'بورسعيد', 'بورفؤاد', 'خطأ في فاتورة الخميس المتأخرة', NULL, NULL, 'pending', NULL, NULL, 'normal', NULL, 'جديدة', '', 'تغطية وشبكات', '2024-01-15 22:00:00'),
(191, 200, NULL, 'أورانج - Orange', 'إنترنت منزلي', 'المنوفية', 'شبين', 'انقطاع النت وقت صلاة الجمعة', NULL, NULL, 'pending', NULL, NULL, 'normal', NULL, 'معلقة', 'فحص السنترال', 'أعطال إنترنت', '2024-07-02 21:00:00'),
(192, 240, NULL, 'اتصالات - Etisalat', 'موبايل إنترنت', 'السويس', 'بور توفيق', 'الشبكة تضعف في رحلات السبت', NULL, NULL, 'pending', NULL, NULL, 'normal', NULL, 'تم الحل', 'تغطية إضافية', 'تغطية وشبكات', '2023-05-22 21:00:00'),
(193, 10, NULL, 'وي - We', 'إنترنت منزلي', 'القاهرة', 'المعادي', 'عطل في الشبكة من يوم الأحد صباحاً', NULL, NULL, 'pending', NULL, NULL, 'normal', NULL, 'جديدة', NULL, 'تغطية وشبكات', '2024-06-06 21:00:00'),
(194, 25, NULL, 'فودافون - Vodafone', 'موبايل إنترنت', 'الجيزة', 'فيصل', 'النت بيفصل وقت الشغل يوم الأحد', NULL, NULL, 'pending', NULL, NULL, 'normal', NULL, 'معلقة', NULL, 'أعطال إنترنت', '2023-01-01 22:00:00'),
(195, 50, NULL, 'أورانج - Orange', 'فواتير', 'الإسكندرية', 'ميامي', 'مشكلة في دفع الفاتورة يوم الاثنين', NULL, NULL, 'pending', NULL, NULL, 'normal', NULL, 'تم الحل', NULL, 'تغطية وشبكات', '2024-09-16 21:00:00'),
(196, 75, NULL, 'اتصالات - Etisalat', 'خدمة عملاء', 'الدقهلية', 'المنصورة', 'الموظف لم يرد على الشكوى يوم الاثنين', NULL, NULL, 'pending', NULL, NULL, 'normal', NULL, 'جديدة', NULL, 'استفسارات', '2023-07-24 21:00:00'),
(197, 100, NULL, 'وي - We', 'خط أرضي', 'الشرقية', 'الزقازيق', 'حرارة التليفون مقطوعة يوم الثلاثاء', NULL, NULL, 'pending', NULL, NULL, 'normal', NULL, 'معلقة', NULL, 'أعطال إنترنت', '2024-08-30 21:00:00'),
(198, 125, NULL, 'فودافون - Vodafone', 'إنترنت هوائي', 'الغربية', 'طنطا', 'الجهاز لا يعمل منذ الثلاثاء الماضي', NULL, NULL, 'pending', NULL, NULL, 'normal', NULL, 'تم الحل', NULL, 'أعطال إنترنت', '2023-08-24 21:00:00'),
(199, 150, NULL, 'أورانج - Orange', 'إنترنت منزلي', 'الفيوم', 'سنورس', 'بطء شديد في الخدمة يوم الأربعاء', NULL, NULL, 'pending', NULL, NULL, 'normal', NULL, 'جديدة', NULL, 'تغطية وشبكات', '2023-03-27 22:00:00'),
(200, 200, NULL, 'اتصالات - Etisalat', 'فواتير', 'قنا', 'قفط', 'سحب رصيد بدون سبب يوم الأربعاء', NULL, NULL, 'pending', NULL, NULL, 'normal', NULL, 'معلقة', NULL, 'استفسارات', '2024-03-26 22:00:00'),
(201, 10, NULL, 'وي - We', 'إنترنت منزلي', 'القاهرة', 'المعادي', 'عطل في الشبكة من يوم الأحد صباحاً', NULL, NULL, 'pending', NULL, NULL, 'normal', NULL, 'جديدة', NULL, 'تغطية وشبكات', '2024-06-24 21:00:00'),
(202, 25, NULL, 'فودافون - Vodafone', 'موبايل إنترنت', 'الجيزة', 'فيصل', 'النت بيفصل وقت الشغل يوم الأحد', NULL, NULL, 'pending', NULL, NULL, 'normal', NULL, 'معلقة', NULL, 'أعطال إنترنت', '2024-09-11 21:00:00'),
(203, 50, NULL, 'أورانج - Orange', 'فواتير', 'الإسكندرية', 'ميامي', 'مشكلة في دفع الفاتورة يوم الاثنين', NULL, NULL, 'pending', NULL, NULL, 'normal', NULL, 'تم الحل', NULL, 'تغطية وشبكات', '2023-01-20 22:00:00'),
(204, 75, NULL, 'اتصالات - Etisalat', 'خدمة عملاء', 'الدقهلية', 'المنصورة', 'الموظف لم يرد على الشكوى يوم الاثنين', NULL, NULL, 'pending', NULL, NULL, 'normal', NULL, 'جديدة', NULL, 'استفسارات', '2024-03-04 22:00:00'),
(205, 100, NULL, 'وي - We', 'خط أرضي', 'الشرقية', 'الزقازيق', 'حرارة التليفون مقطوعة يوم الثلاثاء', NULL, NULL, 'pending', NULL, NULL, 'normal', NULL, 'معلقة', NULL, 'أعطال إنترنت', '2024-09-19 21:00:00'),
(206, 125, NULL, 'فودافون - Vodafone', 'إنترنت هوائي', 'الغربية', 'طنطا', 'الجهاز لا يعمل منذ الثلاثاء الماضي', NULL, NULL, 'pending', NULL, NULL, 'normal', NULL, 'تم الحل', NULL, 'أعطال إنترنت', '2024-01-25 22:00:00'),
(207, 150, NULL, 'أورانج - Orange', 'إنترنت منزلي', 'الفيوم', 'سنورس', 'بطء شديد في الخدمة يوم الأربعاء', NULL, NULL, 'pending', NULL, NULL, 'normal', NULL, 'جديدة', NULL, 'تغطية وشبكات', '2023-03-08 22:00:00'),
(208, 200, NULL, 'اتصالات - Etisalat', 'فواتير', 'قنا', 'قفط', 'سحب رصيد بدون سبب يوم الأربعاء', NULL, NULL, 'pending', NULL, NULL, 'normal', NULL, 'معلقة', NULL, 'استفسارات', '2024-09-19 21:00:00'),
(209, 10, NULL, 'وي - We', 'إنترنت منزلي', 'القاهرة', 'المعادي', 'عطل في الشبكة من يوم الأحد صباحاً', NULL, NULL, 'pending', NULL, NULL, 'normal', NULL, 'جديدة', NULL, 'تغطية وشبكات', '2023-01-18 22:00:00'),
(210, 25, NULL, 'فودافون - Vodafone', 'موبايل إنترنت', 'الجيزة', 'فيصل', 'النت بيفصل وقت الشغل يوم الأحد', NULL, NULL, 'pending', NULL, NULL, 'normal', NULL, 'معلقة', NULL, 'أعطال إنترنت', '2024-02-02 22:00:00'),
(211, 50, NULL, 'أورانج - Orange', 'فواتير', 'الإسكندرية', 'ميامي', 'مشكلة في دفع الفاتورة يوم الاثنين', NULL, NULL, 'pending', NULL, NULL, 'normal', NULL, 'تم الحل', NULL, 'تغطية وشبكات', '2024-04-18 22:00:00'),
(212, 75, NULL, 'اتصالات - Etisalat', 'خدمة عملاء', 'الدقهلية', 'المنصورة', 'الموظف لم يرد على الشكوى يوم الاثنين', NULL, NULL, 'pending', NULL, NULL, 'normal', NULL, 'جديدة', NULL, 'استفسارات', '2024-03-23 22:00:00'),
(213, 100, NULL, 'وي - We', 'خط أرضي', 'الشرقية', 'الزقازيق', 'حرارة التليفون مقطوعة يوم الثلاثاء', NULL, NULL, 'pending', NULL, NULL, 'normal', NULL, 'معلقة', NULL, 'أعطال إنترنت', '2023-03-31 22:00:00'),
(214, 125, NULL, 'فودافون - Vodafone', 'إنترنت هوائي', 'الغربية', 'طنطا', 'الجهاز لا يعمل منذ الثلاثاء الماضي', NULL, NULL, 'pending', NULL, NULL, 'normal', NULL, 'تم الحل', NULL, 'أعطال إنترنت', '2024-07-18 21:00:00'),
(215, 150, NULL, 'أورانج - Orange', 'إنترنت منزلي', 'الفيوم', 'سنورس', 'بطء شديد في الخدمة يوم الأربعاء', NULL, NULL, 'pending', NULL, NULL, 'normal', NULL, 'جديدة', NULL, 'تغطية وشبكات', '2023-12-30 22:00:00'),
(216, 200, NULL, 'اتصالات - Etisalat', 'فواتير', 'قنا', 'قفط', 'سحب رصيد بدون سبب يوم الأربعاء', NULL, NULL, 'pending', NULL, NULL, 'normal', NULL, 'معلقة', NULL, 'استفسارات', '2023-05-08 21:00:00'),
(217, 10, NULL, 'وي - We', 'إنترنت منزلي', 'القاهرة', 'المعادي', 'عطل في الشبكة من يوم الأحد صباحاً', NULL, NULL, 'pending', NULL, NULL, 'normal', NULL, 'جديدة', NULL, 'تغطية وشبكات', '2023-10-03 21:00:00'),
(218, 25, NULL, 'فودافون - Vodafone', 'موبايل إنترنت', 'الجيزة', 'فيصل', 'النت بيفصل وقت الشغل يوم الأحد', NULL, NULL, 'pending', NULL, NULL, 'normal', NULL, 'معلقة', NULL, 'أعطال إنترنت', '2023-09-24 21:00:00'),
(219, 50, NULL, 'أورانج - Orange', 'فواتير', 'الإسكندرية', 'ميامي', 'مشكلة في دفع الفاتورة يوم الاثنين', NULL, NULL, 'pending', NULL, NULL, 'normal', NULL, 'تم الحل', NULL, 'تغطية وشبكات', '2024-05-21 21:00:00'),
(220, 75, NULL, 'اتصالات - Etisalat', 'خدمة عملاء', 'الدقهلية', 'المنصورة', 'الموظف لم يرد على الشكوى يوم الاثنين', NULL, NULL, 'pending', NULL, NULL, 'normal', NULL, 'جديدة', NULL, 'استفسارات', '2023-09-30 21:00:00'),
(221, 100, NULL, 'وي - We', 'خط أرضي', 'الشرقية', 'الزقازيق', 'حرارة التليفون مقطوعة يوم الثلاثاء', NULL, NULL, 'pending', NULL, NULL, 'normal', NULL, 'معلقة', NULL, 'أعطال إنترنت', '2024-07-29 21:00:00'),
(222, 125, NULL, 'فودافون - Vodafone', 'إنترنت هوائي', 'الغربية', 'طنطا', 'الجهاز لا يعمل منذ الثلاثاء الماضي', NULL, NULL, 'pending', NULL, NULL, 'normal', NULL, 'تم الحل', NULL, 'أعطال إنترنت', '2024-08-25 21:00:00'),
(223, 150, NULL, 'أورانج - Orange', 'إنترنت منزلي', 'الفيوم', 'سنورس', 'بطء شديد في الخدمة يوم الأربعاء', NULL, NULL, 'pending', NULL, NULL, 'normal', NULL, 'جديدة', NULL, 'تغطية وشبكات', '2024-07-08 21:00:00'),
(224, 200, NULL, 'اتصالات - Etisalat', 'فواتير', 'قنا', 'قفط', 'سحب رصيد بدون سبب يوم الأربعاء', NULL, NULL, 'pending', NULL, NULL, 'normal', NULL, 'معلقة', NULL, 'استفسارات', '2023-08-27 21:00:00'),
(225, 10, NULL, 'وي - We', 'إنترنت منزلي', 'القاهرة', 'المعادي', 'عطل في الشبكة من يوم الأحد صباحاً', NULL, NULL, 'pending', NULL, NULL, 'normal', NULL, 'جديدة', NULL, 'تغطية وشبكات', '2023-09-17 21:00:00'),
(226, 25, NULL, 'فودافون - Vodafone', 'موبايل إنترنت', 'الجيزة', 'فيصل', 'النت بيفصل وقت الشغل يوم الأحد', NULL, NULL, 'pending', NULL, NULL, 'normal', NULL, 'معلقة', NULL, 'أعطال إنترنت', '2024-08-03 21:00:00'),
(227, 50, NULL, 'أورانج - Orange', 'فواتير', 'الإسكندرية', 'ميامي', 'مشكلة في دفع الفاتورة يوم الاثنين', NULL, NULL, 'pending', NULL, NULL, 'normal', NULL, 'تم الحل', NULL, 'تغطية وشبكات', '2024-10-28 21:00:00'),
(228, 75, NULL, 'اتصالات - Etisalat', 'خدمة عملاء', 'الدقهلية', 'المنصورة', 'الموظف لم يرد على الشكوى يوم الاثنين', NULL, NULL, 'pending', NULL, NULL, 'normal', NULL, 'جديدة', NULL, 'استفسارات', '2023-05-14 21:00:00'),
(229, 100, NULL, 'وي - We', 'خط أرضي', 'الشرقية', 'الزقازيق', 'حرارة التليفون مقطوعة يوم الثلاثاء', NULL, NULL, 'pending', NULL, NULL, 'normal', NULL, 'معلقة', NULL, 'أعطال إنترنت', '2023-05-08 21:00:00'),
(230, 125, NULL, 'فودافون - Vodafone', 'إنترنت هوائي', 'الغربية', 'طنطا', 'الجهاز لا يعمل منذ الثلاثاء الماضي', NULL, NULL, 'pending', NULL, NULL, 'normal', NULL, 'تم الحل', NULL, 'أعطال إنترنت', '2023-08-27 21:00:00'),
(231, 150, NULL, 'أورانج - Orange', 'إنترنت منزلي', 'الفيوم', 'سنورس', 'بطء شديد في الخدمة يوم الأربعاء', NULL, NULL, 'pending', NULL, NULL, 'normal', NULL, 'جديدة', NULL, 'تغطية وشبكات', '2023-03-24 22:00:00'),
(232, 200, NULL, 'اتصالات - Etisalat', 'فواتير', 'قنا', 'قفط', 'سحب رصيد بدون سبب يوم الأربعاء', NULL, NULL, 'pending', NULL, NULL, 'normal', NULL, 'معلقة', NULL, 'استفسارات', '2024-03-02 22:00:00'),
(233, 10, NULL, 'وي - We', 'إنترنت منزلي', 'القاهرة', 'المعادي', 'عطل في الشبكة من يوم الأحد صباحاً', NULL, NULL, 'pending', NULL, NULL, 'normal', NULL, 'جديدة', NULL, 'تغطية وشبكات', '2024-02-29 22:00:00'),
(234, 25, NULL, 'فودافون - Vodafone', 'موبايل إنترنت', 'الجيزة', 'فيصل', 'النت بيفصل وقت الشغل يوم الأحد', NULL, NULL, 'pending', NULL, NULL, 'normal', NULL, 'معلقة', NULL, 'أعطال إنترنت', '2023-04-25 22:00:00');
INSERT INTO `complaints` (`id`, `customer_id`, `support_id`, `company_name`, `service_type`, `governorate`, `location`, `description`, `complaint_phone`, `landline`, `customer_approval`, `rejection_reason`, `approval_requested_at`, `escalation_level`, `image_path`, `status`, `admin_reply`, `ai_category`, `created_at`) VALUES
(235, 50, NULL, 'أورانج - Orange', 'فواتير', 'الإسكندرية', 'ميامي', 'مشكلة في دفع الفاتورة يوم الاثنين', NULL, NULL, 'pending', NULL, NULL, 'normal', NULL, 'تم الحل', NULL, 'تغطية وشبكات', '2023-01-30 22:00:00'),
(236, 75, NULL, 'اتصالات - Etisalat', 'خدمة عملاء', 'الدقهلية', 'المنصورة', 'الموظف لم يرد على الشكوى يوم الاثنين', NULL, NULL, 'pending', NULL, NULL, 'normal', NULL, 'جديدة', NULL, 'استفسارات', '2024-06-17 21:00:00'),
(237, 100, NULL, 'وي - We', 'خط أرضي', 'الشرقية', 'الزقازيق', 'حرارة التليفون مقطوعة يوم الثلاثاء', NULL, NULL, 'pending', NULL, NULL, 'normal', NULL, 'معلقة', NULL, 'أعطال إنترنت', '2024-01-29 22:00:00'),
(238, 125, NULL, 'فودافون - Vodafone', 'إنترنت هوائي', 'الغربية', 'طنطا', 'الجهاز لا يعمل منذ الثلاثاء الماضي', NULL, NULL, 'pending', NULL, NULL, 'normal', NULL, 'تم الحل', NULL, 'أعطال إنترنت', '2024-01-02 22:00:00'),
(239, 150, NULL, 'أورانج - Orange', 'إنترنت منزلي', 'الفيوم', 'سنورس', 'بطء شديد في الخدمة يوم الأربعاء', NULL, NULL, 'pending', NULL, NULL, 'normal', NULL, 'جديدة', NULL, 'تغطية وشبكات', '2024-10-15 21:00:00'),
(240, 200, NULL, 'اتصالات - Etisalat', 'فواتير', 'قنا', 'قفط', 'سحب رصيد بدون سبب يوم الأربعاء', NULL, NULL, 'pending', NULL, NULL, 'normal', NULL, 'معلقة', NULL, 'استفسارات', '2024-12-11 22:00:00'),
(241, 10, NULL, 'وي - We', 'إنترنت منزلي', 'القاهرة', 'المعادي', 'عطل في الشبكة من يوم الأحد صباحاً', NULL, NULL, 'pending', NULL, NULL, 'normal', NULL, 'جديدة', NULL, 'تغطية وشبكات', '2023-05-13 21:00:00'),
(242, 25, NULL, 'فودافون - Vodafone', 'موبايل إنترنت', 'الجيزة', 'فيصل', 'النت بيفصل وقت الشغل يوم الأحد', NULL, NULL, 'pending', NULL, NULL, 'normal', NULL, 'معلقة', NULL, 'أعطال إنترنت', '2024-12-21 22:00:00'),
(243, 50, NULL, 'أورانج - Orange', 'فواتير', 'الإسكندرية', 'ميامي', 'مشكلة في دفع الفاتورة يوم الاثنين', NULL, NULL, 'pending', NULL, NULL, 'normal', NULL, 'تم الحل', NULL, 'تغطية وشبكات', '2023-10-16 21:00:00'),
(244, 75, NULL, 'اتصالات - Etisalat', 'خدمة عملاء', 'الدقهلية', 'المنصورة', 'الموظف لم يرد على الشكوى يوم الاثنين', NULL, NULL, 'pending', NULL, NULL, 'normal', NULL, 'جديدة', NULL, 'استفسارات', '2023-01-13 22:00:00'),
(245, 100, NULL, 'وي - We', 'خط أرضي', 'الشرقية', 'الزقازيق', 'حرارة التليفون مقطوعة يوم الثلاثاء', NULL, NULL, 'pending', NULL, NULL, 'normal', NULL, 'معلقة', NULL, 'أعطال إنترنت', '2024-10-16 21:00:00'),
(246, 125, NULL, 'فودافون - Vodafone', 'إنترنت هوائي', 'الغربية', 'طنطا', 'الجهاز لا يعمل منذ الثلاثاء الماضي', NULL, NULL, 'pending', NULL, NULL, 'normal', NULL, 'تم الحل', NULL, 'أعطال إنترنت', '2023-11-15 22:00:00'),
(247, 150, NULL, 'أورانج - Orange', 'إنترنت منزلي', 'الفيوم', 'سنورس', 'بطء شديد في الخدمة يوم الأربعاء', NULL, NULL, 'pending', NULL, NULL, 'normal', NULL, 'جديدة', NULL, 'تغطية وشبكات', '2023-12-26 22:00:00'),
(248, 200, NULL, 'اتصالات - Etisalat', 'فواتير', 'قنا', 'قفط', 'سحب رصيد بدون سبب يوم الأربعاء', NULL, NULL, 'pending', NULL, NULL, 'normal', NULL, 'معلقة', NULL, 'استفسارات', '2023-04-25 22:00:00'),
(249, 10, NULL, 'وي - We', 'إنترنت منزلي', 'القاهرة', 'المعادي', 'عطل في الشبكة من يوم الأحد صباحاً', NULL, NULL, 'pending', NULL, NULL, 'normal', NULL, 'جديدة', NULL, 'تغطية وشبكات', '2023-08-13 21:00:00'),
(250, 25, NULL, 'فودافون - Vodafone', 'موبايل إنترنت', 'الجيزة', 'فيصل', 'النت بيفصل وقت الشغل يوم الأحد', NULL, NULL, 'pending', NULL, NULL, 'normal', NULL, 'معلقة', NULL, 'أعطال إنترنت', '2023-02-19 22:00:00'),
(251, 50, NULL, 'أورانج - Orange', 'فواتير', 'الإسكندرية', 'ميامي', 'مشكلة في دفع الفاتورة يوم الاثنين', NULL, NULL, 'pending', NULL, NULL, 'normal', NULL, 'تم الحل', NULL, 'تغطية وشبكات', '2023-10-31 22:00:00'),
(252, 75, NULL, 'اتصالات - Etisalat', 'خدمة عملاء', 'الدقهلية', 'المنصورة', 'الموظف لم يرد على الشكوى يوم الاثنين', NULL, NULL, 'pending', NULL, NULL, 'normal', NULL, 'جديدة', NULL, 'استفسارات', '2024-10-05 21:00:00'),
(253, 100, NULL, 'وي - We', 'خط أرضي', 'الشرقية', 'الزقازيق', 'حرارة التليفون مقطوعة يوم الثلاثاء', NULL, NULL, 'pending', NULL, NULL, 'normal', NULL, 'معلقة', NULL, 'أعطال إنترنت', '2023-04-25 22:00:00'),
(254, 125, NULL, 'فودافون - Vodafone', 'إنترنت هوائي', 'الغربية', 'طنطا', 'الجهاز لا يعمل منذ الثلاثاء الماضي', NULL, NULL, 'pending', NULL, NULL, 'normal', NULL, 'تم الحل', NULL, 'أعطال إنترنت', '2023-04-14 22:00:00'),
(255, 150, NULL, 'أورانج - Orange', 'إنترنت منزلي', 'الفيوم', 'سنورس', 'بطء شديد في الخدمة يوم الأربعاء', NULL, NULL, 'pending', NULL, NULL, 'normal', NULL, 'جديدة', NULL, 'تغطية وشبكات', '2023-06-26 21:00:00'),
(256, 200, NULL, 'اتصالات - Etisalat', 'فواتير', 'قنا', 'قفط', 'سحب رصيد بدون سبب يوم الأربعاء', NULL, NULL, 'pending', NULL, NULL, 'normal', NULL, 'معلقة', NULL, 'استفسارات', '2024-07-25 21:00:00'),
(257, 10, NULL, 'وي - We', 'إنترنت منزلي', 'القاهرة', 'المعادي', 'عطل في الشبكة من يوم الأحد صباحاً', NULL, NULL, 'pending', NULL, NULL, 'normal', NULL, 'جديدة', NULL, 'تغطية وشبكات', '2023-05-21 21:00:00'),
(258, 25, NULL, 'فودافون - Vodafone', 'موبايل إنترنت', 'الجيزة', 'فيصل', 'النت بيفصل وقت الشغل يوم الأحد', NULL, NULL, 'pending', NULL, NULL, 'normal', NULL, 'معلقة', NULL, 'أعطال إنترنت', '2024-03-23 22:00:00'),
(259, 50, NULL, 'أورانج - Orange', 'فواتير', 'الإسكندرية', 'ميامي', 'مشكلة في دفع الفاتورة يوم الاثنين', NULL, NULL, 'pending', NULL, NULL, 'normal', NULL, 'تم الحل', NULL, 'تغطية وشبكات', '2023-12-24 22:00:00'),
(260, 75, NULL, 'اتصالات - Etisalat', 'خدمة عملاء', 'الدقهلية', 'المنصورة', 'الموظف لم يرد على الشكوى يوم الاثنين', NULL, NULL, 'pending', NULL, NULL, 'normal', NULL, 'جديدة', NULL, 'استفسارات', '2024-03-23 22:00:00'),
(261, 100, NULL, 'وي - We', 'خط أرضي', 'الشرقية', 'الزقازيق', 'حرارة التليفون مقطوعة يوم الثلاثاء', NULL, NULL, 'pending', NULL, NULL, 'normal', NULL, 'معلقة', NULL, 'أعطال إنترنت', '2024-03-11 22:00:00'),
(262, 125, NULL, 'فودافون - Vodafone', 'إنترنت هوائي', 'الغربية', 'طنطا', 'الجهاز لا يعمل منذ الثلاثاء الماضي', NULL, NULL, 'pending', NULL, NULL, 'normal', NULL, 'تم الحل', NULL, 'أعطال إنترنت', '2023-04-14 22:00:00'),
(263, 150, NULL, 'أورانج - Orange', 'إنترنت منزلي', 'الفيوم', 'سنورس', 'بطء شديد في الخدمة يوم الأربعاء', NULL, NULL, 'pending', NULL, NULL, 'normal', NULL, 'جديدة', NULL, 'تغطية وشبكات', '2024-11-05 22:00:00'),
(264, 200, NULL, 'اتصالات - Etisalat', 'فواتير', 'قنا', 'قفط', 'سحب رصيد بدون سبب يوم الأربعاء', NULL, NULL, 'pending', NULL, NULL, 'normal', NULL, 'معلقة', NULL, 'استفسارات', '2023-05-24 21:00:00'),
(265, 10, NULL, 'وي - We', 'إنترنت منزلي', 'القاهرة', 'المعادي', 'عطل في الشبكة من يوم الأحد صباحاً', NULL, NULL, 'pending', NULL, NULL, 'normal', NULL, 'جديدة', NULL, 'تغطية وشبكات', '2023-06-04 21:00:00'),
(266, 25, NULL, 'فودافون - Vodafone', 'موبايل إنترنت', 'الجيزة', 'فيصل', 'النت بيفصل وقت الشغل يوم الأحد', NULL, NULL, 'pending', NULL, NULL, 'normal', NULL, 'معلقة', NULL, 'أعطال إنترنت', '2023-12-08 22:00:00'),
(267, 50, NULL, 'أورانج - Orange', 'فواتير', 'الإسكندرية', 'ميامي', 'مشكلة في دفع الفاتورة يوم الاثنين', NULL, NULL, 'pending', NULL, NULL, 'normal', NULL, 'تم الحل', NULL, 'تغطية وشبكات', '2024-05-31 21:00:00'),
(268, 75, NULL, 'اتصالات - Etisalat', 'خدمة عملاء', 'الدقهلية', 'المنصورة', 'الموظف لم يرد على الشكوى يوم الاثنين', NULL, NULL, 'pending', NULL, NULL, 'normal', NULL, 'جديدة', NULL, 'استفسارات', '2023-04-11 22:00:00'),
(269, 100, NULL, 'وي - We', 'خط أرضي', 'الشرقية', 'الزقازيق', 'حرارة التليفون مقطوعة يوم الثلاثاء', NULL, NULL, 'pending', NULL, NULL, 'normal', NULL, 'معلقة', NULL, 'أعطال إنترنت', '2024-02-17 22:00:00'),
(270, 125, NULL, 'فودافون - Vodafone', 'إنترنت هوائي', 'الغربية', 'طنطا', 'الجهاز لا يعمل منذ الثلاثاء الماضي', NULL, NULL, 'pending', NULL, NULL, 'normal', NULL, 'تم الحل', NULL, 'أعطال إنترنت', '2023-10-28 22:00:00'),
(271, 150, NULL, 'أورانج - Orange', 'إنترنت منزلي', 'الفيوم', 'سنورس', 'بطء شديد في الخدمة يوم الأربعاء', NULL, NULL, 'pending', NULL, NULL, 'normal', NULL, 'جديدة', NULL, 'تغطية وشبكات', '2023-09-25 21:00:00'),
(272, 200, NULL, 'اتصالات - Etisalat', 'فواتير', 'قنا', 'قفط', 'سحب رصيد بدون سبب يوم الأربعاء', NULL, NULL, 'pending', NULL, NULL, 'normal', NULL, 'معلقة', NULL, 'استفسارات', '2024-03-12 22:00:00'),
(273, 10, NULL, 'وي - We', 'إنترنت منزلي', 'القاهرة', 'المعادي', 'عطل في الشبكة من يوم الأحد صباحاً', NULL, NULL, 'pending', NULL, NULL, 'normal', NULL, 'جديدة', NULL, 'تغطية وشبكات', '2024-10-14 21:00:00'),
(274, 25, NULL, 'فودافون - Vodafone', 'موبايل إنترنت', 'الجيزة', 'فيصل', 'النت بيفصل وقت الشغل يوم الأحد', NULL, NULL, 'pending', NULL, NULL, 'normal', NULL, 'معلقة', NULL, 'أعطال إنترنت', '2024-05-09 21:00:00'),
(275, 50, NULL, 'أورانج - Orange', 'فواتير', 'الإسكندرية', 'ميامي', 'مشكلة في دفع الفاتورة يوم الاثنين', NULL, NULL, 'pending', NULL, NULL, 'normal', NULL, 'تم الحل', NULL, 'تغطية وشبكات', '2024-05-28 21:00:00'),
(276, 75, NULL, 'اتصالات - Etisalat', 'خدمة عملاء', 'الدقهلية', 'المنصورة', 'الموظف لم يرد على الشكوى يوم الاثنين', NULL, NULL, 'pending', NULL, NULL, 'normal', NULL, 'جديدة', NULL, 'استفسارات', '2023-12-22 22:00:00'),
(277, 100, NULL, 'وي - We', 'خط أرضي', 'الشرقية', 'الزقازيق', 'حرارة التليفون مقطوعة يوم الثلاثاء', NULL, NULL, 'pending', NULL, NULL, 'normal', NULL, 'معلقة', NULL, 'أعطال إنترنت', '2023-08-28 21:00:00'),
(278, 125, NULL, 'فودافون - Vodafone', 'إنترنت هوائي', 'الغربية', 'طنطا', 'الجهاز لا يعمل منذ الثلاثاء الماضي', NULL, NULL, 'pending', NULL, NULL, 'normal', NULL, 'تم الحل', NULL, 'أعطال إنترنت', '2023-05-11 21:00:00'),
(279, 150, NULL, 'أورانج - Orange', 'إنترنت منزلي', 'الفيوم', 'سنورس', 'بطء شديد في الخدمة يوم الأربعاء', NULL, NULL, 'pending', NULL, NULL, 'normal', NULL, 'جديدة', NULL, 'تغطية وشبكات', '2024-10-26 21:00:00'),
(280, 200, NULL, 'اتصالات - Etisalat', 'فواتير', 'قنا', 'قفط', 'سحب رصيد بدون سبب يوم الأربعاء', NULL, NULL, 'pending', NULL, NULL, 'normal', NULL, 'معلقة', NULL, 'استفسارات', '2023-01-12 22:00:00'),
(281, 10, NULL, 'وي - We', 'إنترنت منزلي', 'القاهرة', 'المعادي', 'عطل في الشبكة من يوم الأحد صباحاً', NULL, NULL, 'pending', NULL, NULL, 'normal', NULL, 'جديدة', NULL, 'تغطية وشبكات', '2023-09-12 21:00:00'),
(282, 25, NULL, 'فودافون - Vodafone', 'موبايل إنترنت', 'الجيزة', 'فيصل', 'النت بيفصل وقت الشغل يوم الأحد', NULL, NULL, 'pending', NULL, NULL, 'normal', NULL, 'معلقة', NULL, 'أعطال إنترنت', '2024-05-25 21:00:00'),
(283, 50, NULL, 'أورانج - Orange', 'فواتير', 'الإسكندرية', 'ميامي', 'مشكلة في دفع الفاتورة يوم الاثنين', NULL, NULL, 'pending', NULL, NULL, 'normal', NULL, 'تم الحل', NULL, 'تغطية وشبكات', '2023-11-24 22:00:00'),
(284, 75, NULL, 'اتصالات - Etisalat', 'خدمة عملاء', 'الدقهلية', 'المنصورة', 'الموظف لم يرد على الشكوى يوم الاثنين', NULL, NULL, 'pending', NULL, NULL, 'normal', NULL, 'جديدة', NULL, 'استفسارات', '2023-04-19 22:00:00'),
(285, 100, NULL, 'وي - We', 'خط أرضي', 'الشرقية', 'الزقازيق', 'حرارة التليفون مقطوعة يوم الثلاثاء', NULL, NULL, 'pending', NULL, NULL, 'normal', NULL, 'معلقة', NULL, 'أعطال إنترنت', '2023-10-18 21:00:00'),
(286, 125, NULL, 'فودافون - Vodafone', 'إنترنت هوائي', 'الغربية', 'طنطا', 'الجهاز لا يعمل منذ الثلاثاء الماضي', NULL, NULL, 'pending', NULL, NULL, 'normal', NULL, 'تم الحل', NULL, 'أعطال إنترنت', '2024-02-04 22:00:00'),
(287, 150, NULL, 'أورانج - Orange', 'إنترنت منزلي', 'الفيوم', 'سنورس', 'بطء شديد في الخدمة يوم الأربعاء', NULL, NULL, 'pending', NULL, NULL, 'normal', NULL, 'جديدة', NULL, 'تغطية وشبكات', '2024-02-02 22:00:00'),
(288, 200, NULL, 'اتصالات - Etisalat', 'فواتير', 'قنا', 'قفط', 'سحب رصيد بدون سبب يوم الأربعاء', NULL, NULL, 'pending', NULL, NULL, 'normal', NULL, 'معلقة', NULL, 'استفسارات', '2023-03-01 22:00:00'),
(289, 10, NULL, 'وي - We', 'إنترنت منزلي', 'القاهرة', 'المعادي', 'عطل في الشبكة من يوم الأحد صباحاً', NULL, NULL, 'pending', NULL, NULL, 'normal', NULL, 'جديدة', NULL, 'تغطية وشبكات', '2024-07-19 21:00:00'),
(290, 25, NULL, 'فودافون - Vodafone', 'موبايل إنترنت', 'الجيزة', 'فيصل', 'النت بيفصل وقت الشغل يوم الأحد', NULL, NULL, 'pending', NULL, NULL, 'normal', NULL, 'معلقة', NULL, 'أعطال إنترنت', '2024-04-05 22:00:00'),
(291, 50, NULL, 'أورانج - Orange', 'فواتير', 'الإسكندرية', 'ميامي', 'مشكلة في دفع الفاتورة يوم الاثنين', NULL, NULL, 'pending', NULL, NULL, 'normal', NULL, 'تم الحل', NULL, 'تغطية وشبكات', '2024-08-29 21:00:00'),
(292, 75, NULL, 'اتصالات - Etisalat', 'خدمة عملاء', 'الدقهلية', 'المنصورة', 'الموظف لم يرد على الشكوى يوم الاثنين', NULL, NULL, 'pending', NULL, NULL, 'normal', NULL, 'جديدة', NULL, 'استفسارات', '2023-07-14 21:00:00'),
(293, 100, NULL, 'وي - We', 'خط أرضي', 'الشرقية', 'الزقازيق', 'حرارة التليفون مقطوعة يوم الثلاثاء', NULL, NULL, 'pending', NULL, NULL, 'normal', NULL, 'معلقة', NULL, 'أعطال إنترنت', '2024-09-02 21:00:00'),
(294, 125, NULL, 'فودافون - Vodafone', 'إنترنت هوائي', 'الغربية', 'طنطا', 'الجهاز لا يعمل منذ الثلاثاء الماضي', NULL, NULL, 'pending', NULL, NULL, 'normal', NULL, 'تم الحل', NULL, 'أعطال إنترنت', '2023-10-10 21:00:00'),
(295, 150, NULL, 'أورانج - Orange', 'إنترنت منزلي', 'الفيوم', 'سنورس', 'بطء شديد في الخدمة يوم الأربعاء', NULL, NULL, 'pending', NULL, NULL, 'normal', NULL, 'جديدة', NULL, 'تغطية وشبكات', '2023-11-08 22:00:00'),
(296, 200, NULL, 'اتصالات - Etisalat', 'فواتير', 'قنا', 'قفط', 'سحب رصيد بدون سبب يوم الأربعاء', NULL, NULL, 'pending', NULL, NULL, 'normal', NULL, 'معلقة', NULL, 'استفسارات', '2024-12-13 22:00:00'),
(297, 1, NULL, 'وي - We', 'إنترنت منزلي', 'القاهرة', 'المعادي', 'عطل متكرر يوم الأحد صباحاً والسرعة منخفضة', NULL, NULL, 'pending', NULL, NULL, 'normal', NULL, 'جديدة', NULL, 'أعطال إنترنت', '2024-03-14 22:00:00'),
(298, 50, NULL, 'فودافون - Vodafone', 'موبايل إنترنت', 'الجيزة', 'أكتوبر', 'الشبكة 4G وهمية وقت الشغل يوم الأحد', NULL, NULL, 'pending', NULL, NULL, 'normal', NULL, 'معلقة', NULL, 'تغطية وشبكات', '2023-02-25 22:00:00'),
(299, 100, NULL, 'أورانج - Orange', 'فواتير', 'الإسكندرية', 'ميامي', 'مشكلة في دفع الفاتورة يوم الاثنين بالتطبيق', NULL, NULL, 'pending', NULL, NULL, 'normal', NULL, 'تم الحل', NULL, 'تغطية وشبكات', '2024-02-27 22:00:00'),
(300, 150, NULL, 'اتصالات - Etisalat', 'خدمة عملاء', 'المنوفية', 'شبين', 'تأخير الرد الهاتفي للدعم الفني يوم الاثنين', NULL, NULL, 'pending', NULL, NULL, 'normal', NULL, 'جديدة', NULL, 'استفسارات', '2024-04-30 21:00:00'),
(301, 200, NULL, 'وي - We', 'خط أرضي', 'الشرقية', 'الزقازيق', 'حرارة التليفون مقطوعة فجأة يوم الثلاثاء', NULL, NULL, 'pending', NULL, NULL, 'normal', NULL, 'معلقة', NULL, 'تغطية وشبكات', '2025-08-05 21:00:00'),
(302, 250, NULL, 'فودافون - Vodafone', 'إنترنت هوائي', 'البحيرة', 'دمنهور', 'الجهاز بيفصل داتا كل يوم ثلاثاء ومحتاج ريستارت', NULL, NULL, 'pending', NULL, NULL, 'normal', NULL, 'تم الحل', NULL, 'أعطال إنترنت', '2025-12-23 22:00:00'),
(303, 1, NULL, 'أورانج - Orange', 'إنترنت منزلي', 'الفيوم', 'سنورس', 'بطء النت جداً وقت ذروة الأربعاء واللمبة حمراء', NULL, NULL, 'pending', NULL, NULL, 'normal', NULL, 'جديدة', NULL, 'أعطال إنترنت', '2025-02-08 22:00:00'),
(304, 50, NULL, 'اتصالات - Etisalat', 'موبايل إنترنت', 'سوهاج', 'طهطا', 'لا يوجد تغطية 4G داخل المنزل يوم الأربعاء', NULL, NULL, 'pending', NULL, NULL, 'normal', NULL, 'معلقة', NULL, 'أعطال إنترنت', '2025-08-06 21:00:00'),
(305, 100, NULL, 'وي - We', 'خدمات أخرى', 'بورسعيد', 'حي العرب', 'مشكلة في تفعيل المحفظة الإلكترونية يوم الخميس', NULL, NULL, 'pending', NULL, NULL, 'normal', NULL, 'تم الحل', NULL, 'تغطية وشبكات', '2025-09-03 21:00:00'),
(306, 150, NULL, 'فودافون - Vodafone', 'فواتير', 'دمياط', 'رأس البر', 'تم سحب الرصيد وتجديد الباقة مرتين يوم الخميس', NULL, NULL, 'pending', NULL, NULL, 'normal', NULL, 'جديدة', NULL, 'حسابات ورصيد', '2025-07-29 21:00:00'),
(307, 1, NULL, 'وي - We', 'إنترنت منزلي', 'القاهرة', 'المعادي', 'عطل متكرر يوم الأحد صباحاً', NULL, NULL, 'pending', NULL, NULL, 'normal', NULL, 'جديدة', NULL, 'أعطال إنترنت', '2025-11-11 22:00:00'),
(308, 5, NULL, 'فودافون - Vodafone', 'موبايل إنترنت', 'الجيزة', 'الدقي', 'ضعف التغطية يوم الاثنين', NULL, NULL, 'pending', NULL, NULL, 'normal', NULL, 'معلقة', NULL, 'حسابات ورصيد', '2025-08-01 21:00:00'),
(309, 10, NULL, 'أورانج - Orange', 'فواتير', 'الإسكندرية', 'ميامي', 'مشكلة في الدفع يوم الثلاثاء', NULL, NULL, 'pending', NULL, NULL, 'normal', NULL, 'تم الحل', NULL, 'تغطية وشبكات', '2025-05-01 21:00:00'),
(310, 20, NULL, 'اتصالات - Etisalat', 'خدمة عملاء', 'الدقهلية', 'المنصورة', 'تأخير يوم الأربعاء', NULL, NULL, 'pending', NULL, NULL, 'normal', NULL, 'جديدة', NULL, 'استفسارات', '2025-11-28 22:00:00'),
(311, 30, NULL, 'وي - We', 'خط أرضي', 'القليوبية', 'بنها', 'حرارة مقطوعة الخميس', NULL, NULL, 'pending', NULL, NULL, 'normal', NULL, 'معلقة', NULL, 'استفسارات', '2025-07-23 21:00:00'),
(312, 40, NULL, 'فودافون - Vodafone', 'إنترنت هوائي', 'الشرقية', 'الزقازيق', 'فصل الخدمة يوم الجمعة', NULL, NULL, 'pending', NULL, NULL, 'normal', NULL, 'تم الحل', NULL, 'حسابات ورصيد', '2025-01-22 22:00:00'),
(313, 50, NULL, 'أورانج - Orange', 'خدمات أخرى', 'الغربية', 'طنطا', 'مشكلة يوم السبت', NULL, NULL, 'pending', NULL, NULL, 'normal', NULL, 'جديدة', NULL, 'أعطال إنترنت', '2025-08-19 21:00:00'),
(314, 60, NULL, 'اتصالات - Etisalat', 'إنترنت منزلي', 'المنوفية', 'شبين الكوم', 'بطء شديد الأحد', NULL, NULL, 'pending', NULL, NULL, 'normal', NULL, 'معلقة', NULL, 'استفسارات', '2025-12-25 22:00:00'),
(315, 70, NULL, 'وي - We', 'موبايل إنترنت', 'البحيرة', 'دمنهور', 'تغطية ضعيفة الاثنين', NULL, NULL, 'pending', NULL, NULL, 'normal', NULL, 'تم الحل', NULL, 'تغطية وشبكات', '2025-01-07 22:00:00'),
(316, 80, NULL, 'فودافون - Vodafone', 'فواتير', 'كفر الشيخ', 'بيلا', 'خصم رصيد الثلاثاء', NULL, NULL, 'pending', NULL, NULL, 'normal', NULL, 'جديدة', NULL, 'استفسارات', '2025-02-22 22:00:00'),
(317, 90, NULL, 'أورانج - Orange', 'خط أرضي', 'دمياط', 'رأس البر', 'وشوشة الأربعاء', NULL, NULL, 'pending', NULL, NULL, 'normal', NULL, 'معلقة', NULL, 'استفسارات', '2025-09-02 21:00:00'),
(318, 100, NULL, 'اتصالات - Etisalat', 'خدمة عملاء', 'بورسعيد', 'حي العرب', 'سوء معاملة الخميس', NULL, NULL, 'pending', NULL, NULL, 'normal', NULL, 'تم الحل', NULL, 'استفسارات', '2025-11-30 22:00:00'),
(319, 110, NULL, 'وي - We', 'إنترنت هوائي', 'الإسماعيلية', 'التل الكبير', 'إشارة ضعيفة الجمعة', NULL, NULL, 'pending', NULL, NULL, 'normal', NULL, 'جديدة', NULL, 'تغطية وشبكات', '2025-07-28 21:00:00'),
(320, 120, NULL, 'فودافون - Vodafone', 'إنترنت منزلي', 'السويس', 'بور توفيق', 'انقطاع السبت', NULL, NULL, 'pending', NULL, NULL, 'normal', NULL, 'معلقة', NULL, 'استفسارات', '2025-02-10 22:00:00'),
(321, 130, NULL, 'أورانج - Orange', 'موبايل إنترنت', 'الشرقية', 'بلبيس', 'نت بطيء الأحد', NULL, NULL, 'pending', NULL, NULL, 'normal', NULL, 'تم الحل', NULL, 'استفسارات', '2025-11-06 22:00:00'),
(322, 140, NULL, 'اتصالات - Etisalat', 'فواتير', 'بني سويف', 'الواسطى', 'خطأ دفع الاثنين', NULL, NULL, 'pending', NULL, NULL, 'normal', NULL, 'جديدة', NULL, 'استفسارات', '2025-11-26 22:00:00'),
(323, 150, NULL, 'وي - We', 'خدمة عملاء', 'الفيوم', 'سنورس', 'تأخير الثلاثاء', NULL, NULL, 'pending', NULL, NULL, 'normal', NULL, 'معلقة', NULL, 'استفسارات', '2025-12-24 22:00:00'),
(324, 160, NULL, 'فودافون - Vodafone', 'خط أرضي', 'المنيا', 'ملوي', 'عطل الأربعاء', NULL, NULL, 'pending', NULL, NULL, 'normal', NULL, 'تم الحل', NULL, 'أعطال إنترنت', '2025-03-09 22:00:00'),
(325, 170, NULL, 'أورانج - Orange', 'إنترنت هوائي', 'أسيوط', 'حي شرق', 'مشكلة الخميس', NULL, NULL, 'pending', NULL, NULL, 'normal', NULL, 'جديدة', NULL, 'أعطال إنترنت', '2025-12-30 22:00:00'),
(326, 180, NULL, 'اتصالات - Etisalat', 'إنترنت منزلي', 'سوهاج', 'طهطا', 'بطء الجمعة', NULL, NULL, 'pending', NULL, NULL, 'normal', NULL, 'معلقة', NULL, 'استفسارات', '2025-06-05 21:00:00'),
(327, 190, NULL, 'وي - We', 'موبايل إنترنت', 'قنا', 'قفط', 'ضعف سبت', NULL, NULL, 'pending', NULL, NULL, 'normal', NULL, 'تم الحل', NULL, 'حسابات ورصيد', '2025-02-24 22:00:00'),
(328, 200, NULL, 'فودافون - Vodafone', 'فواتير', 'الأقصر', 'إسنا', 'رصيد الأحد', NULL, NULL, 'pending', NULL, NULL, 'normal', NULL, 'جديدة', NULL, 'استفسارات', '2025-06-18 21:00:00'),
(329, 210, NULL, 'أورانج - Orange', 'خدمة عملاء', 'أسوان', 'كوم أمبو', 'رد متأخر الاثنين', NULL, NULL, 'pending', NULL, NULL, 'normal', NULL, 'معلقة', NULL, 'استفسارات', '2025-11-15 22:00:00'),
(330, 220, NULL, 'اتصالات - Etisalat', 'خط أرضي', 'البحر الأحمر', 'الغردقة', 'عطل الثلاثاء', NULL, NULL, 'pending', NULL, NULL, 'normal', NULL, 'تم الحل', NULL, 'أعطال إنترنت', '2025-12-21 22:00:00'),
(331, 230, NULL, 'وي - We', 'إنترنت هوائي', 'الوادي الجديد', 'الخارجة', 'إشارة الأربعاء', NULL, NULL, 'pending', NULL, NULL, 'normal', NULL, 'جديدة', NULL, 'استفسارات', '2025-04-02 22:00:00'),
(332, 240, NULL, 'فودافون - Vodafone', 'إنترنت منزلي', 'مطروح', 'سيوة', 'بطء الخميس', NULL, NULL, 'pending', NULL, NULL, 'normal', NULL, 'معلقة', NULL, 'استفسارات', '2025-05-02 21:00:00'),
(333, 250, NULL, 'أورانج - Orange', 'موبايل إنترنت', 'شمال سيناء', 'العريش', 'تغطية الجمعة', NULL, NULL, 'pending', NULL, NULL, 'normal', NULL, 'تم الحل', NULL, 'استفسارات', '2025-12-04 22:00:00'),
(334, 1, NULL, 'اتصالات - Etisalat', 'فواتير', 'جنوب سيناء', 'شرم الشيخ', 'فاتورة السبت', NULL, NULL, 'pending', NULL, NULL, 'normal', NULL, 'جديدة', NULL, 'استفسارات', '2025-08-16 21:00:00'),
(335, 1, NULL, 'وي - We', 'إنترنت منزلي', 'القاهرة', 'المعادي', 'عطل متكرر يوم الأحد صباحاً', NULL, NULL, 'pending', NULL, NULL, 'normal', NULL, 'جديدة', NULL, 'أعطال إنترنت', '2025-05-07 21:00:00'),
(336, 5, NULL, 'فودافون - Vodafone', 'موبايل إنترنت', 'الجيزة', 'الدقي', 'ضعف التغطية يوم الاثنين', NULL, NULL, 'pending', NULL, NULL, 'normal', NULL, 'معلقة', NULL, 'حسابات ورصيد', '2025-11-14 22:00:00'),
(337, 10, NULL, 'أورانج - Orange', 'فواتير', 'الإسكندرية', 'ميامي', 'مشكلة في الدفع يوم الثلاثاء', NULL, NULL, 'pending', NULL, NULL, 'normal', NULL, 'تم الحل', NULL, 'تغطية وشبكات', '2025-04-22 22:00:00'),
(338, 20, NULL, 'اتصالات - Etisalat', 'خدمة عملاء', 'الدقهلية', 'المنصورة', 'تأخير يوم الأربعاء', NULL, NULL, 'pending', NULL, NULL, 'normal', NULL, 'جديدة', NULL, 'استفسارات', '2025-12-04 22:00:00'),
(339, 30, NULL, 'وي - We', 'خط أرضي', 'القليوبية', 'بنها', 'حرارة مقطوعة الخميس', NULL, NULL, 'pending', NULL, NULL, 'normal', NULL, 'معلقة', NULL, 'استفسارات', '2025-09-15 21:00:00'),
(340, 40, NULL, 'فودافون - Vodafone', 'إنترنت هوائي', 'الشرقية', 'الزقازيق', 'فصل الخدمة يوم الجمعة', NULL, NULL, 'pending', NULL, NULL, 'normal', NULL, 'تم الحل', NULL, 'حسابات ورصيد', '2025-10-05 21:00:00'),
(341, 50, NULL, 'أورانج - Orange', 'خدمات أخرى', 'الغربية', 'طنطا', 'مشكلة يوم السبت', NULL, NULL, 'pending', NULL, NULL, 'normal', NULL, 'جديدة', NULL, 'أعطال إنترنت', '2025-09-07 21:00:00'),
(342, 60, NULL, 'اتصالات - Etisalat', 'إنترنت منزلي', 'المنوفية', 'شبين الكوم', 'بطء شديد الأحد', NULL, NULL, 'pending', NULL, NULL, 'normal', NULL, 'معلقة', NULL, 'استفسارات', '2025-02-21 22:00:00'),
(343, 70, NULL, 'وي - We', 'موبايل إنترنت', 'البحيرة', 'دمنهور', 'تغطية ضعيفة الاثنين', NULL, NULL, 'pending', NULL, NULL, 'normal', NULL, 'تم الحل', NULL, 'تغطية وشبكات', '2025-08-29 21:00:00'),
(344, 80, NULL, 'فودافون - Vodafone', 'فواتير', 'كفر الشيخ', 'بيلا', 'خصم رصيد الثلاثاء', NULL, NULL, 'pending', NULL, NULL, 'normal', NULL, 'جديدة', NULL, 'استفسارات', '2025-11-14 22:00:00'),
(345, 90, NULL, 'أورانج - Orange', 'خط أرضي', 'دمياط', 'رأس البر', 'وشوشة الأربعاء', NULL, NULL, 'pending', NULL, NULL, 'normal', NULL, 'معلقة', NULL, 'استفسارات', '2025-05-19 21:00:00'),
(346, 100, NULL, 'اتصالات - Etisalat', 'خدمة عملاء', 'بورسعيد', 'حي العرب', 'سوء معاملة الخميس', NULL, NULL, 'pending', NULL, NULL, 'normal', NULL, 'تم الحل', NULL, 'استفسارات', '2025-04-18 22:00:00'),
(347, 110, NULL, 'وي - We', 'إنترنت هوائي', 'الإسماعيلية', 'التل الكبير', 'إشارة ضعيفة الجمعة', NULL, NULL, 'pending', NULL, NULL, 'normal', NULL, 'جديدة', NULL, 'تغطية وشبكات', '2025-05-02 21:00:00'),
(348, 120, NULL, 'فودافون - Vodafone', 'إنترنت منزلي', 'السويس', 'بور توفيق', 'انقطاع السبت', NULL, NULL, 'pending', NULL, NULL, 'normal', NULL, 'معلقة', NULL, 'استفسارات', '2025-10-14 21:00:00'),
(349, 130, NULL, 'أورانج - Orange', 'موبايل إنترنت', 'الشرقية', 'بلبيس', 'نت بطيء الأحد', NULL, NULL, 'pending', NULL, NULL, 'normal', NULL, 'تم الحل', NULL, 'استفسارات', '2025-12-05 22:00:00'),
(350, 140, NULL, 'اتصالات - Etisalat', 'فواتير', 'بني سويف', 'الواسطى', 'خطأ دفع الاثنين', NULL, NULL, 'pending', NULL, NULL, 'normal', NULL, 'جديدة', NULL, 'استفسارات', '2025-04-14 22:00:00'),
(351, 150, NULL, 'وي - We', 'خدمة عملاء', 'الفيوم', 'سنورس', 'تأخير الثلاثاء', NULL, NULL, 'pending', NULL, NULL, 'normal', NULL, 'معلقة', NULL, 'استفسارات', '2025-08-21 21:00:00'),
(352, 160, NULL, 'فودافون - Vodafone', 'خط أرضي', 'المنيا', 'ملوي', 'عطل الأربعاء', NULL, NULL, 'pending', NULL, NULL, 'normal', NULL, 'تم الحل', NULL, 'أعطال إنترنت', '2025-05-04 21:00:00'),
(353, 170, NULL, 'أورانج - Orange', 'إنترنت هوائي', 'أسيوط', 'حي شرق', 'مشكلة الخميس', NULL, NULL, 'pending', NULL, NULL, 'normal', NULL, 'جديدة', NULL, 'أعطال إنترنت', '2025-10-16 21:00:00'),
(354, 180, NULL, 'اتصالات - Etisalat', 'إنترنت منزلي', 'سوهاج', 'طهطا', 'بطء الجمعة', NULL, NULL, 'pending', NULL, NULL, 'normal', NULL, 'معلقة', NULL, 'استفسارات', '2025-12-06 22:00:00'),
(355, 190, NULL, 'وي - We', 'موبايل إنترنت', 'قنا', 'قفط', 'ضعف سبت', NULL, NULL, 'pending', NULL, NULL, 'normal', NULL, 'تم الحل', NULL, 'حسابات ورصيد', '2025-04-16 22:00:00'),
(356, 200, NULL, 'فودافون - Vodafone', 'فواتير', 'الأقصر', 'إسنا', 'رصيد الأحد', NULL, NULL, 'pending', NULL, NULL, 'normal', NULL, 'جديدة', NULL, 'استفسارات', '2025-08-28 21:00:00'),
(357, 210, NULL, 'أورانج - Orange', 'خدمة عملاء', 'أسوان', 'كوم أمبو', 'رد متأخر الاثنين', NULL, NULL, 'pending', NULL, NULL, 'normal', NULL, 'معلقة', NULL, 'استفسارات', '2025-06-03 21:00:00'),
(358, 220, NULL, 'اتصالات - Etisalat', 'خط أرضي', 'البحر الأحمر', 'الغردقة', 'عطل الثلاثاء', NULL, NULL, 'pending', NULL, NULL, 'normal', NULL, 'تم الحل', NULL, 'أعطال إنترنت', '2025-02-16 22:00:00'),
(359, 230, NULL, 'وي - We', 'إنترنت هوائي', 'الوادي الجديد', 'الخارجة', 'إشارة الأربعاء', NULL, NULL, 'pending', NULL, NULL, 'normal', NULL, 'جديدة', NULL, 'استفسارات', '2025-05-21 21:00:00'),
(360, 240, NULL, 'فودافون - Vodafone', 'إنترنت منزلي', 'مطروح', 'سيوة', 'بطء الخميس', NULL, NULL, 'pending', NULL, NULL, 'normal', NULL, 'معلقة', NULL, 'استفسارات', '2025-07-17 21:00:00'),
(361, 250, NULL, 'أورانج - Orange', 'موبايل إنترنت', 'شمال سيناء', 'العريش', 'تغطية الجمعة', NULL, NULL, 'pending', NULL, NULL, 'normal', NULL, 'تم الحل', NULL, 'استفسارات', '2025-07-23 21:00:00'),
(362, 1, NULL, 'اتصالات - Etisalat', 'فواتير', 'جنوب سيناء', 'شرم الشيخ', 'فاتورة السبت', NULL, NULL, 'pending', NULL, NULL, 'normal', NULL, 'جديدة', NULL, 'استفسارات', '2025-02-28 22:00:00'),
(363, 1, NULL, 'وي - We', 'إنترنت منزلي', 'القاهرة', 'المعادي', 'عطل متكرر يوم الأحد صباحاً', NULL, NULL, 'pending', NULL, NULL, 'normal', NULL, 'جديدة', NULL, 'أعطال إنترنت', '2025-02-19 22:00:00'),
(364, 5, NULL, 'فودافون - Vodafone', 'موبايل إنترنت', 'الجيزة', 'الدقي', 'ضعف التغطية يوم الاثنين', NULL, NULL, 'pending', NULL, NULL, 'normal', NULL, 'معلقة', NULL, 'حسابات ورصيد', '2025-03-16 22:00:00'),
(365, 10, NULL, 'أورانج - Orange', 'فواتير', 'الإسكندرية', 'ميامي', 'مشكلة في الدفع يوم الثلاثاء', NULL, NULL, 'pending', NULL, NULL, 'normal', NULL, 'تم الحل', NULL, 'تغطية وشبكات', '2025-08-11 21:00:00'),
(366, 20, NULL, 'اتصالات - Etisalat', 'خدمة عملاء', 'الدقهلية', 'المنصورة', 'تأخير يوم الأربعاء', NULL, NULL, 'pending', NULL, NULL, 'normal', NULL, 'جديدة', NULL, 'استفسارات', '2025-06-09 21:00:00'),
(367, 30, NULL, 'وي - We', 'خط أرضي', 'القليوبية', 'بنها', 'حرارة مقطوعة الخميس', NULL, NULL, 'pending', NULL, NULL, 'normal', NULL, 'معلقة', NULL, 'استفسارات', '2025-05-13 21:00:00'),
(368, 40, NULL, 'فودافون - Vodafone', 'إنترنت هوائي', 'الشرقية', 'الزقازيق', 'فصل الخدمة يوم الجمعة', NULL, NULL, 'pending', NULL, NULL, 'normal', NULL, 'تم الحل', NULL, 'حسابات ورصيد', '2025-07-05 21:00:00'),
(369, 50, NULL, 'أورانج - Orange', 'خدمات أخرى', 'الغربية', 'طنطا', 'مشكلة يوم السبت', NULL, NULL, 'pending', NULL, NULL, 'normal', NULL, 'جديدة', NULL, 'أعطال إنترنت', '2025-06-15 21:00:00'),
(370, 60, NULL, 'اتصالات - Etisalat', 'إنترنت منزلي', 'المنوفية', 'شبين الكوم', 'بطء شديد الأحد', NULL, NULL, 'pending', NULL, NULL, 'normal', NULL, 'معلقة', NULL, 'استفسارات', '2025-09-27 21:00:00'),
(371, 70, NULL, 'وي - We', 'موبايل إنترنت', 'البحيرة', 'دمنهور', 'تغطية ضعيفة الاثنين', NULL, NULL, 'pending', NULL, NULL, 'normal', NULL, 'تم الحل', NULL, 'تغطية وشبكات', '2025-05-06 21:00:00'),
(372, 80, NULL, 'فودافون - Vodafone', 'فواتير', 'كفر الشيخ', 'بيلا', 'خصم رصيد الثلاثاء', NULL, NULL, 'pending', NULL, NULL, 'normal', NULL, 'جديدة', NULL, 'استفسارات', '2025-07-03 21:00:00'),
(373, 90, NULL, 'أورانج - Orange', 'خط أرضي', 'دمياط', 'رأس البر', 'وشوشة الأربعاء', NULL, NULL, 'pending', NULL, NULL, 'normal', NULL, 'معلقة', NULL, 'استفسارات', '2025-06-28 21:00:00'),
(374, 100, NULL, 'اتصالات - Etisalat', 'خدمة عملاء', 'بورسعيد', 'حي العرب', 'سوء معاملة الخميس', NULL, NULL, 'pending', NULL, NULL, 'normal', NULL, 'تم الحل', NULL, 'استفسارات', '2025-12-08 22:00:00'),
(375, 110, NULL, 'وي - We', 'إنترنت هوائي', 'الإسماعيلية', 'التل الكبير', 'إشارة ضعيفة الجمعة', NULL, NULL, 'pending', NULL, NULL, 'normal', NULL, 'جديدة', NULL, 'تغطية وشبكات', '2025-03-21 22:00:00'),
(376, 120, NULL, 'فودافون - Vodafone', 'إنترنت منزلي', 'السويس', 'بور توفيق', 'انقطاع السبت', NULL, NULL, 'pending', NULL, NULL, 'normal', NULL, 'معلقة', NULL, 'استفسارات', '2025-04-15 22:00:00'),
(377, 130, NULL, 'أورانج - Orange', 'موبايل إنترنت', 'الشرقية', 'بلبيس', 'نت بطيء الأحد', NULL, NULL, 'pending', NULL, NULL, 'normal', NULL, 'تم الحل', NULL, 'استفسارات', '2025-10-11 21:00:00'),
(378, 140, NULL, 'اتصالات - Etisalat', 'فواتير', 'بني سويف', 'الواسطى', 'خطأ دفع الاثنين', NULL, NULL, 'pending', NULL, NULL, 'normal', NULL, 'جديدة', NULL, 'استفسارات', '2025-01-12 22:00:00'),
(379, 150, NULL, 'وي - We', 'خدمة عملاء', 'الفيوم', 'سنورس', 'تأخير الثلاثاء', NULL, NULL, 'pending', NULL, NULL, 'normal', NULL, 'معلقة', NULL, 'استفسارات', '2025-10-29 21:00:00'),
(380, 160, NULL, 'فودافون - Vodafone', 'خط أرضي', 'المنيا', 'ملوي', 'عطل الأربعاء', NULL, NULL, 'pending', NULL, NULL, 'normal', NULL, 'تم الحل', NULL, 'أعطال إنترنت', '2025-01-16 22:00:00'),
(381, 170, NULL, 'أورانج - Orange', 'إنترنت هوائي', 'أسيوط', 'حي شرق', 'مشكلة الخميس', NULL, NULL, 'pending', NULL, NULL, 'normal', NULL, 'جديدة', NULL, 'أعطال إنترنت', '2025-09-25 21:00:00'),
(382, 180, NULL, 'اتصالات - Etisalat', 'إنترنت منزلي', 'سوهاج', 'طهطا', 'بطء الجمعة', NULL, NULL, 'pending', NULL, NULL, 'normal', NULL, 'معلقة', NULL, 'استفسارات', '2025-07-16 21:00:00'),
(383, 190, NULL, 'وي - We', 'موبايل إنترنت', 'قنا', 'قفط', 'ضعف سبت', NULL, NULL, 'pending', NULL, NULL, 'normal', NULL, 'تم الحل', NULL, 'حسابات ورصيد', '2025-07-03 21:00:00'),
(384, 200, NULL, 'فودافون - Vodafone', 'فواتير', 'الأقصر', 'إسنا', 'رصيد الأحد', NULL, NULL, 'pending', NULL, NULL, 'normal', NULL, 'جديدة', NULL, 'استفسارات', '2025-11-23 22:00:00'),
(385, 210, NULL, 'أورانج - Orange', 'خدمة عملاء', 'أسوان', 'كوم أمبو', 'رد متأخر الاثنين', NULL, NULL, 'pending', NULL, NULL, 'normal', NULL, 'معلقة', NULL, 'استفسارات', '2025-12-21 22:00:00'),
(386, 220, NULL, 'اتصالات - Etisalat', 'خط أرضي', 'البحر الأحمر', 'الغردقة', 'عطل الثلاثاء', NULL, NULL, 'pending', NULL, NULL, 'normal', NULL, 'تم الحل', NULL, 'أعطال إنترنت', '2025-03-06 22:00:00'),
(387, 230, NULL, 'وي - We', 'إنترنت هوائي', 'الوادي الجديد', 'الخارجة', 'إشارة الأربعاء', NULL, NULL, 'pending', NULL, NULL, 'normal', NULL, 'جديدة', NULL, 'استفسارات', '2025-12-22 22:00:00'),
(388, 240, NULL, 'فودافون - Vodafone', 'إنترنت منزلي', 'مطروح', 'سيوة', 'بطء الخميس', NULL, NULL, 'pending', NULL, NULL, 'normal', NULL, 'معلقة', NULL, 'استفسارات', '2025-05-04 21:00:00'),
(389, 250, NULL, 'أورانج - Orange', 'موبايل إنترنت', 'شمال سيناء', 'العريش', 'تغطية الجمعة', NULL, NULL, 'pending', NULL, NULL, 'normal', NULL, 'تم الحل', NULL, 'استفسارات', '2025-10-12 21:00:00'),
(390, 1, NULL, 'اتصالات - Etisalat', 'فواتير', 'جنوب سيناء', 'شرم الشيخ', 'فاتورة السبت', NULL, NULL, 'pending', NULL, NULL, 'normal', NULL, 'جديدة', NULL, 'استفسارات', '2025-11-17 22:00:00'),
(391, 1, NULL, 'وي - We', 'إنترنت منزلي', 'القاهرة', 'المعادي', 'عطل متكرر يوم الأحد صباحاً', NULL, NULL, 'pending', NULL, NULL, 'normal', NULL, 'جديدة', NULL, 'أعطال إنترنت', '2025-01-21 22:00:00'),
(392, 5, NULL, 'فودافون - Vodafone', 'موبايل إنترنت', 'الجيزة', 'الدقي', 'ضعف التغطية يوم الاثنين', NULL, NULL, 'pending', NULL, NULL, 'normal', NULL, 'معلقة', NULL, 'حسابات ورصيد', '2025-08-26 21:00:00'),
(393, 10, NULL, 'أورانج - Orange', 'فواتير', 'الإسكندرية', 'ميامي', 'مشكلة في الدفع يوم الثلاثاء', NULL, NULL, 'pending', NULL, NULL, 'normal', NULL, 'تم الحل', NULL, 'تغطية وشبكات', '2025-02-02 22:00:00'),
(394, 20, NULL, 'اتصالات - Etisalat', 'خدمة عملاء', 'الدقهلية', 'المنصورة', 'تأخير يوم الأربعاء', NULL, NULL, 'pending', NULL, NULL, 'normal', NULL, 'جديدة', NULL, 'استفسارات', '2025-06-28 21:00:00'),
(395, 30, NULL, 'وي - We', 'خط أرضي', 'القليوبية', 'بنها', 'حرارة مقطوعة الخميس', NULL, NULL, 'pending', NULL, NULL, 'normal', NULL, 'معلقة', NULL, 'استفسارات', '2025-03-10 22:00:00'),
(396, 40, NULL, 'فودافون - Vodafone', 'إنترنت هوائي', 'الشرقية', 'الزقازيق', 'فصل الخدمة يوم الجمعة', NULL, NULL, 'pending', NULL, NULL, 'normal', NULL, 'تم الحل', NULL, 'حسابات ورصيد', '2025-06-22 21:00:00'),
(397, 50, NULL, 'أورانج - Orange', 'خدمات أخرى', 'الغربية', 'طنطا', 'مشكلة يوم السبت', NULL, NULL, 'pending', NULL, NULL, 'normal', NULL, 'جديدة', NULL, 'أعطال إنترنت', '2025-10-21 21:00:00'),
(398, 60, NULL, 'اتصالات - Etisalat', 'إنترنت منزلي', 'المنوفية', 'شبين الكوم', 'بطء شديد الأحد', NULL, NULL, 'pending', NULL, NULL, 'normal', NULL, 'معلقة', NULL, 'استفسارات', '2025-08-09 21:00:00'),
(399, 70, NULL, 'وي - We', 'موبايل إنترنت', 'البحيرة', 'دمنهور', 'تغطية ضعيفة الاثنين', NULL, NULL, 'pending', NULL, NULL, 'normal', NULL, 'تم الحل', NULL, 'تغطية وشبكات', '2025-08-11 21:00:00'),
(400, 80, NULL, 'فودافون - Vodafone', 'فواتير', 'كفر الشيخ', 'بيلا', 'خصم رصيد الثلاثاء', NULL, NULL, 'pending', NULL, NULL, 'normal', NULL, 'جديدة', NULL, 'استفسارات', '2025-03-29 22:00:00'),
(401, 90, NULL, 'أورانج - Orange', 'خط أرضي', 'دمياط', 'رأس البر', 'وشوشة الأربعاء', NULL, NULL, 'pending', NULL, NULL, 'normal', NULL, 'معلقة', NULL, 'استفسارات', '2025-05-15 21:00:00'),
(402, 100, NULL, 'اتصالات - Etisalat', 'خدمة عملاء', 'بورسعيد', 'حي العرب', 'سوء معاملة الخميس', NULL, NULL, 'pending', NULL, NULL, 'normal', NULL, 'تم الحل', NULL, 'استفسارات', '2025-02-18 22:00:00'),
(403, 110, NULL, 'وي - We', 'إنترنت هوائي', 'الإسماعيلية', 'التل الكبير', 'إشارة ضعيفة الجمعة', NULL, NULL, 'pending', NULL, NULL, 'normal', NULL, 'جديدة', NULL, 'تغطية وشبكات', '2025-07-25 21:00:00'),
(404, 120, NULL, 'فودافون - Vodafone', 'إنترنت منزلي', 'السويس', 'بور توفيق', 'انقطاع السبت', NULL, NULL, 'pending', NULL, NULL, 'normal', NULL, 'معلقة', NULL, 'استفسارات', '2025-05-31 21:00:00'),
(405, 130, NULL, 'أورانج - Orange', 'موبايل إنترنت', 'الشرقية', 'بلبيس', 'نت بطيء الأحد', NULL, NULL, 'pending', NULL, NULL, 'normal', NULL, 'تم الحل', NULL, 'استفسارات', '2025-05-19 21:00:00'),
(406, 140, NULL, 'اتصالات - Etisalat', 'فواتير', 'بني سويف', 'الواسطى', 'خطأ دفع الاثنين', NULL, NULL, 'pending', NULL, NULL, 'normal', NULL, 'جديدة', NULL, 'استفسارات', '2025-08-30 21:00:00'),
(407, 150, NULL, 'وي - We', 'خدمة عملاء', 'الفيوم', 'سنورس', 'تأخير الثلاثاء', NULL, NULL, 'pending', NULL, NULL, 'normal', NULL, 'معلقة', NULL, 'استفسارات', '2025-03-04 22:00:00'),
(408, 160, NULL, 'فودافون - Vodafone', 'خط أرضي', 'المنيا', 'ملوي', 'عطل الأربعاء', NULL, NULL, 'pending', NULL, NULL, 'normal', NULL, 'تم الحل', NULL, 'أعطال إنترنت', '2025-11-17 22:00:00'),
(409, 170, NULL, 'أورانج - Orange', 'إنترنت هوائي', 'أسيوط', 'حي شرق', 'مشكلة الخميس', NULL, NULL, 'pending', NULL, NULL, 'normal', NULL, 'جديدة', NULL, 'أعطال إنترنت', '2025-11-16 22:00:00'),
(410, 180, NULL, 'اتصالات - Etisalat', 'إنترنت منزلي', 'سوهاج', 'طهطا', 'بطء الجمعة', NULL, NULL, 'pending', NULL, NULL, 'normal', NULL, 'معلقة', NULL, 'استفسارات', '2025-10-02 21:00:00'),
(411, 190, NULL, 'وي - We', 'موبايل إنترنت', 'قنا', 'قفط', 'ضعف سبت', NULL, NULL, 'pending', NULL, NULL, 'normal', NULL, 'تم الحل', NULL, 'حسابات ورصيد', '2025-02-17 22:00:00'),
(412, 200, NULL, 'فودافون - Vodafone', 'فواتير', 'الأقصر', 'إسنا', 'رصيد الأحد', NULL, NULL, 'pending', NULL, NULL, 'normal', NULL, 'جديدة', NULL, 'استفسارات', '2025-05-26 21:00:00'),
(413, 210, NULL, 'أورانج - Orange', 'خدمة عملاء', 'أسوان', 'كوم أمبو', 'رد متأخر الاثنين', NULL, NULL, 'pending', NULL, NULL, 'normal', NULL, 'معلقة', NULL, 'استفسارات', '2025-08-11 21:00:00'),
(414, 220, NULL, 'اتصالات - Etisalat', 'خط أرضي', 'البحر الأحمر', 'الغردقة', 'عطل الثلاثاء', NULL, NULL, 'pending', NULL, NULL, 'normal', NULL, 'تم الحل', NULL, 'أعطال إنترنت', '2025-11-09 22:00:00'),
(415, 230, NULL, 'وي - We', 'إنترنت هوائي', 'الوادي الجديد', 'الخارجة', 'إشارة الأربعاء', NULL, NULL, 'pending', NULL, NULL, 'normal', NULL, 'جديدة', NULL, 'استفسارات', '2025-06-16 21:00:00'),
(416, 240, NULL, 'فودافون - Vodafone', 'إنترنت منزلي', 'مطروح', 'سيوة', 'بطء الخميس', NULL, NULL, 'pending', NULL, NULL, 'normal', NULL, 'معلقة', NULL, 'استفسارات', '2025-09-19 21:00:00'),
(417, 250, NULL, 'أورانج - Orange', 'موبايل إنترنت', 'شمال سيناء', 'العريش', 'تغطية الجمعة', NULL, NULL, 'pending', NULL, NULL, 'normal', NULL, 'تم الحل', NULL, 'استفسارات', '2025-03-20 22:00:00'),
(418, 1, NULL, 'اتصالات - Etisalat', 'فواتير', 'جنوب سيناء', 'شرم الشيخ', 'فاتورة السبت', NULL, NULL, 'pending', NULL, NULL, 'normal', NULL, 'جديدة', NULL, 'استفسارات', '2025-12-03 22:00:00'),
(419, 1, NULL, 'وي - We', 'إنترنت منزلي', 'القاهرة', 'المعادي', 'عطل متكرر يوم الأحد صباحاً', NULL, NULL, 'pending', NULL, NULL, 'normal', NULL, 'جديدة', NULL, 'أعطال إنترنت', '2025-12-21 22:00:00'),
(420, 5, NULL, 'فودافون - Vodafone', 'موبايل إنترنت', 'الجيزة', 'الدقي', 'ضعف التغطية يوم الاثنين', NULL, NULL, 'pending', NULL, NULL, 'normal', NULL, 'معلقة', NULL, 'حسابات ورصيد', '2025-02-03 22:00:00'),
(421, 10, NULL, 'أورانج - Orange', 'فواتير', 'الإسكندرية', 'ميامي', 'مشكلة في الدفع يوم الثلاثاء', NULL, NULL, 'pending', NULL, NULL, 'normal', NULL, 'تم الحل', NULL, 'تغطية وشبكات', '2025-07-21 21:00:00'),
(422, 20, NULL, 'اتصالات - Etisalat', 'خدمة عملاء', 'الدقهلية', 'المنصورة', 'تأخير يوم الأربعاء', NULL, NULL, 'pending', NULL, NULL, 'normal', NULL, 'جديدة', NULL, 'استفسارات', '2025-06-26 21:00:00'),
(423, 30, NULL, 'وي - We', 'خط أرضي', 'القليوبية', 'بنها', 'حرارة مقطوعة الخميس', NULL, NULL, 'pending', NULL, NULL, 'normal', NULL, 'معلقة', NULL, 'استفسارات', '2025-10-08 21:00:00'),
(424, 40, NULL, 'فودافون - Vodafone', 'إنترنت هوائي', 'الشرقية', 'الزقازيق', 'فصل الخدمة يوم الجمعة', NULL, NULL, 'pending', NULL, NULL, 'normal', NULL, 'تم الحل', NULL, 'حسابات ورصيد', '2025-05-23 21:00:00'),
(425, 50, NULL, 'أورانج - Orange', 'خدمات أخرى', 'الغربية', 'طنطا', 'مشكلة يوم السبت', NULL, NULL, 'pending', NULL, NULL, 'normal', NULL, 'جديدة', NULL, 'أعطال إنترنت', '2025-08-27 21:00:00'),
(426, 60, NULL, 'اتصالات - Etisalat', 'إنترنت منزلي', 'المنوفية', 'شبين الكوم', 'بطء شديد الأحد', NULL, NULL, 'pending', NULL, NULL, 'normal', NULL, 'معلقة', NULL, 'استفسارات', '2025-02-03 22:00:00'),
(427, 70, NULL, 'وي - We', 'موبايل إنترنت', 'البحيرة', 'دمنهور', 'تغطية ضعيفة الاثنين', NULL, NULL, 'pending', NULL, NULL, 'normal', NULL, 'تم الحل', NULL, 'تغطية وشبكات', '2025-07-05 21:00:00'),
(428, 80, NULL, 'فودافون - Vodafone', 'فواتير', 'كفر الشيخ', 'بيلا', 'خصم رصيد الثلاثاء', NULL, NULL, 'pending', NULL, NULL, 'normal', NULL, 'جديدة', NULL, 'استفسارات', '2025-04-07 22:00:00'),
(429, 90, NULL, 'أورانج - Orange', 'خط أرضي', 'دمياط', 'رأس البر', 'وشوشة الأربعاء', NULL, NULL, 'pending', NULL, NULL, 'normal', NULL, 'معلقة', NULL, 'استفسارات', '2025-10-21 21:00:00'),
(430, 100, NULL, 'اتصالات - Etisalat', 'خدمة عملاء', 'بورسعيد', 'حي العرب', 'سوء معاملة الخميس', NULL, NULL, 'pending', NULL, NULL, 'normal', NULL, 'تم الحل', NULL, 'استفسارات', '2025-03-26 22:00:00'),
(431, 110, NULL, 'وي - We', 'إنترنت هوائي', 'الإسماعيلية', 'التل الكبير', 'إشارة ضعيفة الجمعة', NULL, NULL, 'pending', NULL, NULL, 'normal', NULL, 'جديدة', NULL, 'تغطية وشبكات', '2025-09-30 21:00:00'),
(432, 120, NULL, 'فودافون - Vodafone', 'إنترنت منزلي', 'السويس', 'بور توفيق', 'انقطاع السبت', NULL, NULL, 'pending', NULL, NULL, 'normal', NULL, 'معلقة', NULL, 'استفسارات', '2025-01-17 22:00:00'),
(433, 130, NULL, 'أورانج - Orange', 'موبايل إنترنت', 'الشرقية', 'بلبيس', 'نت بطيء الأحد', NULL, NULL, 'pending', NULL, NULL, 'normal', NULL, 'تم الحل', NULL, 'استفسارات', '2025-12-27 22:00:00'),
(434, 140, NULL, 'اتصالات - Etisalat', 'فواتير', 'بني سويف', 'الواسطى', 'خطأ دفع الاثنين', NULL, NULL, 'pending', NULL, NULL, 'normal', NULL, 'جديدة', NULL, 'استفسارات', '2025-10-19 21:00:00'),
(435, 150, NULL, 'وي - We', 'خدمة عملاء', 'الفيوم', 'سنورس', 'تأخير الثلاثاء', NULL, NULL, 'pending', NULL, NULL, 'normal', NULL, 'معلقة', NULL, 'استفسارات', '2025-01-15 22:00:00'),
(436, 160, NULL, 'فودافون - Vodafone', 'خط أرضي', 'المنيا', 'ملوي', 'عطل الأربعاء', NULL, NULL, 'pending', NULL, NULL, 'normal', NULL, 'تم الحل', NULL, 'أعطال إنترنت', '2025-10-23 21:00:00'),
(437, 170, NULL, 'أورانج - Orange', 'إنترنت هوائي', 'أسيوط', 'حي شرق', 'مشكلة الخميس', NULL, NULL, 'pending', NULL, NULL, 'normal', NULL, 'جديدة', NULL, 'أعطال إنترنت', '2025-12-04 22:00:00'),
(438, 180, NULL, 'اتصالات - Etisalat', 'إنترنت منزلي', 'سوهاج', 'طهطا', 'بطء الجمعة', NULL, NULL, 'pending', NULL, NULL, 'normal', NULL, 'معلقة', NULL, 'استفسارات', '2025-03-13 22:00:00'),
(439, 190, NULL, 'وي - We', 'موبايل إنترنت', 'قنا', 'قفط', 'ضعف سبت', NULL, NULL, 'pending', NULL, NULL, 'normal', NULL, 'تم الحل', NULL, 'حسابات ورصيد', '2025-03-18 22:00:00'),
(440, 200, NULL, 'فودافون - Vodafone', 'فواتير', 'الأقصر', 'إسنا', 'رصيد الأحد', NULL, NULL, 'pending', NULL, NULL, 'normal', NULL, 'جديدة', NULL, 'استفسارات', '2025-06-18 21:00:00'),
(441, 210, NULL, 'أورانج - Orange', 'خدمة عملاء', 'أسوان', 'كوم أمبو', 'رد متأخر الاثنين', NULL, NULL, 'pending', NULL, NULL, 'normal', NULL, 'معلقة', NULL, 'استفسارات', '2025-09-08 21:00:00'),
(442, 220, NULL, 'اتصالات - Etisalat', 'خط أرضي', 'البحر الأحمر', 'الغردقة', 'عطل الثلاثاء', NULL, NULL, 'pending', NULL, NULL, 'normal', NULL, 'تم الحل', NULL, 'أعطال إنترنت', '2025-01-17 22:00:00'),
(443, 230, NULL, 'وي - We', 'إنترنت هوائي', 'الوادي الجديد', 'الخارجة', 'إشارة الأربعاء', NULL, NULL, 'pending', NULL, NULL, 'normal', NULL, 'جديدة', NULL, 'استفسارات', '2025-03-03 22:00:00'),
(444, 240, NULL, 'فودافون - Vodafone', 'إنترنت منزلي', 'مطروح', 'سيوة', 'بطء الخميس', NULL, NULL, 'pending', NULL, NULL, 'normal', NULL, 'معلقة', NULL, 'استفسارات', '2025-09-16 21:00:00'),
(445, 250, NULL, 'أورانج - Orange', 'موبايل إنترنت', 'شمال سيناء', 'العريش', 'تغطية الجمعة', NULL, NULL, 'pending', NULL, NULL, 'normal', NULL, 'تم الحل', NULL, 'استفسارات', '2025-01-16 22:00:00'),
(446, 1, NULL, 'اتصالات - Etisalat', 'فواتير', 'جنوب سيناء', 'شرم الشيخ', 'فاتورة السبت', NULL, NULL, 'pending', NULL, NULL, 'normal', NULL, 'جديدة', NULL, 'استفسارات', '2025-01-31 22:00:00'),
(447, 1, NULL, 'وي - We', 'إنترنت منزلي', 'القاهرة', 'المعادي', 'عطل متكرر يوم الأحد صباحاً', NULL, NULL, 'pending', NULL, NULL, 'normal', NULL, 'جديدة', NULL, 'أعطال إنترنت', '2025-04-20 22:00:00'),
(448, 5, NULL, 'فودافون - Vodafone', 'موبايل إنترنت', 'الجيزة', 'الدقي', 'ضعف التغطية يوم الاثنين', NULL, NULL, 'pending', NULL, NULL, 'normal', NULL, 'معلقة', NULL, 'حسابات ورصيد', '2025-04-03 22:00:00'),
(449, 10, NULL, 'أورانج - Orange', 'فواتير', 'الإسكندرية', 'ميامي', 'مشكلة في الدفع يوم الثلاثاء', NULL, NULL, 'pending', NULL, NULL, 'normal', NULL, 'تم الحل', NULL, 'تغطية وشبكات', '2025-05-16 21:00:00'),
(450, 20, NULL, 'اتصالات - Etisalat', 'خدمة عملاء', 'الدقهلية', 'المنصورة', 'تأخير يوم الأربعاء', NULL, NULL, 'pending', NULL, NULL, 'normal', NULL, 'جديدة', NULL, 'استفسارات', '2025-02-06 22:00:00'),
(451, 30, NULL, 'وي - We', 'خط أرضي', 'القليوبية', 'بنها', 'حرارة مقطوعة الخميس', NULL, NULL, 'pending', NULL, NULL, 'normal', NULL, 'معلقة', NULL, 'استفسارات', '2025-05-21 21:00:00'),
(452, 40, NULL, 'فودافون - Vodafone', 'إنترنت هوائي', 'الشرقية', 'الزقازيق', 'فصل الخدمة يوم الجمعة', NULL, NULL, 'pending', NULL, NULL, 'normal', NULL, 'تم الحل', NULL, 'حسابات ورصيد', '2025-08-19 21:00:00'),
(453, 50, NULL, 'أورانج - Orange', 'خدمات أخرى', 'الغربية', 'طنطا', 'مشكلة يوم السبت', NULL, NULL, 'pending', NULL, NULL, 'normal', NULL, 'جديدة', NULL, 'أعطال إنترنت', '2025-01-02 22:00:00'),
(454, 60, NULL, 'اتصالات - Etisalat', 'إنترنت منزلي', 'المنوفية', 'شبين الكوم', 'بطء شديد الأحد', NULL, NULL, 'pending', NULL, NULL, 'normal', NULL, 'معلقة', NULL, 'استفسارات', '2025-02-17 22:00:00'),
(455, 70, NULL, 'وي - We', 'موبايل إنترنت', 'البحيرة', 'دمنهور', 'تغطية ضعيفة الاثنين', NULL, NULL, 'pending', NULL, NULL, 'normal', NULL, 'تم الحل', NULL, 'تغطية وشبكات', '2025-08-20 21:00:00'),
(456, 80, NULL, 'فودافون - Vodafone', 'فواتير', 'كفر الشيخ', 'بيلا', 'خصم رصيد الثلاثاء', NULL, NULL, 'pending', NULL, NULL, 'normal', NULL, 'جديدة', NULL, 'استفسارات', '2025-10-16 21:00:00'),
(457, 90, NULL, 'أورانج - Orange', 'خط أرضي', 'دمياط', 'رأس البر', 'وشوشة الأربعاء', NULL, NULL, 'pending', NULL, NULL, 'normal', NULL, 'معلقة', NULL, 'استفسارات', '2025-01-18 22:00:00'),
(458, 100, NULL, 'اتصالات - Etisalat', 'خدمة عملاء', 'بورسعيد', 'حي العرب', 'سوء معاملة الخميس', NULL, NULL, 'pending', NULL, NULL, 'normal', NULL, 'تم الحل', NULL, 'استفسارات', '2025-11-15 22:00:00'),
(459, 110, NULL, 'وي - We', 'إنترنت هوائي', 'الإسماعيلية', 'التل الكبير', 'إشارة ضعيفة الجمعة', NULL, NULL, 'pending', NULL, NULL, 'normal', NULL, 'جديدة', NULL, 'تغطية وشبكات', '2025-03-24 22:00:00'),
(460, 120, NULL, 'فودافون - Vodafone', 'إنترنت منزلي', 'السويس', 'بور توفيق', 'انقطاع السبت', NULL, NULL, 'pending', NULL, NULL, 'normal', NULL, 'معلقة', NULL, 'استفسارات', '2025-07-08 21:00:00'),
(461, 130, NULL, 'أورانج - Orange', 'موبايل إنترنت', 'الشرقية', 'بلبيس', 'نت بطيء الأحد', NULL, NULL, 'pending', NULL, NULL, 'normal', NULL, 'تم الحل', NULL, 'استفسارات', '2025-11-25 22:00:00'),
(462, 140, NULL, 'اتصالات - Etisalat', 'فواتير', 'بني سويف', 'الواسطى', 'خطأ دفع الاثنين', NULL, NULL, 'pending', NULL, NULL, 'normal', NULL, 'جديدة', NULL, 'استفسارات', '2025-12-17 22:00:00'),
(463, 150, NULL, 'وي - We', 'خدمة عملاء', 'الفيوم', 'سنورس', 'تأخير الثلاثاء', NULL, NULL, 'pending', NULL, NULL, 'normal', NULL, 'معلقة', NULL, 'استفسارات', '2025-02-05 22:00:00'),
(464, 160, NULL, 'فودافون - Vodafone', 'خط أرضي', 'المنيا', 'ملوي', 'عطل الأربعاء', NULL, NULL, 'pending', NULL, NULL, 'normal', NULL, 'تم الحل', NULL, 'أعطال إنترنت', '2025-08-10 21:00:00'),
(465, 170, NULL, 'أورانج - Orange', 'إنترنت هوائي', 'أسيوط', 'حي شرق', 'مشكلة الخميس', NULL, NULL, 'pending', NULL, NULL, 'normal', NULL, 'جديدة', NULL, 'أعطال إنترنت', '2025-09-29 21:00:00'),
(466, 180, NULL, 'اتصالات - Etisalat', 'إنترنت منزلي', 'سوهاج', 'طهطا', 'بطء الجمعة', NULL, NULL, 'pending', NULL, NULL, 'normal', NULL, 'معلقة', NULL, 'استفسارات', '2025-11-26 22:00:00'),
(467, 190, NULL, 'وي - We', 'موبايل إنترنت', 'قنا', 'قفط', 'ضعف سبت', NULL, NULL, 'pending', NULL, NULL, 'normal', NULL, 'تم الحل', NULL, 'حسابات ورصيد', '2025-04-15 22:00:00'),
(468, 200, NULL, 'فودافون - Vodafone', 'فواتير', 'الأقصر', 'إسنا', 'رصيد الأحد', NULL, NULL, 'pending', NULL, NULL, 'normal', NULL, 'جديدة', NULL, 'استفسارات', '2025-09-24 21:00:00'),
(469, 210, NULL, 'أورانج - Orange', 'خدمة عملاء', 'أسوان', 'كوم أمبو', 'رد متأخر الاثنين', NULL, NULL, 'pending', NULL, NULL, 'normal', NULL, 'معلقة', NULL, 'استفسارات', '2025-10-17 21:00:00'),
(470, 220, NULL, 'اتصالات - Etisalat', 'خط أرضي', 'البحر الأحمر', 'الغردقة', 'عطل الثلاثاء', NULL, NULL, 'pending', NULL, NULL, 'normal', NULL, 'تم الحل', NULL, 'أعطال إنترنت', '2025-10-09 21:00:00'),
(471, 230, NULL, 'وي - We', 'إنترنت هوائي', 'الوادي الجديد', 'الخارجة', 'إشارة الأربعاء', NULL, NULL, 'pending', NULL, NULL, 'normal', NULL, 'جديدة', NULL, 'استفسارات', '2025-06-27 21:00:00'),
(472, 240, NULL, 'فودافون - Vodafone', 'إنترنت منزلي', 'مطروح', 'سيوة', 'بطء الخميس', NULL, NULL, 'pending', NULL, NULL, 'normal', NULL, 'معلقة', NULL, 'استفسارات', '2025-02-13 22:00:00'),
(473, 250, NULL, 'أورانج - Orange', 'موبايل إنترنت', 'شمال سيناء', 'العريش', 'تغطية الجمعة', NULL, NULL, 'pending', NULL, NULL, 'normal', NULL, 'تم الحل', NULL, 'استفسارات', '2025-02-20 22:00:00'),
(474, 1, NULL, 'اتصالات - Etisalat', 'فواتير', 'جنوب سيناء', 'شرم الشيخ', 'فاتورة السبت', NULL, NULL, 'pending', NULL, NULL, 'normal', NULL, 'جديدة', NULL, 'استفسارات', '2025-05-04 21:00:00'),
(475, 1, NULL, 'وي - We', 'إنترنت منزلي', 'القاهرة', 'المعادي', 'عطل متكرر يوم الأحد صباحاً', NULL, NULL, 'pending', NULL, NULL, 'normal', NULL, 'جديدة', NULL, 'أعطال إنترنت', '2025-04-10 22:00:00'),
(476, 5, NULL, 'فودافون - Vodafone', 'موبايل إنترنت', 'الجيزة', 'الدقي', 'ضعف التغطية يوم الاثنين', NULL, NULL, 'pending', NULL, NULL, 'normal', NULL, 'معلقة', NULL, 'حسابات ورصيد', '2025-05-11 21:00:00'),
(477, 10, NULL, 'أورانج - Orange', 'فواتير', 'الإسكندرية', 'ميامي', 'مشكلة في الدفع يوم الثلاثاء', NULL, NULL, 'pending', NULL, NULL, 'normal', NULL, 'تم الحل', NULL, 'تغطية وشبكات', '2025-12-23 22:00:00'),
(478, 20, NULL, 'اتصالات - Etisalat', 'خدمة عملاء', 'الدقهلية', 'المنصورة', 'تأخير يوم الأربعاء', NULL, NULL, 'pending', NULL, NULL, 'normal', NULL, 'جديدة', NULL, 'استفسارات', '2025-10-23 21:00:00'),
(479, 30, NULL, 'وي - We', 'خط أرضي', 'القليوبية', 'بنها', 'حرارة مقطوعة الخميس', NULL, NULL, 'pending', NULL, NULL, 'normal', NULL, 'معلقة', NULL, 'استفسارات', '2025-02-12 22:00:00'),
(480, 40, NULL, 'فودافون - Vodafone', 'إنترنت هوائي', 'الشرقية', 'الزقازيق', 'فصل الخدمة يوم الجمعة', NULL, NULL, 'pending', NULL, NULL, 'normal', NULL, 'تم الحل', NULL, 'حسابات ورصيد', '2025-02-27 22:00:00'),
(481, 50, NULL, 'أورانج - Orange', 'خدمات أخرى', 'الغربية', 'طنطا', 'مشكلة يوم السبت', NULL, NULL, 'pending', NULL, NULL, 'normal', NULL, 'جديدة', NULL, 'أعطال إنترنت', '2025-06-11 21:00:00'),
(482, 60, NULL, 'اتصالات - Etisalat', 'إنترنت منزلي', 'المنوفية', 'شبين الكوم', 'بطء شديد الأحد', NULL, NULL, 'pending', NULL, NULL, 'normal', NULL, 'معلقة', NULL, 'استفسارات', '2025-09-29 21:00:00'),
(483, 70, NULL, 'وي - We', 'موبايل إنترنت', 'البحيرة', 'دمنهور', 'تغطية ضعيفة الاثنين', NULL, NULL, 'pending', NULL, NULL, 'normal', NULL, 'تم الحل', NULL, 'تغطية وشبكات', '2025-05-24 21:00:00'),
(484, 80, NULL, 'فودافون - Vodafone', 'فواتير', 'كفر الشيخ', 'بيلا', 'خصم رصيد الثلاثاء', NULL, NULL, 'pending', NULL, NULL, 'normal', NULL, 'جديدة', NULL, 'استفسارات', '2025-09-28 21:00:00');
INSERT INTO `complaints` (`id`, `customer_id`, `support_id`, `company_name`, `service_type`, `governorate`, `location`, `description`, `complaint_phone`, `landline`, `customer_approval`, `rejection_reason`, `approval_requested_at`, `escalation_level`, `image_path`, `status`, `admin_reply`, `ai_category`, `created_at`) VALUES
(485, 90, NULL, 'أورانج - Orange', 'خط أرضي', 'دمياط', 'رأس البر', 'وشوشة الأربعاء', NULL, NULL, 'pending', NULL, NULL, 'normal', NULL, 'معلقة', NULL, 'استفسارات', '2025-07-12 21:00:00'),
(486, 100, NULL, 'اتصالات - Etisalat', 'خدمة عملاء', 'بورسعيد', 'حي العرب', 'سوء معاملة الخميس', NULL, NULL, 'pending', NULL, NULL, 'normal', NULL, 'تم الحل', NULL, 'استفسارات', '2025-05-31 21:00:00'),
(487, 110, NULL, 'وي - We', 'إنترنت هوائي', 'الإسماعيلية', 'التل الكبير', 'إشارة ضعيفة الجمعة', NULL, NULL, 'pending', NULL, NULL, 'normal', NULL, 'جديدة', NULL, 'تغطية وشبكات', '2025-06-27 21:00:00'),
(488, 120, NULL, 'فودافون - Vodafone', 'إنترنت منزلي', 'السويس', 'بور توفيق', 'انقطاع السبت', NULL, NULL, 'pending', NULL, NULL, 'normal', NULL, 'معلقة', NULL, 'استفسارات', '2025-03-13 22:00:00'),
(489, 130, NULL, 'أورانج - Orange', 'موبايل إنترنت', 'الشرقية', 'بلبيس', 'نت بطيء الأحد', NULL, NULL, 'pending', NULL, NULL, 'normal', NULL, 'تم الحل', NULL, 'استفسارات', '2025-07-09 21:00:00'),
(490, 140, NULL, 'اتصالات - Etisalat', 'فواتير', 'بني سويف', 'الواسطى', 'خطأ دفع الاثنين', NULL, NULL, 'pending', NULL, NULL, 'normal', NULL, 'جديدة', NULL, 'استفسارات', '2025-01-05 22:00:00'),
(491, 150, NULL, 'وي - We', 'خدمة عملاء', 'الفيوم', 'سنورس', 'تأخير الثلاثاء', NULL, NULL, 'pending', NULL, NULL, 'normal', NULL, 'معلقة', NULL, 'استفسارات', '2025-07-07 21:00:00'),
(492, 160, NULL, 'فودافون - Vodafone', 'خط أرضي', 'المنيا', 'ملوي', 'عطل الأربعاء', NULL, NULL, 'pending', NULL, NULL, 'normal', NULL, 'تم الحل', NULL, 'أعطال إنترنت', '2025-07-13 21:00:00'),
(493, 170, NULL, 'أورانج - Orange', 'إنترنت هوائي', 'أسيوط', 'حي شرق', 'مشكلة الخميس', NULL, NULL, 'pending', NULL, NULL, 'normal', NULL, 'جديدة', NULL, 'أعطال إنترنت', '2025-02-11 22:00:00'),
(494, 180, NULL, 'اتصالات - Etisalat', 'إنترنت منزلي', 'سوهاج', 'طهطا', 'بطء الجمعة', NULL, NULL, 'pending', NULL, NULL, 'normal', NULL, 'معلقة', NULL, 'استفسارات', '2025-12-24 22:00:00'),
(495, 190, NULL, 'وي - We', 'موبايل إنترنت', 'قنا', 'قفط', 'ضعف سبت', NULL, NULL, 'pending', NULL, NULL, 'normal', NULL, 'تم الحل', NULL, 'حسابات ورصيد', '2025-07-25 21:00:00'),
(496, 200, NULL, 'فودافون - Vodafone', 'فواتير', 'الأقصر', 'إسنا', 'رصيد الأحد', NULL, NULL, 'pending', NULL, NULL, 'normal', NULL, 'جديدة', NULL, 'استفسارات', '2025-11-16 22:00:00'),
(497, 210, NULL, 'أورانج - Orange', 'خدمة عملاء', 'أسوان', 'كوم أمبو', 'رد متأخر الاثنين', NULL, NULL, 'pending', NULL, NULL, 'normal', NULL, 'معلقة', NULL, 'استفسارات', '2025-09-12 21:00:00'),
(498, 220, NULL, 'اتصالات - Etisalat', 'خط أرضي', 'البحر الأحمر', 'الغردقة', 'عطل الثلاثاء', NULL, NULL, 'pending', NULL, NULL, 'normal', NULL, 'تم الحل', NULL, 'أعطال إنترنت', '2025-11-09 22:00:00'),
(499, 230, NULL, 'وي - We', 'إنترنت هوائي', 'الوادي الجديد', 'الخارجة', 'إشارة الأربعاء', NULL, NULL, 'pending', NULL, NULL, 'normal', NULL, 'جديدة', NULL, 'استفسارات', '2025-03-11 22:00:00'),
(500, 240, NULL, 'فودافون - Vodafone', 'إنترنت منزلي', 'مطروح', 'سيوة', 'بطء الخميس', NULL, NULL, 'pending', NULL, NULL, 'normal', NULL, 'معلقة', NULL, 'استفسارات', '2025-05-22 21:00:00'),
(501, 250, NULL, 'أورانج - Orange', 'موبايل إنترنت', 'شمال سيناء', 'العريش', 'تغطية الجمعة', NULL, NULL, 'pending', NULL, NULL, 'normal', NULL, 'تم الحل', NULL, 'استفسارات', '2025-05-14 21:00:00'),
(502, 1, NULL, 'اتصالات - Etisalat', 'فواتير', 'جنوب سيناء', 'شرم الشيخ', 'فاتورة السبت', NULL, NULL, 'pending', NULL, NULL, 'normal', NULL, 'جديدة', NULL, 'استفسارات', '2025-09-04 21:00:00'),
(503, 1, NULL, 'وي - We', 'إنترنت منزلي', 'القاهرة', 'المعادي', 'عطل متكرر يوم الأحد صباحاً', NULL, NULL, 'pending', NULL, NULL, 'normal', NULL, 'جديدة', NULL, 'أعطال إنترنت', '2025-04-12 22:00:00'),
(504, 5, NULL, 'فودافون - Vodafone', 'موبايل إنترنت', 'الجيزة', 'الدقي', 'ضعف التغطية يوم الاثنين', NULL, NULL, 'pending', NULL, NULL, 'normal', NULL, 'معلقة', NULL, 'حسابات ورصيد', '2025-05-17 21:00:00'),
(505, 10, NULL, 'أورانج - Orange', 'فواتير', 'الإسكندرية', 'ميامي', 'مشكلة في الدفع يوم الثلاثاء', NULL, NULL, 'pending', NULL, NULL, 'normal', NULL, 'تم الحل', NULL, 'تغطية وشبكات', '2025-01-11 22:00:00'),
(506, 20, NULL, 'اتصالات - Etisalat', 'خدمة عملاء', 'الدقهلية', 'المنصورة', 'تأخير يوم الأربعاء', NULL, NULL, 'pending', NULL, NULL, 'normal', NULL, 'جديدة', NULL, 'استفسارات', '2025-01-12 22:00:00'),
(507, 30, NULL, 'وي - We', 'خط أرضي', 'القليوبية', 'بنها', 'حرارة مقطوعة الخميس', NULL, NULL, 'pending', NULL, NULL, 'normal', NULL, 'معلقة', NULL, 'استفسارات', '2025-01-27 22:00:00'),
(508, 40, NULL, 'فودافون - Vodafone', 'إنترنت هوائي', 'الشرقية', 'الزقازيق', 'فصل الخدمة يوم الجمعة', NULL, NULL, 'pending', NULL, NULL, 'normal', NULL, 'تم الحل', NULL, 'حسابات ورصيد', '2025-04-10 22:00:00'),
(509, 50, NULL, 'أورانج - Orange', 'خدمات أخرى', 'الغربية', 'طنطا', 'مشكلة يوم السبت', NULL, NULL, 'pending', NULL, NULL, 'normal', NULL, 'جديدة', NULL, 'أعطال إنترنت', '2025-02-24 22:00:00'),
(510, 60, NULL, 'اتصالات - Etisalat', 'إنترنت منزلي', 'المنوفية', 'شبين الكوم', 'بطء شديد الأحد', NULL, NULL, 'pending', NULL, NULL, 'normal', NULL, 'معلقة', NULL, 'استفسارات', '2025-12-04 22:00:00'),
(511, 70, NULL, 'وي - We', 'موبايل إنترنت', 'البحيرة', 'دمنهور', 'تغطية ضعيفة الاثنين', NULL, NULL, 'pending', NULL, NULL, 'normal', NULL, 'تم الحل', NULL, 'تغطية وشبكات', '2025-03-10 22:00:00'),
(512, 80, NULL, 'فودافون - Vodafone', 'فواتير', 'كفر الشيخ', 'بيلا', 'خصم رصيد الثلاثاء', NULL, NULL, 'pending', NULL, NULL, 'normal', NULL, 'جديدة', NULL, 'استفسارات', '2025-02-27 22:00:00'),
(513, 90, NULL, 'أورانج - Orange', 'خط أرضي', 'دمياط', 'رأس البر', 'وشوشة الأربعاء', NULL, NULL, 'pending', NULL, NULL, 'normal', NULL, 'معلقة', NULL, 'استفسارات', '2025-03-27 22:00:00'),
(514, 100, NULL, 'اتصالات - Etisalat', 'خدمة عملاء', 'بورسعيد', 'حي العرب', 'سوء معاملة الخميس', NULL, NULL, 'pending', NULL, NULL, 'normal', NULL, 'تم الحل', NULL, 'استفسارات', '2025-09-12 21:00:00'),
(515, 110, NULL, 'وي - We', 'إنترنت هوائي', 'الإسماعيلية', 'التل الكبير', 'إشارة ضعيفة الجمعة', NULL, NULL, 'pending', NULL, NULL, 'normal', NULL, 'جديدة', NULL, 'تغطية وشبكات', '2025-10-16 21:00:00'),
(516, 120, NULL, 'فودافون - Vodafone', 'إنترنت منزلي', 'السويس', 'بور توفيق', 'انقطاع السبت', NULL, NULL, 'pending', NULL, NULL, 'normal', NULL, 'معلقة', NULL, 'استفسارات', '2025-11-09 22:00:00'),
(517, 130, NULL, 'أورانج - Orange', 'موبايل إنترنت', 'الشرقية', 'بلبيس', 'نت بطيء الأحد', NULL, NULL, 'pending', NULL, NULL, 'normal', NULL, 'تم الحل', NULL, 'استفسارات', '2025-12-03 22:00:00'),
(518, 140, NULL, 'اتصالات - Etisalat', 'فواتير', 'بني سويف', 'الواسطى', 'خطأ دفع الاثنين', NULL, NULL, 'pending', NULL, NULL, 'normal', NULL, 'جديدة', NULL, 'استفسارات', '2025-01-13 22:00:00'),
(519, 150, NULL, 'وي - We', 'خدمة عملاء', 'الفيوم', 'سنورس', 'تأخير الثلاثاء', NULL, NULL, 'pending', NULL, NULL, 'normal', NULL, 'معلقة', NULL, 'استفسارات', '2025-06-01 21:00:00'),
(520, 160, NULL, 'فودافون - Vodafone', 'خط أرضي', 'المنيا', 'ملوي', 'عطل الأربعاء', NULL, NULL, 'pending', NULL, NULL, 'normal', NULL, 'تم الحل', NULL, 'أعطال إنترنت', '2025-12-20 22:00:00'),
(521, 170, NULL, 'أورانج - Orange', 'إنترنت هوائي', 'أسيوط', 'حي شرق', 'مشكلة الخميس', NULL, NULL, 'pending', NULL, NULL, 'normal', NULL, 'جديدة', NULL, 'أعطال إنترنت', '2025-08-08 21:00:00'),
(522, 180, NULL, 'اتصالات - Etisalat', 'إنترنت منزلي', 'سوهاج', 'طهطا', 'بطء الجمعة', NULL, NULL, 'pending', NULL, NULL, 'normal', NULL, 'معلقة', NULL, 'استفسارات', '2025-02-10 22:00:00'),
(523, 190, NULL, 'وي - We', 'موبايل إنترنت', 'قنا', 'قفط', 'ضعف سبت', NULL, NULL, 'pending', NULL, NULL, 'normal', NULL, 'تم الحل', NULL, 'حسابات ورصيد', '2025-09-30 21:00:00'),
(524, 200, NULL, 'فودافون - Vodafone', 'فواتير', 'الأقصر', 'إسنا', 'رصيد الأحد', NULL, NULL, 'pending', NULL, NULL, 'normal', NULL, 'جديدة', NULL, 'استفسارات', '2025-05-30 21:00:00'),
(525, 210, NULL, 'أورانج - Orange', 'خدمة عملاء', 'أسوان', 'كوم أمبو', 'رد متأخر الاثنين', NULL, NULL, 'pending', NULL, NULL, 'normal', NULL, 'معلقة', NULL, 'استفسارات', '2025-10-21 21:00:00'),
(526, 220, NULL, 'اتصالات - Etisalat', 'خط أرضي', 'البحر الأحمر', 'الغردقة', 'عطل الثلاثاء', NULL, NULL, 'pending', NULL, NULL, 'normal', NULL, 'تم الحل', NULL, 'أعطال إنترنت', '2025-10-17 21:00:00'),
(527, 230, NULL, 'وي - We', 'إنترنت هوائي', 'الوادي الجديد', 'الخارجة', 'إشارة الأربعاء', NULL, NULL, 'pending', NULL, NULL, 'normal', NULL, 'جديدة', NULL, 'استفسارات', '2025-07-24 21:00:00'),
(528, 240, NULL, 'فودافون - Vodafone', 'إنترنت منزلي', 'مطروح', 'سيوة', 'بطء الخميس', NULL, NULL, 'pending', NULL, NULL, 'normal', NULL, 'معلقة', NULL, 'استفسارات', '2025-06-04 21:00:00'),
(529, 250, NULL, 'أورانج - Orange', 'موبايل إنترنت', 'شمال سيناء', 'العريش', 'تغطية الجمعة', NULL, NULL, 'pending', NULL, NULL, 'normal', NULL, 'تم الحل', NULL, 'استفسارات', '2025-06-12 21:00:00'),
(530, 1, NULL, 'اتصالات - Etisalat', 'فواتير', 'جنوب سيناء', 'شرم الشيخ', 'فاتورة السبت', NULL, NULL, 'pending', NULL, NULL, 'normal', NULL, 'جديدة', NULL, 'استفسارات', '2025-12-13 22:00:00'),
(531, 1, NULL, 'وي - We', 'إنترنت منزلي', 'القاهرة', 'المعادي', 'عطل متكرر يوم الأحد صباحاً', NULL, NULL, 'pending', NULL, NULL, 'normal', NULL, 'جديدة', NULL, 'أعطال إنترنت', '2025-06-03 21:00:00'),
(532, 5, NULL, 'فودافون - Vodafone', 'موبايل إنترنت', 'الجيزة', 'الدقي', 'ضعف التغطية يوم الاثنين', NULL, NULL, 'pending', NULL, NULL, 'normal', NULL, 'معلقة', NULL, 'حسابات ورصيد', '2025-04-04 22:00:00'),
(533, 10, NULL, 'أورانج - Orange', 'فواتير', 'الإسكندرية', 'ميامي', 'مشكلة في الدفع يوم الثلاثاء', NULL, NULL, 'pending', NULL, NULL, 'normal', NULL, 'تم الحل', NULL, 'تغطية وشبكات', '2025-01-09 22:00:00'),
(534, 20, NULL, 'اتصالات - Etisalat', 'خدمة عملاء', 'الدقهلية', 'المنصورة', 'تأخير يوم الأربعاء', NULL, NULL, 'pending', NULL, NULL, 'normal', NULL, 'جديدة', NULL, 'استفسارات', '2025-05-06 21:00:00'),
(535, 30, NULL, 'وي - We', 'خط أرضي', 'القليوبية', 'بنها', 'حرارة مقطوعة الخميس', NULL, NULL, 'pending', NULL, NULL, 'normal', NULL, 'معلقة', NULL, 'استفسارات', '2025-08-28 21:00:00'),
(536, 40, NULL, 'فودافون - Vodafone', 'إنترنت هوائي', 'الشرقية', 'الزقازيق', 'فصل الخدمة يوم الجمعة', NULL, NULL, 'pending', NULL, NULL, 'normal', NULL, 'تم الحل', NULL, 'حسابات ورصيد', '2025-04-04 22:00:00'),
(537, 50, NULL, 'أورانج - Orange', 'خدمات أخرى', 'الغربية', 'طنطا', 'مشكلة يوم السبت', NULL, NULL, 'pending', NULL, NULL, 'normal', NULL, 'جديدة', NULL, 'أعطال إنترنت', '2025-04-26 21:00:00'),
(538, 60, NULL, 'اتصالات - Etisalat', 'إنترنت منزلي', 'المنوفية', 'شبين الكوم', 'بطء شديد الأحد', NULL, NULL, 'pending', NULL, NULL, 'normal', NULL, 'معلقة', NULL, 'استفسارات', '2025-10-26 21:00:00'),
(539, 70, NULL, 'وي - We', 'موبايل إنترنت', 'البحيرة', 'دمنهور', 'تغطية ضعيفة الاثنين', NULL, NULL, 'pending', NULL, NULL, 'normal', NULL, 'تم الحل', NULL, 'تغطية وشبكات', '2025-02-20 22:00:00'),
(540, 80, NULL, 'فودافون - Vodafone', 'فواتير', 'كفر الشيخ', 'بيلا', 'خصم رصيد الثلاثاء', NULL, NULL, 'pending', NULL, NULL, 'normal', NULL, 'جديدة', NULL, 'استفسارات', '2025-03-29 22:00:00'),
(541, 90, NULL, 'أورانج - Orange', 'خط أرضي', 'دمياط', 'رأس البر', 'وشوشة الأربعاء', NULL, NULL, 'pending', NULL, NULL, 'normal', NULL, 'معلقة', NULL, 'استفسارات', '2025-10-15 21:00:00'),
(542, 100, NULL, 'اتصالات - Etisalat', 'خدمة عملاء', 'بورسعيد', 'حي العرب', 'سوء معاملة الخميس', NULL, NULL, 'pending', NULL, NULL, 'normal', NULL, 'تم الحل', NULL, 'استفسارات', '2025-03-23 22:00:00'),
(543, 110, NULL, 'وي - We', 'إنترنت هوائي', 'الإسماعيلية', 'التل الكبير', 'إشارة ضعيفة الجمعة', NULL, NULL, 'pending', NULL, NULL, 'normal', NULL, 'جديدة', NULL, 'تغطية وشبكات', '2025-10-01 21:00:00'),
(544, 120, NULL, 'فودافون - Vodafone', 'إنترنت منزلي', 'السويس', 'بور توفيق', 'انقطاع السبت', NULL, NULL, 'pending', NULL, NULL, 'normal', NULL, 'معلقة', NULL, 'استفسارات', '2025-02-01 22:00:00'),
(545, 130, NULL, 'أورانج - Orange', 'موبايل إنترنت', 'الشرقية', 'بلبيس', 'نت بطيء الأحد', NULL, NULL, 'pending', NULL, NULL, 'normal', NULL, 'تم الحل', NULL, 'استفسارات', '2025-03-09 22:00:00'),
(546, 140, NULL, 'اتصالات - Etisalat', 'فواتير', 'بني سويف', 'الواسطى', 'خطأ دفع الاثنين', NULL, NULL, 'pending', NULL, NULL, 'normal', NULL, 'جديدة', NULL, 'استفسارات', '2025-09-02 21:00:00'),
(547, 150, NULL, 'وي - We', 'خدمة عملاء', 'الفيوم', 'سنورس', 'تأخير الثلاثاء', NULL, NULL, 'pending', NULL, NULL, 'normal', NULL, 'معلقة', NULL, 'استفسارات', '2025-10-17 21:00:00'),
(548, 160, NULL, 'فودافون - Vodafone', 'خط أرضي', 'المنيا', 'ملوي', 'عطل الأربعاء', NULL, NULL, 'pending', NULL, NULL, 'normal', NULL, 'تم الحل', NULL, 'أعطال إنترنت', '2025-12-16 22:00:00'),
(549, 170, NULL, 'أورانج - Orange', 'إنترنت هوائي', 'أسيوط', 'حي شرق', 'مشكلة الخميس', NULL, NULL, 'pending', NULL, NULL, 'normal', NULL, 'جديدة', NULL, 'أعطال إنترنت', '2025-05-30 21:00:00'),
(550, 180, NULL, 'اتصالات - Etisalat', 'إنترنت منزلي', 'سوهاج', 'طهطا', 'بطء الجمعة', NULL, NULL, 'pending', NULL, NULL, 'normal', NULL, 'معلقة', NULL, 'استفسارات', '2025-03-10 22:00:00'),
(551, 190, NULL, 'وي - We', 'موبايل إنترنت', 'قنا', 'قفط', 'ضعف سبت', NULL, NULL, 'pending', NULL, NULL, 'normal', NULL, 'تم الحل', NULL, 'حسابات ورصيد', '2025-09-14 21:00:00'),
(552, 200, NULL, 'فودافون - Vodafone', 'فواتير', 'الأقصر', 'إسنا', 'رصيد الأحد', NULL, NULL, 'pending', NULL, NULL, 'normal', NULL, 'جديدة', NULL, 'استفسارات', '2025-12-14 22:00:00'),
(553, 210, NULL, 'أورانج - Orange', 'خدمة عملاء', 'أسوان', 'كوم أمبو', 'رد متأخر الاثنين', NULL, NULL, 'pending', NULL, NULL, 'normal', NULL, 'معلقة', NULL, 'استفسارات', '2025-08-29 21:00:00'),
(554, 220, NULL, 'اتصالات - Etisalat', 'خط أرضي', 'البحر الأحمر', 'الغردقة', 'عطل الثلاثاء', NULL, NULL, 'pending', NULL, NULL, 'normal', NULL, 'تم الحل', NULL, 'أعطال إنترنت', '2025-06-09 21:00:00'),
(555, 230, NULL, 'وي - We', 'إنترنت هوائي', 'الوادي الجديد', 'الخارجة', 'إشارة الأربعاء', NULL, NULL, 'pending', NULL, NULL, 'normal', NULL, 'جديدة', NULL, 'استفسارات', '2025-03-20 22:00:00'),
(556, 240, NULL, 'فودافون - Vodafone', 'إنترنت منزلي', 'مطروح', 'سيوة', 'بطء الخميس', NULL, NULL, 'pending', NULL, NULL, 'normal', NULL, 'معلقة', NULL, 'استفسارات', '2025-10-09 21:00:00'),
(557, 250, NULL, 'أورانج - Orange', 'موبايل إنترنت', 'شمال سيناء', 'العريش', 'تغطية الجمعة', NULL, NULL, 'pending', NULL, NULL, 'normal', NULL, 'تم الحل', NULL, 'استفسارات', '2025-03-18 22:00:00'),
(558, 1, NULL, 'اتصالات - Etisalat', 'فواتير', 'جنوب سيناء', 'شرم الشيخ', 'فاتورة السبت', NULL, NULL, 'pending', NULL, NULL, 'normal', NULL, 'جديدة', NULL, 'استفسارات', '2025-09-27 21:00:00'),
(559, 1, NULL, 'وي - We', 'إنترنت منزلي', 'القاهرة', 'المعادي', 'عطل متكرر يوم الأحد صباحاً', NULL, NULL, 'pending', NULL, NULL, 'normal', NULL, 'جديدة', NULL, 'أعطال إنترنت', '2025-01-25 22:00:00'),
(560, 5, NULL, 'فودافون - Vodafone', 'موبايل إنترنت', 'الجيزة', 'الدقي', 'ضعف التغطية يوم الاثنين', NULL, NULL, 'pending', NULL, NULL, 'normal', NULL, 'معلقة', NULL, 'حسابات ورصيد', '2025-02-12 22:00:00'),
(561, 10, NULL, 'أورانج - Orange', 'فواتير', 'الإسكندرية', 'ميامي', 'مشكلة في الدفع يوم الثلاثاء', NULL, NULL, 'pending', NULL, NULL, 'normal', NULL, 'تم الحل', NULL, 'تغطية وشبكات', '2025-05-23 21:00:00'),
(562, 20, NULL, 'اتصالات - Etisalat', 'خدمة عملاء', 'الدقهلية', 'المنصورة', 'تأخير يوم الأربعاء', NULL, NULL, 'pending', NULL, NULL, 'normal', NULL, 'جديدة', NULL, 'استفسارات', '2025-08-08 21:00:00'),
(563, 30, NULL, 'وي - We', 'خط أرضي', 'القليوبية', 'بنها', 'حرارة مقطوعة الخميس', NULL, NULL, 'pending', NULL, NULL, 'normal', NULL, 'معلقة', NULL, 'استفسارات', '2025-11-01 22:00:00'),
(564, 40, NULL, 'فودافون - Vodafone', 'إنترنت هوائي', 'الشرقية', 'الزقازيق', 'فصل الخدمة يوم الجمعة', NULL, NULL, 'pending', NULL, NULL, 'normal', NULL, 'تم الحل', NULL, 'حسابات ورصيد', '2025-05-17 21:00:00'),
(565, 50, NULL, 'أورانج - Orange', 'خدمات أخرى', 'الغربية', 'طنطا', 'مشكلة يوم السبت', NULL, NULL, 'pending', NULL, NULL, 'normal', NULL, 'جديدة', NULL, 'أعطال إنترنت', '2025-05-16 21:00:00'),
(566, 60, NULL, 'اتصالات - Etisalat', 'إنترنت منزلي', 'المنوفية', 'شبين الكوم', 'بطء شديد الأحد', NULL, NULL, 'pending', NULL, NULL, 'normal', NULL, 'معلقة', NULL, 'استفسارات', '2025-09-25 21:00:00'),
(567, 70, NULL, 'وي - We', 'موبايل إنترنت', 'البحيرة', 'دمنهور', 'تغطية ضعيفة الاثنين', NULL, NULL, 'pending', NULL, NULL, 'normal', NULL, 'تم الحل', NULL, 'تغطية وشبكات', '2025-07-22 21:00:00'),
(568, 80, NULL, 'فودافون - Vodafone', 'فواتير', 'كفر الشيخ', 'بيلا', 'خصم رصيد الثلاثاء', NULL, NULL, 'pending', NULL, NULL, 'normal', NULL, 'جديدة', NULL, 'استفسارات', '2025-07-30 21:00:00'),
(569, 90, NULL, 'أورانج - Orange', 'خط أرضي', 'دمياط', 'رأس البر', 'وشوشة الأربعاء', NULL, NULL, 'pending', NULL, NULL, 'normal', NULL, 'معلقة', NULL, 'استفسارات', '2025-03-23 22:00:00'),
(570, 100, NULL, 'اتصالات - Etisalat', 'خدمة عملاء', 'بورسعيد', 'حي العرب', 'سوء معاملة الخميس', NULL, NULL, 'pending', NULL, NULL, 'normal', NULL, 'تم الحل', NULL, 'استفسارات', '2025-05-24 21:00:00'),
(571, 110, NULL, 'وي - We', 'إنترنت هوائي', 'الإسماعيلية', 'التل الكبير', 'إشارة ضعيفة الجمعة', NULL, NULL, 'pending', NULL, NULL, 'normal', NULL, 'جديدة', NULL, 'تغطية وشبكات', '2025-04-18 22:00:00'),
(572, 120, NULL, 'فودافون - Vodafone', 'إنترنت منزلي', 'السويس', 'بور توفيق', 'انقطاع السبت', NULL, NULL, 'pending', NULL, NULL, 'normal', NULL, 'معلقة', NULL, 'استفسارات', '2025-04-17 22:00:00'),
(573, 130, NULL, 'أورانج - Orange', 'موبايل إنترنت', 'الشرقية', 'بلبيس', 'نت بطيء الأحد', NULL, NULL, 'pending', NULL, NULL, 'normal', NULL, 'تم الحل', NULL, 'استفسارات', '2025-08-02 21:00:00'),
(574, 140, NULL, 'اتصالات - Etisalat', 'فواتير', 'بني سويف', 'الواسطى', 'خطأ دفع الاثنين', NULL, NULL, 'pending', NULL, NULL, 'normal', NULL, 'جديدة', NULL, 'استفسارات', '2025-01-18 22:00:00'),
(575, 150, NULL, 'وي - We', 'خدمة عملاء', 'الفيوم', 'سنورس', 'تأخير الثلاثاء', NULL, NULL, 'pending', NULL, NULL, 'normal', NULL, 'معلقة', NULL, 'استفسارات', '2025-06-28 21:00:00'),
(576, 160, NULL, 'فودافون - Vodafone', 'خط أرضي', 'المنيا', 'ملوي', 'عطل الأربعاء', NULL, NULL, 'pending', NULL, NULL, 'normal', NULL, 'تم الحل', NULL, 'أعطال إنترنت', '2025-04-20 22:00:00'),
(577, 170, NULL, 'أورانج - Orange', 'إنترنت هوائي', 'أسيوط', 'حي شرق', 'مشكلة الخميس', NULL, NULL, 'pending', NULL, NULL, 'normal', NULL, 'جديدة', NULL, 'أعطال إنترنت', '2025-01-16 22:00:00'),
(578, 180, NULL, 'اتصالات - Etisalat', 'إنترنت منزلي', 'سوهاج', 'طهطا', 'بطء الجمعة', NULL, NULL, 'pending', NULL, NULL, 'normal', NULL, 'معلقة', NULL, 'استفسارات', '2025-04-23 22:00:00'),
(579, 190, NULL, 'وي - We', 'موبايل إنترنت', 'قنا', 'قفط', 'ضعف سبت', NULL, NULL, 'pending', NULL, NULL, 'normal', NULL, 'تم الحل', NULL, 'حسابات ورصيد', '2025-06-01 21:00:00'),
(580, 200, NULL, 'فودافون - Vodafone', 'فواتير', 'الأقصر', 'إسنا', 'رصيد الأحد', NULL, NULL, 'pending', NULL, NULL, 'normal', NULL, 'جديدة', NULL, 'استفسارات', '2025-02-25 22:00:00'),
(581, 210, NULL, 'أورانج - Orange', 'خدمة عملاء', 'أسوان', 'كوم أمبو', 'رد متأخر الاثنين', NULL, NULL, 'pending', NULL, NULL, 'normal', NULL, 'معلقة', NULL, 'استفسارات', '2025-07-09 21:00:00'),
(582, 220, NULL, 'اتصالات - Etisalat', 'خط أرضي', 'البحر الأحمر', 'الغردقة', 'عطل الثلاثاء', NULL, NULL, 'pending', NULL, NULL, 'normal', NULL, 'تم الحل', NULL, 'أعطال إنترنت', '2025-02-23 22:00:00'),
(583, 230, NULL, 'وي - We', 'إنترنت هوائي', 'الوادي الجديد', 'الخارجة', 'إشارة الأربعاء', NULL, NULL, 'pending', NULL, NULL, 'normal', NULL, 'جديدة', NULL, 'استفسارات', '2025-03-04 22:00:00'),
(584, 240, NULL, 'فودافون - Vodafone', 'إنترنت منزلي', 'مطروح', 'سيوة', 'بطء الخميس', NULL, NULL, 'pending', NULL, NULL, 'normal', NULL, 'معلقة', NULL, 'استفسارات', '2025-06-05 21:00:00'),
(585, 250, NULL, 'أورانج - Orange', 'موبايل إنترنت', 'شمال سيناء', 'العريش', 'تغطية الجمعة', NULL, NULL, 'pending', NULL, NULL, 'normal', NULL, 'تم الحل', NULL, 'استفسارات', '2025-08-12 21:00:00'),
(586, 1, NULL, 'اتصالات - Etisalat', 'فواتير', 'جنوب سيناء', 'شرم الشيخ', 'فاتورة السبت', NULL, NULL, 'pending', NULL, NULL, 'normal', NULL, 'جديدة', NULL, 'استفسارات', '2025-10-16 21:00:00'),
(587, 1, NULL, 'وي - We', 'إنترنت منزلي', 'القاهرة', 'المعادي', 'عطل متكرر يوم الأحد صباحاً', NULL, NULL, 'pending', NULL, NULL, 'normal', NULL, 'جديدة', NULL, 'أعطال إنترنت', '2025-02-11 22:00:00'),
(588, 5, NULL, 'فودافون - Vodafone', 'موبايل إنترنت', 'الجيزة', 'الدقي', 'ضعف التغطية يوم الاثنين', NULL, NULL, 'pending', NULL, NULL, 'normal', NULL, 'معلقة', NULL, 'حسابات ورصيد', '2025-03-13 22:00:00'),
(589, 10, NULL, 'أورانج - Orange', 'فواتير', 'الإسكندرية', 'ميامي', 'مشكلة في الدفع يوم الثلاثاء', NULL, NULL, 'pending', NULL, NULL, 'normal', NULL, 'تم الحل', NULL, 'تغطية وشبكات', '2025-08-26 21:00:00'),
(590, 20, NULL, 'اتصالات - Etisalat', 'خدمة عملاء', 'الدقهلية', 'المنصورة', 'تأخير يوم الأربعاء', NULL, NULL, 'pending', NULL, NULL, 'normal', NULL, 'جديدة', NULL, 'استفسارات', '2025-09-01 21:00:00'),
(591, 30, NULL, 'وي - We', 'خط أرضي', 'القليوبية', 'بنها', 'حرارة مقطوعة الخميس', NULL, NULL, 'pending', NULL, NULL, 'normal', NULL, 'معلقة', NULL, 'استفسارات', '2025-05-21 21:00:00'),
(592, 40, NULL, 'فودافون - Vodafone', 'إنترنت هوائي', 'الشرقية', 'الزقازيق', 'فصل الخدمة يوم الجمعة', NULL, NULL, 'pending', NULL, NULL, 'normal', NULL, 'تم الحل', NULL, 'حسابات ورصيد', '2025-12-05 22:00:00'),
(593, 50, NULL, 'أورانج - Orange', 'خدمات أخرى', 'الغربية', 'طنطا', 'مشكلة يوم السبت', NULL, NULL, 'pending', NULL, NULL, 'normal', NULL, 'جديدة', NULL, 'أعطال إنترنت', '2025-06-25 21:00:00'),
(594, 60, NULL, 'اتصالات - Etisalat', 'إنترنت منزلي', 'المنوفية', 'شبين الكوم', 'بطء شديد الأحد', NULL, NULL, 'pending', NULL, NULL, 'normal', NULL, 'معلقة', NULL, 'استفسارات', '2025-08-16 21:00:00'),
(595, 70, NULL, 'وي - We', 'موبايل إنترنت', 'البحيرة', 'دمنهور', 'تغطية ضعيفة الاثنين', NULL, NULL, 'pending', NULL, NULL, 'normal', NULL, 'تم الحل', NULL, 'تغطية وشبكات', '2025-09-07 21:00:00'),
(596, 80, NULL, 'فودافون - Vodafone', 'فواتير', 'كفر الشيخ', 'بيلا', 'خصم رصيد الثلاثاء', NULL, NULL, 'pending', NULL, NULL, 'normal', NULL, 'جديدة', NULL, 'استفسارات', '2025-07-19 21:00:00'),
(597, 90, NULL, 'أورانج - Orange', 'خط أرضي', 'دمياط', 'رأس البر', 'وشوشة الأربعاء', NULL, NULL, 'pending', NULL, NULL, 'normal', NULL, 'معلقة', NULL, 'استفسارات', '2025-09-09 21:00:00'),
(598, 100, NULL, 'اتصالات - Etisalat', 'خدمة عملاء', 'بورسعيد', 'حي العرب', 'سوء معاملة الخميس', NULL, NULL, 'pending', NULL, NULL, 'normal', NULL, 'تم الحل', NULL, 'استفسارات', '2025-10-20 21:00:00'),
(599, 110, NULL, 'وي - We', 'إنترنت هوائي', 'الإسماعيلية', 'التل الكبير', 'إشارة ضعيفة الجمعة', NULL, NULL, 'pending', NULL, NULL, 'normal', NULL, 'جديدة', NULL, 'تغطية وشبكات', '2025-12-14 22:00:00'),
(600, 120, NULL, 'فودافون - Vodafone', 'إنترنت منزلي', 'السويس', 'بور توفيق', 'انقطاع السبت', NULL, NULL, 'pending', NULL, NULL, 'normal', NULL, 'معلقة', NULL, 'استفسارات', '2025-05-09 21:00:00'),
(601, 130, NULL, 'أورانج - Orange', 'موبايل إنترنت', 'الشرقية', 'بلبيس', 'نت بطيء الأحد', NULL, NULL, 'pending', NULL, NULL, 'normal', NULL, 'تم الحل', NULL, 'استفسارات', '2026-03-13 22:00:00'),
(602, 140, NULL, 'اتصالات - Etisalat', 'فواتير', 'بني سويف', 'الواسطى', 'خطأ دفع الاثنين', NULL, NULL, 'pending', NULL, NULL, 'normal', NULL, 'جديدة', NULL, 'استفسارات', '2026-02-07 22:00:00'),
(603, 150, NULL, 'وي - We', 'خدمة عملاء', 'الفيوم', 'سنورس', 'تأخير الثلاثاء', NULL, NULL, 'pending', NULL, NULL, 'normal', NULL, 'معلقة', NULL, 'استفسارات', '2026-02-25 22:00:00'),
(604, 160, NULL, 'فودافون - Vodafone', 'خط أرضي', 'المنيا', 'ملوي', 'عطل الأربعاء', NULL, NULL, 'pending', NULL, NULL, 'normal', NULL, 'تم الحل', NULL, 'أعطال إنترنت', '2026-01-03 22:00:00'),
(605, 170, NULL, 'أورانج - Orange', 'إنترنت هوائي', 'أسيوط', 'حي شرق', 'مشكلة الخميس', NULL, NULL, 'pending', NULL, NULL, 'normal', NULL, 'جديدة', NULL, 'أعطال إنترنت', '2026-01-09 22:00:00'),
(606, 180, NULL, 'اتصالات - Etisalat', 'إنترنت منزلي', 'سوهاج', 'طهطا', 'بطء الجمعة', NULL, NULL, 'pending', NULL, NULL, 'normal', NULL, 'معلقة', NULL, 'استفسارات', '2026-02-04 22:00:00'),
(607, 190, NULL, 'وي - We', 'موبايل إنترنت', 'قنا', 'قفط', 'ضعف سبت', NULL, NULL, 'pending', NULL, NULL, 'normal', NULL, 'تم الحل', NULL, 'حسابات ورصيد', '2026-03-12 22:00:00'),
(608, 200, NULL, 'فودافون - Vodafone', 'فواتير', 'الأقصر', 'إسنا', 'رصيد الأحد', NULL, NULL, 'pending', NULL, NULL, 'normal', NULL, 'جديدة', NULL, 'استفسارات', '2026-01-08 22:00:00'),
(609, 210, NULL, 'أورانج - Orange', 'خدمة عملاء', 'أسوان', 'كوم أمبو', 'رد متأخر الاثنين', NULL, NULL, 'pending', NULL, NULL, 'normal', NULL, 'معلقة', NULL, 'استفسارات', '2026-03-08 22:00:00'),
(610, 220, NULL, 'اتصالات - Etisalat', 'خط أرضي', 'البحر الأحمر', 'الغردقة', 'عطل الثلاثاء', NULL, NULL, 'pending', NULL, NULL, 'normal', NULL, 'تم الحل', NULL, 'أعطال إنترنت', '2026-03-12 22:00:00'),
(611, 230, NULL, 'وي - We', 'إنترنت هوائي', 'الوادي الجديد', 'الخارجة', 'إشارة الأربعاء', NULL, NULL, 'pending', NULL, NULL, 'normal', NULL, 'جديدة', NULL, 'استفسارات', '2026-03-17 22:00:00'),
(612, 240, NULL, 'فودافون - Vodafone', 'إنترنت منزلي', 'مطروح', 'سيوة', 'بطء الخميس', NULL, NULL, 'pending', NULL, NULL, 'normal', NULL, 'معلقة', NULL, 'استفسارات', '2026-01-08 22:00:00'),
(613, 250, NULL, 'أورانج - Orange', 'موبايل إنترنت', 'شمال سيناء', 'العريش', 'تغطية الجمعة', NULL, NULL, 'pending', NULL, NULL, 'normal', NULL, 'تم الحل', NULL, 'استفسارات', '2026-02-23 22:00:00'),
(614, 1, NULL, 'اتصالات - Etisalat', 'فواتير', 'جنوب سيناء', 'شرم الشيخ', 'فاتورة السبت', NULL, NULL, 'pending', NULL, NULL, 'normal', NULL, 'جديدة', NULL, 'استفسارات', '2026-01-04 22:00:00'),
(615, 1, NULL, 'وي - We', 'إنترنت منزلي', 'القاهرة', 'المعادي', 'عطل متكرر يوم الأحد صباحاً', NULL, NULL, 'pending', NULL, NULL, 'normal', NULL, 'جديدة', NULL, 'أعطال إنترنت', '2026-01-20 22:00:00'),
(616, 5, NULL, 'فودافون - Vodafone', 'موبايل إنترنت', 'الجيزة', 'الدقي', 'ضعف التغطية يوم الاثنين', NULL, NULL, 'pending', NULL, NULL, 'normal', NULL, 'معلقة', NULL, 'حسابات ورصيد', '2026-01-07 22:00:00'),
(617, 10, NULL, 'أورانج - Orange', 'فواتير', 'الإسكندرية', 'ميامي', 'مشكلة في الدفع يوم الثلاثاء', NULL, NULL, 'pending', NULL, NULL, 'normal', NULL, 'تم الحل', NULL, 'تغطية وشبكات', '2026-02-25 22:00:00'),
(618, 20, NULL, 'اتصالات - Etisalat', 'خدمة عملاء', 'الدقهلية', 'المنصورة', 'تأخير يوم الأربعاء', NULL, NULL, 'pending', NULL, NULL, 'normal', NULL, 'جديدة', NULL, 'استفسارات', '2026-01-20 22:00:00'),
(619, 30, NULL, 'وي - We', 'خط أرضي', 'القليوبية', 'بنها', 'حرارة مقطوعة الخميس', NULL, NULL, 'pending', NULL, NULL, 'normal', NULL, 'معلقة', NULL, 'استفسارات', '2026-01-14 22:00:00'),
(620, 40, NULL, 'فودافون - Vodafone', 'إنترنت هوائي', 'الشرقية', 'الزقازيق', 'فصل الخدمة يوم الجمعة', NULL, NULL, 'pending', NULL, NULL, 'normal', NULL, 'تم الحل', NULL, 'حسابات ورصيد', '2026-01-11 22:00:00'),
(621, 50, NULL, 'أورانج - Orange', 'خدمات أخرى', 'الغربية', 'طنطا', 'مشكلة يوم السبت', NULL, NULL, 'pending', NULL, NULL, 'normal', NULL, 'جديدة', NULL, 'أعطال إنترنت', '2026-01-12 22:00:00'),
(622, 60, NULL, 'اتصالات - Etisalat', 'إنترنت منزلي', 'المنوفية', 'شبين الكوم', 'بطء شديد الأحد', NULL, NULL, 'pending', NULL, NULL, 'normal', NULL, 'معلقة', NULL, 'استفسارات', '2026-01-26 22:00:00'),
(623, 70, NULL, 'وي - We', 'موبايل إنترنت', 'البحيرة', 'دمنهور', 'تغطية ضعيفة الاثنين', NULL, NULL, 'pending', NULL, NULL, 'normal', NULL, 'تم الحل', NULL, 'تغطية وشبكات', '2026-01-15 22:00:00'),
(624, 80, NULL, 'فودافون - Vodafone', 'فواتير', 'كفر الشيخ', 'بيلا', 'خصم رصيد الثلاثاء', NULL, NULL, 'pending', NULL, NULL, 'normal', NULL, 'جديدة', NULL, 'استفسارات', '2026-03-19 22:00:00'),
(625, 90, NULL, 'أورانج - Orange', 'خط أرضي', 'دمياط', 'رأس البر', 'وشوشة الأربعاء', NULL, NULL, 'pending', NULL, NULL, 'normal', NULL, 'معلقة', NULL, 'استفسارات', '2026-01-25 22:00:00'),
(626, 100, NULL, 'اتصالات - Etisalat', 'خدمة عملاء', 'بورسعيد', 'حي العرب', 'سوء معاملة الخميس', NULL, NULL, 'pending', NULL, NULL, 'normal', NULL, 'تم الحل', NULL, 'استفسارات', '2026-02-21 22:00:00'),
(627, 110, NULL, 'وي - We', 'إنترنت هوائي', 'الإسماعيلية', 'التل الكبير', 'إشارة ضعيفة الجمعة', NULL, NULL, 'pending', NULL, NULL, 'normal', NULL, 'جديدة', NULL, 'تغطية وشبكات', '2026-01-26 22:00:00'),
(628, 120, NULL, 'فودافون - Vodafone', 'إنترنت منزلي', 'السويس', 'بور توفيق', 'انقطاع السبت', NULL, NULL, 'pending', NULL, NULL, 'normal', NULL, 'معلقة', NULL, 'استفسارات', '2026-02-21 22:00:00'),
(629, 130, NULL, 'أورانج - Orange', 'موبايل إنترنت', 'الشرقية', 'بلبيس', 'نت بطيء الأحد', NULL, NULL, 'pending', NULL, NULL, 'normal', NULL, 'تم الحل', NULL, 'استفسارات', '2026-01-24 22:00:00'),
(630, 140, NULL, 'اتصالات - Etisalat', 'فواتير', 'بني سويف', 'الواسطى', 'خطأ دفع الاثنين', NULL, NULL, 'pending', NULL, NULL, 'normal', NULL, 'جديدة', NULL, 'استفسارات', '2026-02-15 22:00:00'),
(631, 150, NULL, 'وي - We', 'خدمة عملاء', 'الفيوم', 'سنورس', 'تأخير الثلاثاء', NULL, NULL, 'pending', NULL, NULL, 'normal', NULL, 'معلقة', NULL, 'استفسارات', '2026-03-20 22:00:00'),
(632, 160, NULL, 'فودافون - Vodafone', 'خط أرضي', 'المنيا', 'ملوي', 'عطل الأربعاء', NULL, NULL, 'pending', NULL, NULL, 'normal', NULL, 'تم الحل', NULL, 'أعطال إنترنت', '2026-01-14 22:00:00'),
(633, 170, NULL, 'أورانج - Orange', 'إنترنت هوائي', 'أسيوط', 'حي شرق', 'مشكلة الخميس', NULL, NULL, 'pending', NULL, NULL, 'normal', NULL, 'جديدة', NULL, 'أعطال إنترنت', '2026-03-18 22:00:00'),
(634, 180, NULL, 'اتصالات - Etisalat', 'إنترنت منزلي', 'سوهاج', 'طهطا', 'بطء الجمعة', NULL, NULL, 'pending', NULL, NULL, 'normal', NULL, 'معلقة', NULL, 'استفسارات', '2026-01-23 22:00:00'),
(635, 190, NULL, 'وي - We', 'موبايل إنترنت', 'قنا', 'قفط', 'ضعف سبت', NULL, NULL, 'pending', NULL, NULL, 'normal', NULL, 'تم الحل', NULL, 'حسابات ورصيد', '2026-02-12 22:00:00'),
(636, 200, NULL, 'فودافون - Vodafone', 'فواتير', 'الأقصر', 'إسنا', 'رصيد الأحد', NULL, NULL, 'pending', NULL, NULL, 'normal', NULL, 'جديدة', NULL, 'استفسارات', '2026-03-07 22:00:00'),
(637, 210, NULL, 'أورانج - Orange', 'خدمة عملاء', 'أسوان', 'كوم أمبو', 'رد متأخر الاثنين', NULL, NULL, 'pending', NULL, NULL, 'normal', NULL, 'معلقة', NULL, 'استفسارات', '2026-02-12 22:00:00'),
(638, 220, NULL, 'اتصالات - Etisalat', 'خط أرضي', 'البحر الأحمر', 'الغردقة', 'عطل الثلاثاء', NULL, NULL, 'pending', NULL, NULL, 'normal', NULL, 'تم الحل', NULL, 'أعطال إنترنت', '2026-01-17 22:00:00'),
(639, 230, NULL, 'وي - We', 'إنترنت هوائي', 'الوادي الجديد', 'الخارجة', 'إشارة الأربعاء', NULL, NULL, 'pending', NULL, NULL, 'normal', NULL, 'جديدة', NULL, 'استفسارات', '2026-02-05 22:00:00'),
(640, 240, NULL, 'فودافون - Vodafone', 'إنترنت منزلي', 'مطروح', 'سيوة', 'بطء الخميس', NULL, NULL, 'pending', NULL, NULL, 'normal', NULL, 'معلقة', NULL, 'استفسارات', '2026-02-19 22:00:00'),
(641, 250, NULL, 'أورانج - Orange', 'موبايل إنترنت', 'شمال سيناء', 'العريش', 'تغطية الجمعة', NULL, NULL, 'pending', NULL, NULL, 'normal', NULL, 'تم الحل', NULL, 'استفسارات', '2026-03-05 22:00:00'),
(642, 1, NULL, 'اتصالات - Etisalat', 'فواتير', 'جنوب سيناء', 'شرم الشيخ', 'فاتورة السبت', NULL, NULL, 'pending', NULL, NULL, 'normal', NULL, 'جديدة', NULL, 'استفسارات', '2026-01-08 22:00:00'),
(643, 1, NULL, 'وي - We', 'إنترنت منزلي', 'القاهرة', 'المعادي', 'عطل متكرر يوم الأحد صباحاً', NULL, NULL, 'pending', NULL, NULL, 'normal', NULL, 'جديدة', NULL, 'أعطال إنترنت', '2026-01-10 22:00:00'),
(644, 5, NULL, 'فودافون - Vodafone', 'موبايل إنترنت', 'الجيزة', 'الدقي', 'ضعف التغطية يوم الاثنين', NULL, NULL, 'pending', NULL, NULL, 'normal', NULL, 'معلقة', NULL, 'حسابات ورصيد', '2026-01-27 22:00:00'),
(645, 10, NULL, 'أورانج - Orange', 'فواتير', 'الإسكندرية', 'ميامي', 'مشكلة في الدفع يوم الثلاثاء', NULL, NULL, 'pending', NULL, NULL, 'normal', NULL, 'تم الحل', NULL, 'تغطية وشبكات', '2026-01-24 22:00:00'),
(646, 20, NULL, 'اتصالات - Etisalat', 'خدمة عملاء', 'الدقهلية', 'المنصورة', 'تأخير يوم الأربعاء', NULL, NULL, 'pending', NULL, NULL, 'normal', NULL, 'جديدة', NULL, 'استفسارات', '2026-02-09 22:00:00'),
(647, 30, NULL, 'وي - We', 'خط أرضي', 'القليوبية', 'بنها', 'حرارة مقطوعة الخميس', NULL, NULL, 'pending', NULL, NULL, 'normal', NULL, 'معلقة', NULL, 'استفسارات', '2026-02-18 22:00:00'),
(648, 40, NULL, 'فودافون - Vodafone', 'إنترنت هوائي', 'الشرقية', 'الزقازيق', 'فصل الخدمة يوم الجمعة', NULL, NULL, 'pending', NULL, NULL, 'normal', NULL, 'تم الحل', NULL, 'حسابات ورصيد', '2026-02-14 22:00:00'),
(649, 50, NULL, 'أورانج - Orange', 'خدمات أخرى', 'الغربية', 'طنطا', 'مشكلة يوم السبت', NULL, NULL, 'pending', NULL, NULL, 'normal', NULL, 'جديدة', NULL, 'أعطال إنترنت', '2026-03-18 22:00:00'),
(650, 60, NULL, 'اتصالات - Etisalat', 'إنترنت منزلي', 'المنوفية', 'شبين الكوم', 'بطء شديد الأحد', NULL, NULL, 'pending', NULL, NULL, 'normal', NULL, 'معلقة', NULL, 'استفسارات', '2026-01-11 22:00:00'),
(651, 70, NULL, 'وي - We', 'موبايل إنترنت', 'البحيرة', 'دمنهور', 'تغطية ضعيفة الاثنين', NULL, NULL, 'pending', NULL, NULL, 'normal', NULL, 'تم الحل', NULL, 'تغطية وشبكات', '2026-03-07 22:00:00'),
(652, 80, NULL, 'فودافون - Vodafone', 'فواتير', 'كفر الشيخ', 'بيلا', 'خصم رصيد الثلاثاء', NULL, NULL, 'pending', NULL, NULL, 'normal', NULL, 'جديدة', NULL, 'استفسارات', '2026-02-25 22:00:00'),
(653, 90, NULL, 'أورانج - Orange', 'خط أرضي', 'دمياط', 'رأس البر', 'وشوشة الأربعاء', NULL, NULL, 'pending', NULL, NULL, 'normal', NULL, 'معلقة', NULL, 'استفسارات', '2026-01-04 22:00:00'),
(654, 100, NULL, 'اتصالات - Etisalat', 'خدمة عملاء', 'بورسعيد', 'حي العرب', 'سوء معاملة الخميس', NULL, NULL, 'pending', NULL, NULL, 'normal', NULL, 'تم الحل', NULL, 'استفسارات', '2026-01-10 22:00:00'),
(655, 110, NULL, 'وي - We', 'إنترنت هوائي', 'الإسماعيلية', 'التل الكبير', 'إشارة ضعيفة الجمعة', NULL, NULL, 'pending', NULL, NULL, 'normal', NULL, 'جديدة', NULL, 'تغطية وشبكات', '2026-02-08 22:00:00'),
(656, 120, NULL, 'فودافون - Vodafone', 'إنترنت منزلي', 'السويس', 'بور توفيق', 'انقطاع السبت', NULL, NULL, 'pending', NULL, NULL, 'normal', NULL, 'معلقة', NULL, 'استفسارات', '2026-01-07 22:00:00'),
(657, 130, NULL, 'أورانج - Orange', 'موبايل إنترنت', 'الشرقية', 'بلبيس', 'نت بطيء الأحد', NULL, NULL, 'pending', NULL, NULL, 'normal', NULL, 'تم الحل', NULL, 'استفسارات', '2026-03-20 22:00:00'),
(658, 140, NULL, 'اتصالات - Etisalat', 'فواتير', 'بني سويف', 'الواسطى', 'خطأ دفع الاثنين', NULL, NULL, 'pending', NULL, NULL, 'normal', NULL, 'جديدة', NULL, 'استفسارات', '2026-02-23 22:00:00'),
(659, 150, NULL, 'وي - We', 'خدمة عملاء', 'الفيوم', 'سنورس', 'تأخير الثلاثاء', NULL, NULL, 'pending', NULL, NULL, 'normal', NULL, 'معلقة', NULL, 'استفسارات', '2026-02-02 22:00:00'),
(660, 160, NULL, 'فودافون - Vodafone', 'خط أرضي', 'المنيا', 'ملوي', 'عطل الأربعاء', NULL, NULL, 'pending', NULL, NULL, 'normal', NULL, 'تم الحل', NULL, 'أعطال إنترنت', '2026-01-03 22:00:00'),
(661, 170, NULL, 'أورانج - Orange', 'إنترنت هوائي', 'أسيوط', 'حي شرق', 'مشكلة الخميس', NULL, NULL, 'pending', NULL, NULL, 'normal', NULL, 'جديدة', NULL, 'أعطال إنترنت', '2026-03-17 22:00:00'),
(662, 180, NULL, 'اتصالات - Etisalat', 'إنترنت منزلي', 'سوهاج', 'طهطا', 'بطء الجمعة', NULL, NULL, 'pending', NULL, NULL, 'normal', NULL, 'معلقة', NULL, 'استفسارات', '2026-02-22 22:00:00'),
(663, 190, NULL, 'وي - We', 'موبايل إنترنت', 'قنا', 'قفط', 'ضعف سبت', NULL, NULL, 'pending', NULL, NULL, 'normal', NULL, 'تم الحل', NULL, 'حسابات ورصيد', '2026-02-04 22:00:00'),
(664, 200, NULL, 'فودافون - Vodafone', 'فواتير', 'الأقصر', 'إسنا', 'رصيد الأحد', NULL, NULL, 'pending', NULL, NULL, 'normal', NULL, 'جديدة', NULL, 'استفسارات', '2026-01-18 22:00:00'),
(665, 210, NULL, 'أورانج - Orange', 'خدمة عملاء', 'أسوان', 'كوم أمبو', 'رد متأخر الاثنين', NULL, NULL, 'pending', NULL, NULL, 'normal', NULL, 'معلقة', NULL, 'استفسارات', '2026-03-06 22:00:00'),
(666, 220, NULL, 'اتصالات - Etisalat', 'خط أرضي', 'البحر الأحمر', 'الغردقة', 'عطل الثلاثاء', NULL, NULL, 'pending', NULL, NULL, 'normal', NULL, 'تم الحل', NULL, 'أعطال إنترنت', '2026-02-01 22:00:00'),
(667, 230, NULL, 'وي - We', 'إنترنت هوائي', 'الوادي الجديد', 'الخارجة', 'إشارة الأربعاء', NULL, NULL, 'pending', NULL, NULL, 'normal', NULL, 'جديدة', NULL, 'استفسارات', '2026-02-12 22:00:00'),
(668, 240, NULL, 'فودافون - Vodafone', 'إنترنت منزلي', 'مطروح', 'سيوة', 'بطء الخميس', NULL, NULL, 'pending', NULL, NULL, 'normal', NULL, 'معلقة', NULL, 'استفسارات', '2026-02-11 22:00:00'),
(669, 250, NULL, 'أورانج - Orange', 'موبايل إنترنت', 'شمال سيناء', 'العريش', 'تغطية الجمعة', NULL, NULL, 'pending', NULL, NULL, 'normal', NULL, 'تم الحل', NULL, 'استفسارات', '2026-01-02 22:00:00'),
(670, 1, NULL, 'اتصالات - Etisalat', 'فواتير', 'جنوب سيناء', 'شرم الشيخ', 'فاتورة السبت', NULL, NULL, 'pending', NULL, NULL, 'normal', NULL, 'جديدة', NULL, 'استفسارات', '2026-02-14 22:00:00'),
(671, 1, NULL, 'وي - We', 'إنترنت منزلي', 'القاهرة', 'المعادي', 'عطل متكرر يوم الأحد صباحاً', NULL, NULL, 'pending', NULL, NULL, 'normal', NULL, 'جديدة', NULL, 'أعطال إنترنت', '2026-02-28 22:00:00'),
(672, 5, NULL, 'فودافون - Vodafone', 'موبايل إنترنت', 'الجيزة', 'الدقي', 'ضعف التغطية يوم الاثنين', NULL, NULL, 'pending', NULL, NULL, 'normal', NULL, 'معلقة', NULL, 'حسابات ورصيد', '2026-01-01 22:00:00'),
(673, 10, NULL, 'أورانج - Orange', 'فواتير', 'الإسكندرية', 'ميامي', 'مشكلة في الدفع يوم الثلاثاء', NULL, NULL, 'pending', NULL, NULL, 'normal', NULL, 'تم الحل', NULL, 'تغطية وشبكات', '2026-03-11 22:00:00'),
(674, 20, NULL, 'اتصالات - Etisalat', 'خدمة عملاء', 'الدقهلية', 'المنصورة', 'تأخير يوم الأربعاء', NULL, NULL, 'pending', NULL, NULL, 'normal', NULL, 'جديدة', NULL, 'استفسارات', '2026-01-26 22:00:00'),
(675, 30, NULL, 'وي - We', 'خط أرضي', 'القليوبية', 'بنها', 'حرارة مقطوعة الخميس', NULL, NULL, 'pending', NULL, NULL, 'normal', NULL, 'معلقة', NULL, 'استفسارات', '2025-12-31 22:00:00'),
(676, 40, NULL, 'فودافون - Vodafone', 'إنترنت هوائي', 'الشرقية', 'الزقازيق', 'فصل الخدمة يوم الجمعة', NULL, NULL, 'pending', NULL, NULL, 'normal', NULL, 'تم الحل', NULL, 'حسابات ورصيد', '2026-01-02 22:00:00'),
(677, 50, NULL, 'أورانج - Orange', 'خدمات أخرى', 'الغربية', 'طنطا', 'مشكلة يوم السبت', NULL, NULL, 'pending', NULL, NULL, 'normal', NULL, 'جديدة', NULL, 'أعطال إنترنت', '2026-01-13 22:00:00'),
(678, 60, NULL, 'اتصالات - Etisalat', 'إنترنت منزلي', 'المنوفية', 'شبين الكوم', 'بطء شديد الأحد', NULL, NULL, 'pending', NULL, NULL, 'normal', NULL, 'معلقة', NULL, 'استفسارات', '2026-02-28 22:00:00'),
(679, 70, NULL, 'وي - We', 'موبايل إنترنت', 'البحيرة', 'دمنهور', 'تغطية ضعيفة الاثنين', NULL, NULL, 'pending', NULL, NULL, 'normal', NULL, 'تم الحل', NULL, 'تغطية وشبكات', '2026-01-15 22:00:00'),
(680, 80, NULL, 'فودافون - Vodafone', 'فواتير', 'كفر الشيخ', 'بيلا', 'خصم رصيد الثلاثاء', NULL, NULL, 'pending', NULL, NULL, 'normal', NULL, 'جديدة', NULL, 'استفسارات', '2026-02-26 22:00:00'),
(681, 90, NULL, 'أورانج - Orange', 'خط أرضي', 'دمياط', 'رأس البر', 'وشوشة الأربعاء', NULL, NULL, 'pending', NULL, NULL, 'normal', NULL, 'معلقة', NULL, 'استفسارات', '2026-01-02 22:00:00'),
(682, 100, NULL, 'اتصالات - Etisalat', 'خدمة عملاء', 'بورسعيد', 'حي العرب', 'سوء معاملة الخميس', NULL, NULL, 'pending', NULL, NULL, 'normal', NULL, 'تم الحل', NULL, 'استفسارات', '2025-12-31 22:00:00'),
(683, 110, NULL, 'وي - We', 'إنترنت هوائي', 'الإسماعيلية', 'التل الكبير', 'إشارة ضعيفة الجمعة', NULL, NULL, 'pending', NULL, NULL, 'normal', NULL, 'جديدة', NULL, 'تغطية وشبكات', '2026-03-14 22:00:00'),
(684, 120, NULL, 'فودافون - Vodafone', 'إنترنت منزلي', 'السويس', 'بور توفيق', 'انقطاع السبت', NULL, NULL, 'pending', NULL, NULL, 'normal', NULL, 'معلقة', NULL, 'استفسارات', '2026-02-15 22:00:00'),
(685, 130, NULL, 'أورانج - Orange', 'موبايل إنترنت', 'الشرقية', 'بلبيس', 'نت بطيء الأحد', NULL, NULL, 'pending', NULL, NULL, 'normal', NULL, 'تم الحل', NULL, 'استفسارات', '2026-01-12 22:00:00'),
(686, 140, NULL, 'اتصالات - Etisalat', 'فواتير', 'بني سويف', 'الواسطى', 'خطأ دفع الاثنين', NULL, NULL, 'pending', NULL, NULL, 'normal', NULL, 'جديدة', NULL, 'استفسارات', '2026-01-01 22:00:00'),
(687, 150, NULL, 'وي - We', 'خدمة عملاء', 'الفيوم', 'سنورس', 'تأخير الثلاثاء', NULL, NULL, 'pending', NULL, NULL, 'normal', NULL, 'معلقة', NULL, 'استفسارات', '2026-02-20 22:00:00'),
(688, 160, NULL, 'فودافون - Vodafone', 'خط أرضي', 'المنيا', 'ملوي', 'عطل الأربعاء', NULL, NULL, 'pending', NULL, NULL, 'normal', NULL, 'تم الحل', NULL, 'أعطال إنترنت', '2026-01-11 22:00:00'),
(689, 170, NULL, 'أورانج - Orange', 'إنترنت هوائي', 'أسيوط', 'حي شرق', 'مشكلة الخميس', NULL, NULL, 'pending', NULL, NULL, 'normal', NULL, 'جديدة', NULL, 'أعطال إنترنت', '2026-03-03 22:00:00'),
(690, 180, NULL, 'اتصالات - Etisalat', 'إنترنت منزلي', 'سوهاج', 'طهطا', 'بطء الجمعة', NULL, NULL, 'pending', NULL, NULL, 'normal', NULL, 'معلقة', NULL, 'استفسارات', '2026-02-06 22:00:00'),
(691, 190, NULL, 'وي - We', 'موبايل إنترنت', 'قنا', 'قفط', 'ضعف سبت', NULL, NULL, 'pending', NULL, NULL, 'normal', NULL, 'تم الحل', NULL, 'حسابات ورصيد', '2025-12-31 22:00:00'),
(692, 200, NULL, 'فودافون - Vodafone', 'فواتير', 'الأقصر', 'إسنا', 'رصيد الأحد', NULL, NULL, 'pending', NULL, NULL, 'normal', NULL, 'جديدة', NULL, 'استفسارات', '2026-02-18 22:00:00'),
(693, 210, NULL, 'أورانج - Orange', 'خدمة عملاء', 'أسوان', 'كوم أمبو', 'رد متأخر الاثنين', NULL, NULL, 'pending', NULL, NULL, 'normal', NULL, 'معلقة', NULL, 'استفسارات', '2026-01-06 22:00:00'),
(694, 220, NULL, 'اتصالات - Etisalat', 'خط أرضي', 'البحر الأحمر', 'الغردقة', 'عطل الثلاثاء', NULL, NULL, 'pending', NULL, NULL, 'normal', NULL, 'تم الحل', NULL, 'أعطال إنترنت', '2026-02-14 22:00:00'),
(695, 230, NULL, 'وي - We', 'إنترنت هوائي', 'الوادي الجديد', 'الخارجة', 'إشارة الأربعاء', NULL, NULL, 'pending', NULL, NULL, 'normal', NULL, 'جديدة', NULL, 'استفسارات', '2026-02-14 22:00:00'),
(696, 240, NULL, 'فودافون - Vodafone', 'إنترنت منزلي', 'مطروح', 'سيوة', 'بطء الخميس', NULL, NULL, 'pending', NULL, NULL, 'normal', NULL, 'معلقة', NULL, 'استفسارات', '2026-01-13 22:00:00'),
(697, 250, NULL, 'أورانج - Orange', 'موبايل إنترنت', 'شمال سيناء', 'العريش', 'تغطية الجمعة', NULL, NULL, 'pending', NULL, NULL, 'normal', NULL, 'تم الحل', NULL, 'استفسارات', '2026-01-11 22:00:00'),
(698, 1, NULL, 'اتصالات - Etisalat', 'فواتير', 'جنوب سيناء', 'شرم الشيخ', 'فاتورة السبت', NULL, NULL, 'pending', NULL, NULL, 'normal', NULL, 'جديدة', NULL, 'استفسارات', '2026-01-17 22:00:00'),
(699, 1, NULL, 'وي - We', 'إنترنت منزلي', 'القاهرة', 'المعادي', 'عطل متكرر يوم الأحد صباحاً', NULL, NULL, 'pending', NULL, NULL, 'normal', NULL, 'جديدة', NULL, 'أعطال إنترنت', '2026-02-22 22:00:00'),
(700, 5, NULL, 'فودافون - Vodafone', 'موبايل إنترنت', 'الجيزة', 'الدقي', 'ضعف التغطية يوم الاثنين', NULL, NULL, 'pending', NULL, NULL, 'normal', NULL, 'معلقة', NULL, 'حسابات ورصيد', '2026-02-23 22:00:00'),
(701, 10, NULL, 'أورانج - Orange', 'فواتير', 'الإسكندرية', 'ميامي', 'مشكلة في الدفع يوم الثلاثاء', NULL, NULL, 'pending', NULL, NULL, 'normal', NULL, 'تم الحل', NULL, 'تغطية وشبكات', '2026-01-31 22:00:00'),
(702, 20, NULL, 'اتصالات - Etisalat', 'خدمة عملاء', 'الدقهلية', 'المنصورة', 'تأخير يوم الأربعاء', NULL, NULL, 'pending', NULL, NULL, 'normal', NULL, 'جديدة', NULL, 'استفسارات', '2026-03-16 22:00:00'),
(703, 30, NULL, 'وي - We', 'خط أرضي', 'القليوبية', 'بنها', 'حرارة مقطوعة الخميس', NULL, NULL, 'pending', NULL, NULL, 'normal', NULL, 'معلقة', NULL, 'استفسارات', '2026-02-12 22:00:00'),
(704, 40, NULL, 'فودافون - Vodafone', 'إنترنت هوائي', 'الشرقية', 'الزقازيق', 'فصل الخدمة يوم الجمعة', NULL, NULL, 'pending', NULL, NULL, 'normal', NULL, 'تم الحل', NULL, 'حسابات ورصيد', '2026-03-11 22:00:00'),
(705, 50, NULL, 'أورانج - Orange', 'خدمات أخرى', 'الغربية', 'طنطا', 'مشكلة يوم السبت', NULL, NULL, 'pending', NULL, NULL, 'normal', NULL, 'جديدة', NULL, 'أعطال إنترنت', '2026-03-01 22:00:00'),
(706, 60, NULL, 'اتصالات - Etisalat', 'إنترنت منزلي', 'المنوفية', 'شبين الكوم', 'بطء شديد الأحد', NULL, NULL, 'pending', NULL, NULL, 'normal', NULL, 'معلقة', NULL, 'استفسارات', '2026-01-12 22:00:00'),
(707, 70, NULL, 'وي - We', 'موبايل إنترنت', 'البحيرة', 'دمنهور', 'تغطية ضعيفة الاثنين', NULL, NULL, 'pending', NULL, NULL, 'normal', NULL, 'تم الحل', NULL, 'تغطية وشبكات', '2026-02-08 22:00:00'),
(708, 80, NULL, 'فودافون - Vodafone', 'فواتير', 'كفر الشيخ', 'بيلا', 'خصم رصيد الثلاثاء', NULL, NULL, 'pending', NULL, NULL, 'normal', NULL, 'جديدة', NULL, 'استفسارات', '2025-12-31 22:00:00'),
(709, 90, NULL, 'أورانج - Orange', 'خط أرضي', 'دمياط', 'رأس البر', 'وشوشة الأربعاء', NULL, NULL, 'pending', NULL, NULL, 'normal', NULL, 'معلقة', NULL, 'استفسارات', '2026-02-11 22:00:00'),
(710, 100, NULL, 'اتصالات - Etisalat', 'خدمة عملاء', 'بورسعيد', 'حي العرب', 'سوء معاملة الخميس', NULL, NULL, 'pending', NULL, NULL, 'normal', NULL, 'تم الحل', NULL, 'استفسارات', '2026-02-19 22:00:00'),
(711, 110, NULL, 'وي - We', 'إنترنت هوائي', 'الإسماعيلية', 'التل الكبير', 'إشارة ضعيفة الجمعة', NULL, NULL, 'pending', NULL, NULL, 'normal', NULL, 'جديدة', NULL, 'تغطية وشبكات', '2026-02-14 22:00:00'),
(712, 120, NULL, 'فودافون - Vodafone', 'إنترنت منزلي', 'السويس', 'بور توفيق', 'انقطاع السبت', NULL, NULL, 'pending', NULL, NULL, 'normal', NULL, 'معلقة', NULL, 'استفسارات', '2026-03-18 22:00:00'),
(713, 130, NULL, 'أورانج - Orange', 'موبايل إنترنت', 'الشرقية', 'بلبيس', 'نت بطيء الأحد', NULL, NULL, 'pending', NULL, NULL, 'normal', NULL, 'تم الحل', NULL, 'استفسارات', '2026-01-10 22:00:00'),
(714, 140, NULL, 'اتصالات - Etisalat', 'فواتير', 'بني سويف', 'الواسطى', 'خطأ دفع الاثنين', NULL, NULL, 'pending', NULL, NULL, 'normal', NULL, 'جديدة', NULL, 'استفسارات', '2026-03-01 22:00:00'),
(715, 150, NULL, 'وي - We', 'خدمة عملاء', 'الفيوم', 'سنورس', 'تأخير الثلاثاء', NULL, NULL, 'pending', NULL, NULL, 'normal', NULL, 'معلقة', NULL, 'استفسارات', '2026-02-01 22:00:00'),
(716, 160, NULL, 'فودافون - Vodafone', 'خط أرضي', 'المنيا', 'ملوي', 'عطل الأربعاء', NULL, NULL, 'pending', NULL, NULL, 'normal', NULL, 'تم الحل', NULL, 'أعطال إنترنت', '2026-02-28 22:00:00'),
(717, 170, NULL, 'أورانج - Orange', 'إنترنت هوائي', 'أسيوط', 'حي شرق', 'مشكلة الخميس', NULL, NULL, 'pending', NULL, NULL, 'normal', NULL, 'جديدة', NULL, 'أعطال إنترنت', '2026-02-10 22:00:00'),
(718, 180, NULL, 'اتصالات - Etisalat', 'إنترنت منزلي', 'سوهاج', 'طهطا', 'بطء الجمعة', NULL, NULL, 'pending', NULL, NULL, 'normal', NULL, 'معلقة', NULL, 'استفسارات', '2026-01-26 22:00:00'),
(719, 190, NULL, 'وي - We', 'موبايل إنترنت', 'قنا', 'قفط', 'ضعف سبت', NULL, NULL, 'pending', NULL, NULL, 'normal', NULL, 'تم الحل', NULL, 'حسابات ورصيد', '2026-01-08 22:00:00'),
(720, 200, NULL, 'فودافون - Vodafone', 'فواتير', 'الأقصر', 'إسنا', 'رصيد الأحد', NULL, NULL, 'pending', NULL, NULL, 'normal', NULL, 'جديدة', NULL, 'استفسارات', '2026-02-11 22:00:00'),
(721, 210, NULL, 'أورانج - Orange', 'خدمة عملاء', 'أسوان', 'كوم أمبو', 'رد متأخر الاثنين', NULL, NULL, 'pending', NULL, NULL, 'normal', NULL, 'معلقة', NULL, 'استفسارات', '2026-01-28 22:00:00'),
(722, 220, NULL, 'اتصالات - Etisalat', 'خط أرضي', 'البحر الأحمر', 'الغردقة', 'عطل الثلاثاء', NULL, NULL, 'pending', NULL, NULL, 'normal', NULL, 'تم الحل', NULL, 'أعطال إنترنت', '2026-01-13 22:00:00'),
(723, 230, NULL, 'وي - We', 'إنترنت هوائي', 'الوادي الجديد', 'الخارجة', 'إشارة الأربعاء', NULL, NULL, 'pending', NULL, NULL, 'normal', NULL, 'جديدة', NULL, 'استفسارات', '2026-03-05 22:00:00'),
(724, 240, NULL, 'فودافون - Vodafone', 'إنترنت منزلي', 'مطروح', 'سيوة', 'بطء الخميس', NULL, NULL, 'pending', NULL, NULL, 'normal', NULL, 'معلقة', NULL, 'استفسارات', '2026-02-09 22:00:00'),
(725, 250, NULL, 'أورانج - Orange', 'موبايل إنترنت', 'شمال سيناء', 'العريش', 'تغطية الجمعة', NULL, NULL, 'pending', NULL, NULL, 'normal', NULL, 'تم الحل', NULL, 'استفسارات', '2026-01-11 22:00:00'),
(726, 1, NULL, 'اتصالات - Etisalat', 'فواتير', 'جنوب سيناء', 'شرم الشيخ', 'فاتورة السبت', NULL, NULL, 'pending', NULL, NULL, 'normal', NULL, 'جديدة', NULL, 'استفسارات', '2026-01-13 22:00:00'),
(727, 1, NULL, 'وي - We', 'إنترنت منزلي', 'القاهرة', 'المعادي', 'عطل متكرر يوم الأحد صباحاً', NULL, NULL, 'pending', NULL, NULL, 'normal', NULL, 'جديدة', NULL, 'أعطال إنترنت', '2026-02-01 22:00:00'),
(728, 5, NULL, 'فودافون - Vodafone', 'موبايل إنترنت', 'الجيزة', 'الدقي', 'ضعف التغطية يوم الاثنين', NULL, NULL, 'pending', NULL, NULL, 'normal', NULL, 'معلقة', NULL, 'حسابات ورصيد', '2026-02-10 22:00:00'),
(729, 10, NULL, 'أورانج - Orange', 'فواتير', 'الإسكندرية', 'ميامي', 'مشكلة في الدفع يوم الثلاثاء', NULL, NULL, 'pending', NULL, NULL, 'normal', NULL, 'تم الحل', NULL, 'تغطية وشبكات', '2026-01-30 22:00:00'),
(730, 20, NULL, 'اتصالات - Etisalat', 'خدمة عملاء', 'الدقهلية', 'المنصورة', 'تأخير يوم الأربعاء', NULL, NULL, 'pending', NULL, NULL, 'normal', NULL, 'جديدة', NULL, 'استفسارات', '2026-01-26 22:00:00'),
(731, 30, NULL, 'وي - We', 'خط أرضي', 'القليوبية', 'بنها', 'حرارة مقطوعة الخميس', NULL, NULL, 'pending', NULL, NULL, 'normal', NULL, 'معلقة', NULL, 'استفسارات', '2026-02-12 22:00:00'),
(732, 40, NULL, 'فودافون - Vodafone', 'إنترنت هوائي', 'الشرقية', 'الزقازيق', 'فصل الخدمة يوم الجمعة', NULL, NULL, 'pending', NULL, NULL, 'normal', NULL, 'تم الحل', NULL, 'حسابات ورصيد', '2026-02-27 22:00:00'),
(733, 50, NULL, 'أورانج - Orange', 'خدمات أخرى', 'الغربية', 'طنطا', 'مشكلة يوم السبت', NULL, NULL, 'pending', NULL, NULL, 'normal', NULL, 'جديدة', NULL, 'أعطال إنترنت', '2026-03-20 22:00:00'),
(734, 60, NULL, 'اتصالات - Etisalat', 'إنترنت منزلي', 'المنوفية', 'شبين الكوم', 'بطء شديد الأحد', NULL, NULL, 'pending', NULL, NULL, 'normal', NULL, 'معلقة', NULL, 'استفسارات', '2026-03-05 22:00:00'),
(735, 70, NULL, 'وي - We', 'موبايل إنترنت', 'البحيرة', 'دمنهور', 'تغطية ضعيفة الاثنين', NULL, NULL, 'pending', NULL, NULL, 'normal', NULL, 'تم الحل', NULL, 'تغطية وشبكات', '2026-01-05 22:00:00'),
(736, 80, NULL, 'فودافون - Vodafone', 'فواتير', 'كفر الشيخ', 'بيلا', 'خصم رصيد الثلاثاء', NULL, NULL, 'pending', NULL, NULL, 'normal', NULL, 'جديدة', NULL, 'استفسارات', '2026-03-11 22:00:00'),
(737, 90, NULL, 'أورانج - Orange', 'خط أرضي', 'دمياط', 'رأس البر', 'وشوشة الأربعاء', NULL, NULL, 'pending', NULL, NULL, 'normal', NULL, 'معلقة', NULL, 'استفسارات', '2026-01-16 22:00:00'),
(738, 100, NULL, 'اتصالات - Etisalat', 'خدمة عملاء', 'بورسعيد', 'حي العرب', 'سوء معاملة الخميس', NULL, NULL, 'pending', NULL, NULL, 'normal', NULL, 'تم الحل', NULL, 'استفسارات', '2026-01-31 22:00:00'),
(739, 110, NULL, 'وي - We', 'إنترنت هوائي', 'الإسماعيلية', 'التل الكبير', 'إشارة ضعيفة الجمعة', NULL, NULL, 'pending', NULL, NULL, 'normal', NULL, 'جديدة', NULL, 'تغطية وشبكات', '2026-01-27 22:00:00'),
(740, 120, NULL, 'فودافون - Vodafone', 'إنترنت منزلي', 'السويس', 'بور توفيق', 'انقطاع السبت', NULL, NULL, 'pending', NULL, NULL, 'normal', NULL, 'معلقة', NULL, 'استفسارات', '2026-02-11 22:00:00'),
(741, 130, NULL, 'أورانج - Orange', 'موبايل إنترنت', 'الشرقية', 'بلبيس', 'نت بطيء الأحد', NULL, NULL, 'pending', NULL, NULL, 'normal', NULL, 'تم الحل', NULL, 'استفسارات', '2026-02-18 22:00:00');
INSERT INTO `complaints` (`id`, `customer_id`, `support_id`, `company_name`, `service_type`, `governorate`, `location`, `description`, `complaint_phone`, `landline`, `customer_approval`, `rejection_reason`, `approval_requested_at`, `escalation_level`, `image_path`, `status`, `admin_reply`, `ai_category`, `created_at`) VALUES
(742, 140, NULL, 'اتصالات - Etisalat', 'فواتير', 'بني سويف', 'الواسطى', 'خطأ دفع الاثنين', NULL, NULL, 'pending', NULL, NULL, 'normal', NULL, 'جديدة', NULL, 'استفسارات', '2026-02-08 22:00:00'),
(743, 150, NULL, 'وي - We', 'خدمة عملاء', 'الفيوم', 'سنورس', 'تأخير الثلاثاء', NULL, NULL, 'pending', NULL, NULL, 'normal', NULL, 'معلقة', NULL, 'استفسارات', '2026-02-17 22:00:00'),
(744, 160, NULL, 'فودافون - Vodafone', 'خط أرضي', 'المنيا', 'ملوي', 'عطل الأربعاء', NULL, NULL, 'pending', NULL, NULL, 'normal', NULL, 'تم الحل', NULL, 'أعطال إنترنت', '2026-02-13 22:00:00'),
(745, 170, NULL, 'أورانج - Orange', 'إنترنت هوائي', 'أسيوط', 'حي شرق', 'مشكلة الخميس', NULL, NULL, 'pending', NULL, NULL, 'normal', NULL, 'جديدة', NULL, 'أعطال إنترنت', '2026-03-18 22:00:00'),
(746, 180, NULL, 'اتصالات - Etisalat', 'إنترنت منزلي', 'سوهاج', 'طهطا', 'بطء الجمعة', NULL, NULL, 'pending', NULL, NULL, 'normal', NULL, 'معلقة', NULL, 'استفسارات', '2026-01-13 22:00:00'),
(747, 190, NULL, 'وي - We', 'موبايل إنترنت', 'قنا', 'قفط', 'ضعف سبت', NULL, NULL, 'pending', NULL, NULL, 'normal', NULL, 'تم الحل', NULL, 'حسابات ورصيد', '2026-03-14 22:00:00'),
(748, 200, NULL, 'فودافون - Vodafone', 'فواتير', 'الأقصر', 'إسنا', 'رصيد الأحد', NULL, NULL, 'pending', NULL, NULL, 'normal', NULL, 'جديدة', NULL, 'استفسارات', '2026-01-07 22:00:00'),
(749, 210, NULL, 'أورانج - Orange', 'خدمة عملاء', 'أسوان', 'كوم أمبو', 'رد متأخر الاثنين', NULL, NULL, 'pending', NULL, NULL, 'normal', NULL, 'معلقة', NULL, 'استفسارات', '2026-02-26 22:00:00'),
(750, 220, NULL, 'اتصالات - Etisalat', 'خط أرضي', 'البحر الأحمر', 'الغردقة', 'عطل الثلاثاء', NULL, NULL, 'pending', NULL, NULL, 'normal', NULL, 'تم الحل', NULL, 'أعطال إنترنت', '2026-01-23 22:00:00'),
(751, 230, NULL, 'وي - We', 'إنترنت هوائي', 'الوادي الجديد', 'الخارجة', 'إشارة الأربعاء', NULL, NULL, 'pending', NULL, NULL, 'normal', NULL, 'جديدة', NULL, 'استفسارات', '2026-01-26 22:00:00'),
(752, 240, NULL, 'فودافون - Vodafone', 'إنترنت منزلي', 'مطروح', 'سيوة', 'بطء الخميس', NULL, NULL, 'pending', NULL, NULL, 'normal', NULL, 'معلقة', NULL, 'استفسارات', '2026-03-03 22:00:00'),
(753, 250, NULL, 'أورانج - Orange', 'موبايل إنترنت', 'شمال سيناء', 'العريش', 'تغطية الجمعة', NULL, NULL, 'pending', NULL, NULL, 'normal', NULL, 'تم الحل', NULL, 'استفسارات', '2026-03-14 22:00:00'),
(754, 1, NULL, 'اتصالات - Etisalat', 'فواتير', 'جنوب سيناء', 'شرم الشيخ', 'فاتورة السبت', NULL, NULL, 'pending', NULL, NULL, 'normal', NULL, 'جديدة', NULL, 'استفسارات', '2026-01-20 22:00:00'),
(755, 1, NULL, 'وي - We', 'إنترنت منزلي', 'القاهرة', 'المعادي', 'عطل متكرر يوم الأحد صباحاً', NULL, NULL, 'pending', NULL, NULL, 'normal', NULL, 'جديدة', NULL, 'أعطال إنترنت', '2026-02-08 22:00:00'),
(756, 5, NULL, 'فودافون - Vodafone', 'موبايل إنترنت', 'الجيزة', 'الدقي', 'ضعف التغطية يوم الاثنين', NULL, NULL, 'pending', NULL, NULL, 'normal', NULL, 'معلقة', NULL, 'حسابات ورصيد', '2026-02-27 22:00:00'),
(757, 10, NULL, 'أورانج - Orange', 'فواتير', 'الإسكندرية', 'ميامي', 'مشكلة في الدفع يوم الثلاثاء', NULL, NULL, 'pending', NULL, NULL, 'normal', NULL, 'تم الحل', NULL, 'تغطية وشبكات', '2026-01-14 22:00:00'),
(758, 20, NULL, 'اتصالات - Etisalat', 'خدمة عملاء', 'الدقهلية', 'المنصورة', 'تأخير يوم الأربعاء', NULL, NULL, 'pending', NULL, NULL, 'normal', NULL, 'جديدة', NULL, 'استفسارات', '2026-02-25 22:00:00'),
(759, 30, NULL, 'وي - We', 'خط أرضي', 'القليوبية', 'بنها', 'حرارة مقطوعة الخميس', NULL, NULL, 'pending', NULL, NULL, 'normal', NULL, 'معلقة', NULL, 'استفسارات', '2026-03-17 22:00:00'),
(760, 40, NULL, 'فودافون - Vodafone', 'إنترنت هوائي', 'الشرقية', 'الزقازيق', 'فصل الخدمة يوم الجمعة', NULL, NULL, 'pending', NULL, NULL, 'normal', NULL, 'تم الحل', NULL, 'حسابات ورصيد', '2026-02-24 22:00:00'),
(761, 50, NULL, 'أورانج - Orange', 'خدمات أخرى', 'الغربية', 'طنطا', 'مشكلة يوم السبت', NULL, NULL, 'pending', NULL, NULL, 'normal', NULL, 'جديدة', NULL, 'أعطال إنترنت', '2026-02-14 22:00:00'),
(762, 60, NULL, 'اتصالات - Etisalat', 'إنترنت منزلي', 'المنوفية', 'شبين الكوم', 'بطء شديد الأحد', NULL, NULL, 'pending', NULL, NULL, 'normal', NULL, 'معلقة', NULL, 'استفسارات', '2026-03-02 22:00:00'),
(763, 70, NULL, 'وي - We', 'موبايل إنترنت', 'البحيرة', 'دمنهور', 'تغطية ضعيفة الاثنين', NULL, NULL, 'pending', NULL, NULL, 'normal', NULL, 'تم الحل', NULL, 'تغطية وشبكات', '2026-01-12 22:00:00'),
(764, 80, NULL, 'فودافون - Vodafone', 'فواتير', 'كفر الشيخ', 'بيلا', 'خصم رصيد الثلاثاء', NULL, NULL, 'pending', NULL, NULL, 'normal', NULL, 'جديدة', NULL, 'استفسارات', '2026-02-05 22:00:00'),
(765, 90, NULL, 'أورانج - Orange', 'خط أرضي', 'دمياط', 'رأس البر', 'وشوشة الأربعاء', NULL, NULL, 'pending', NULL, NULL, 'normal', NULL, 'معلقة', NULL, 'استفسارات', '2026-03-06 22:00:00'),
(766, 100, NULL, 'اتصالات - Etisalat', 'خدمة عملاء', 'بورسعيد', 'حي العرب', 'سوء معاملة الخميس', NULL, NULL, 'pending', NULL, NULL, 'normal', NULL, 'تم الحل', NULL, 'استفسارات', '2026-02-24 22:00:00'),
(767, 110, NULL, 'وي - We', 'إنترنت هوائي', 'الإسماعيلية', 'التل الكبير', 'إشارة ضعيفة الجمعة', NULL, NULL, 'pending', NULL, NULL, 'normal', NULL, 'جديدة', NULL, 'تغطية وشبكات', '2026-01-04 22:00:00'),
(768, 120, NULL, 'فودافون - Vodafone', 'إنترنت منزلي', 'السويس', 'بور توفيق', 'انقطاع السبت', NULL, NULL, 'pending', NULL, NULL, 'normal', NULL, 'معلقة', NULL, 'استفسارات', '2026-01-15 22:00:00'),
(769, 130, NULL, 'أورانج - Orange', 'موبايل إنترنت', 'الشرقية', 'بلبيس', 'نت بطيء الأحد', NULL, NULL, 'pending', NULL, NULL, 'normal', NULL, 'تم الحل', NULL, 'استفسارات', '2026-03-05 22:00:00'),
(770, 140, NULL, 'اتصالات - Etisalat', 'فواتير', 'بني سويف', 'الواسطى', 'خطأ دفع الاثنين', NULL, NULL, 'pending', NULL, NULL, 'normal', NULL, 'جديدة', NULL, 'استفسارات', '2026-02-03 22:00:00'),
(771, 150, NULL, 'وي - We', 'خدمة عملاء', 'الفيوم', 'سنورس', 'تأخير الثلاثاء', NULL, NULL, 'pending', NULL, NULL, 'normal', NULL, 'معلقة', NULL, 'استفسارات', '2026-02-28 22:00:00'),
(772, 160, NULL, 'فودافون - Vodafone', 'خط أرضي', 'المنيا', 'ملوي', 'عطل الأربعاء', NULL, NULL, 'pending', NULL, NULL, 'normal', NULL, 'تم الحل', NULL, 'أعطال إنترنت', '2026-02-03 22:00:00'),
(773, 170, NULL, 'أورانج - Orange', 'إنترنت هوائي', 'أسيوط', 'حي شرق', 'مشكلة الخميس', NULL, NULL, 'pending', NULL, NULL, 'normal', NULL, 'جديدة', NULL, 'أعطال إنترنت', '2026-03-15 22:00:00'),
(774, 180, NULL, 'اتصالات - Etisalat', 'إنترنت منزلي', 'سوهاج', 'طهطا', 'بطء الجمعة', NULL, NULL, 'pending', NULL, NULL, 'normal', NULL, 'معلقة', NULL, 'استفسارات', '2026-01-29 22:00:00'),
(775, 190, NULL, 'وي - We', 'موبايل إنترنت', 'قنا', 'قفط', 'ضعف سبت', NULL, NULL, 'pending', NULL, NULL, 'normal', NULL, 'تم الحل', NULL, 'حسابات ورصيد', '2026-01-02 22:00:00'),
(776, 200, NULL, 'فودافون - Vodafone', 'فواتير', 'الأقصر', 'إسنا', 'رصيد الأحد', NULL, NULL, 'pending', NULL, NULL, 'normal', NULL, 'جديدة', NULL, 'استفسارات', '2026-01-06 22:00:00'),
(777, 210, NULL, 'أورانج - Orange', 'خدمة عملاء', 'أسوان', 'كوم أمبو', 'رد متأخر الاثنين', NULL, NULL, 'pending', NULL, NULL, 'normal', NULL, 'معلقة', NULL, 'استفسارات', '2026-01-23 22:00:00'),
(778, 220, NULL, 'اتصالات - Etisalat', 'خط أرضي', 'البحر الأحمر', 'الغردقة', 'عطل الثلاثاء', NULL, NULL, 'pending', NULL, NULL, 'normal', NULL, 'تم الحل', NULL, 'أعطال إنترنت', '2026-01-17 22:00:00'),
(779, 230, NULL, 'وي - We', 'إنترنت هوائي', 'الوادي الجديد', 'الخارجة', 'إشارة الأربعاء', NULL, NULL, 'pending', NULL, NULL, 'normal', NULL, 'جديدة', NULL, 'استفسارات', '2026-01-18 22:00:00'),
(780, 240, NULL, 'فودافون - Vodafone', 'إنترنت منزلي', 'مطروح', 'سيوة', 'بطء الخميس', NULL, NULL, 'pending', NULL, NULL, 'normal', NULL, 'معلقة', NULL, 'استفسارات', '2026-02-06 22:00:00'),
(781, 250, NULL, 'أورانج - Orange', 'موبايل إنترنت', 'شمال سيناء', 'العريش', 'تغطية الجمعة', NULL, NULL, 'pending', NULL, NULL, 'normal', NULL, 'تم الحل', NULL, 'استفسارات', '2026-02-22 22:00:00'),
(782, 1, NULL, 'اتصالات - Etisalat', 'فواتير', 'جنوب سيناء', 'شرم الشيخ', 'فاتورة السبت', NULL, NULL, 'pending', NULL, NULL, 'normal', NULL, 'جديدة', NULL, 'استفسارات', '2026-03-17 22:00:00'),
(783, 1, NULL, 'وي - We', 'إنترنت منزلي', 'القاهرة', 'المعادي', 'عطل متكرر يوم الأحد صباحاً', NULL, NULL, 'pending', NULL, NULL, 'normal', NULL, 'جديدة', NULL, 'أعطال إنترنت', '2026-03-01 22:00:00'),
(784, 5, NULL, 'فودافون - Vodafone', 'موبايل إنترنت', 'الجيزة', 'الدقي', 'ضعف التغطية يوم الاثنين', NULL, NULL, 'pending', NULL, NULL, 'normal', NULL, 'معلقة', NULL, 'حسابات ورصيد', '2026-03-15 22:00:00'),
(785, 10, NULL, 'أورانج - Orange', 'فواتير', 'الإسكندرية', 'ميامي', 'مشكلة في الدفع يوم الثلاثاء', NULL, NULL, 'pending', NULL, NULL, 'normal', NULL, 'تم الحل', NULL, 'تغطية وشبكات', '2026-01-30 22:00:00'),
(786, 20, NULL, 'اتصالات - Etisalat', 'خدمة عملاء', 'الدقهلية', 'المنصورة', 'تأخير يوم الأربعاء', NULL, NULL, 'pending', NULL, NULL, 'normal', NULL, 'جديدة', NULL, 'استفسارات', '2026-01-09 22:00:00'),
(787, 30, NULL, 'وي - We', 'خط أرضي', 'القليوبية', 'بنها', 'حرارة مقطوعة الخميس', NULL, NULL, 'pending', NULL, NULL, 'normal', NULL, 'معلقة', NULL, 'استفسارات', '2026-02-03 22:00:00'),
(788, 40, NULL, 'فودافون - Vodafone', 'إنترنت هوائي', 'الشرقية', 'الزقازيق', 'فصل الخدمة يوم الجمعة', NULL, NULL, 'pending', NULL, NULL, 'normal', NULL, 'تم الحل', NULL, 'حسابات ورصيد', '2026-03-06 22:00:00'),
(789, 50, NULL, 'أورانج - Orange', 'خدمات أخرى', 'الغربية', 'طنطا', 'مشكلة يوم السبت', NULL, NULL, 'pending', NULL, NULL, 'normal', NULL, 'جديدة', NULL, 'أعطال إنترنت', '2026-03-05 22:00:00'),
(790, 60, NULL, 'اتصالات - Etisalat', 'إنترنت منزلي', 'المنوفية', 'شبين الكوم', 'بطء شديد الأحد', NULL, NULL, 'pending', NULL, NULL, 'normal', NULL, 'معلقة', NULL, 'استفسارات', '2026-02-15 22:00:00'),
(791, 70, NULL, 'وي - We', 'موبايل إنترنت', 'البحيرة', 'دمنهور', 'تغطية ضعيفة الاثنين', NULL, NULL, 'pending', NULL, NULL, 'normal', NULL, 'تم الحل', NULL, 'تغطية وشبكات', '2026-02-05 22:00:00'),
(792, 80, NULL, 'فودافون - Vodafone', 'فواتير', 'كفر الشيخ', 'بيلا', 'خصم رصيد الثلاثاء', NULL, NULL, 'pending', NULL, NULL, 'normal', NULL, 'جديدة', NULL, 'استفسارات', '2026-02-12 22:00:00'),
(793, 90, NULL, 'أورانج - Orange', 'خط أرضي', 'دمياط', 'رأس البر', 'وشوشة الأربعاء', NULL, NULL, 'pending', NULL, NULL, 'normal', NULL, 'معلقة', NULL, 'استفسارات', '2026-01-29 22:00:00'),
(794, 100, NULL, 'اتصالات - Etisalat', 'خدمة عملاء', 'بورسعيد', 'حي العرب', 'سوء معاملة الخميس', NULL, NULL, 'pending', NULL, NULL, 'normal', NULL, 'تم الحل', NULL, 'استفسارات', '2026-01-18 22:00:00'),
(795, 110, NULL, 'وي - We', 'إنترنت هوائي', 'الإسماعيلية', 'التل الكبير', 'إشارة ضعيفة الجمعة', NULL, NULL, 'pending', NULL, NULL, 'normal', NULL, 'جديدة', NULL, 'تغطية وشبكات', '2025-12-31 22:00:00'),
(796, 120, NULL, 'فودافون - Vodafone', 'إنترنت منزلي', 'السويس', 'بور توفيق', 'انقطاع السبت', NULL, NULL, 'pending', NULL, NULL, 'normal', NULL, 'معلقة', NULL, 'استفسارات', '2026-01-27 22:00:00'),
(797, 130, NULL, 'أورانج - Orange', 'موبايل إنترنت', 'الشرقية', 'بلبيس', 'نت بطيء الأحد', NULL, NULL, 'pending', NULL, NULL, 'normal', NULL, 'تم الحل', NULL, 'استفسارات', '2026-02-27 22:00:00'),
(798, 140, NULL, 'اتصالات - Etisalat', 'فواتير', 'بني سويف', 'الواسطى', 'خطأ دفع الاثنين', NULL, NULL, 'pending', NULL, NULL, 'normal', NULL, 'جديدة', NULL, 'استفسارات', '2026-02-16 22:00:00'),
(799, 150, NULL, 'وي - We', 'خدمة عملاء', 'الفيوم', 'سنورس', 'تأخير الثلاثاء', NULL, NULL, 'pending', NULL, NULL, 'normal', NULL, 'معلقة', NULL, 'استفسارات', '2026-03-03 22:00:00'),
(800, 160, NULL, 'فودافون - Vodafone', 'خط أرضي', 'المنيا', 'ملوي', 'عطل الأربعاء', NULL, NULL, 'pending', NULL, NULL, 'normal', NULL, 'تم الحل', NULL, 'أعطال إنترنت', '2026-01-08 22:00:00'),
(801, 170, NULL, 'أورانج - Orange', 'إنترنت هوائي', 'أسيوط', 'حي شرق', 'مشكلة الخميس', NULL, NULL, 'pending', NULL, NULL, 'normal', NULL, 'جديدة', NULL, 'أعطال إنترنت', '2026-03-22 15:10:26'),
(802, 180, NULL, 'اتصالات - Etisalat', 'إنترنت منزلي', 'سوهاج', 'طهطا', 'بطء الجمعة', NULL, NULL, 'pending', NULL, NULL, 'normal', NULL, 'معلقة', NULL, 'استفسارات', '2026-03-18 15:10:26'),
(803, 190, NULL, 'وي - We', 'موبايل إنترنت', 'قنا', 'قفط', 'ضعف سبت', NULL, NULL, 'pending', NULL, NULL, 'normal', NULL, 'تم الحل', NULL, 'حسابات ورصيد', '2026-03-21 22:10:26'),
(804, 200, NULL, 'فودافون - Vodafone', 'فواتير', 'الأقصر', 'إسنا', 'رصيد الأحد', NULL, NULL, 'pending', NULL, NULL, 'normal', NULL, 'جديدة', NULL, 'استفسارات', '2026-03-22 15:10:26'),
(805, 210, NULL, 'أورانج - Orange', 'خدمة عملاء', 'أسوان', 'كوم أمبو', 'رد متأخر الاثنين', NULL, NULL, 'pending', NULL, NULL, 'normal', NULL, 'معلقة', NULL, 'استفسارات', '2026-03-23 00:10:26'),
(806, 220, NULL, 'اتصالات - Etisalat', 'خط أرضي', 'البحر الأحمر', 'الغردقة', 'عطل الثلاثاء', NULL, NULL, 'pending', NULL, NULL, 'normal', NULL, 'تم الحل', NULL, 'أعطال إنترنت', '2026-03-22 22:10:26'),
(807, 230, NULL, 'وي - We', 'إنترنت هوائي', 'الوادي الجديد', 'الخارجة', 'إشارة الأربعاء', NULL, NULL, 'pending', NULL, NULL, 'normal', NULL, 'جديدة', NULL, 'استفسارات', '2026-03-21 11:10:26'),
(808, 240, NULL, 'فودافون - Vodafone', 'إنترنت منزلي', 'مطروح', 'سيوة', 'بطء الخميس', NULL, NULL, 'pending', NULL, NULL, 'normal', NULL, 'معلقة', NULL, 'استفسارات', '2026-03-21 06:10:26'),
(809, 250, NULL, 'أورانج - Orange', 'موبايل إنترنت', 'شمال سيناء', 'العريش', 'تغطية الجمعة', NULL, NULL, 'pending', NULL, NULL, 'normal', NULL, 'تم الحل', NULL, 'استفسارات', '2026-03-17 17:10:26'),
(810, 1, NULL, 'اتصالات - Etisalat', 'فواتير', 'جنوب سيناء', 'شرم الشيخ', 'فاتورة السبت', NULL, NULL, 'pending', NULL, NULL, 'normal', NULL, 'جديدة', NULL, 'استفسارات', '2026-03-21 12:10:26'),
(811, 1, NULL, 'وي - We', 'إنترنت منزلي', 'القاهرة', 'المعادي', 'عطل متكرر يوم الأحد صباحاً', NULL, NULL, 'pending', NULL, NULL, 'normal', NULL, 'جديدة', NULL, 'أعطال إنترنت', '2026-03-23 04:10:26'),
(812, 5, NULL, 'فودافون - Vodafone', 'موبايل إنترنت', 'الجيزة', 'الدقي', 'ضعف التغطية يوم الاثنين', NULL, NULL, 'pending', NULL, NULL, 'normal', NULL, 'معلقة', NULL, 'حسابات ورصيد', '2026-03-20 03:10:26'),
(813, 10, NULL, 'أورانج - Orange', 'فواتير', 'الإسكندرية', 'ميامي', 'مشكلة في الدفع يوم الثلاثاء', NULL, NULL, 'pending', NULL, NULL, 'normal', NULL, 'تم الحل', NULL, 'تغطية وشبكات', '2026-03-20 21:10:26'),
(814, 20, NULL, 'اتصالات - Etisalat', 'خدمة عملاء', 'الدقهلية', 'المنصورة', 'تأخير يوم الأربعاء', NULL, NULL, 'pending', NULL, NULL, 'normal', NULL, 'جديدة', NULL, 'استفسارات', '2026-03-19 19:10:26'),
(815, 30, NULL, 'وي - We', 'خط أرضي', 'القليوبية', 'بنها', 'حرارة مقطوعة الخميس', NULL, NULL, 'pending', NULL, NULL, 'normal', NULL, 'معلقة', NULL, 'استفسارات', '2026-03-19 01:10:26'),
(816, 40, NULL, 'فودافون - Vodafone', 'إنترنت هوائي', 'الشرقية', 'الزقازيق', 'فصل الخدمة يوم الجمعة', NULL, NULL, 'pending', NULL, NULL, 'normal', NULL, 'تم الحل', NULL, 'حسابات ورصيد', '2026-03-18 13:10:26'),
(817, 50, NULL, 'أورانج - Orange', 'خدمات أخرى', 'الغربية', 'طنطا', 'مشكلة يوم السبت', NULL, NULL, 'pending', NULL, NULL, 'normal', NULL, 'جديدة', NULL, 'أعطال إنترنت', '2026-03-18 12:10:26'),
(818, 60, NULL, 'اتصالات - Etisalat', 'إنترنت منزلي', 'المنوفية', 'شبين الكوم', 'بطء شديد الأحد', NULL, NULL, 'pending', NULL, NULL, 'normal', NULL, 'معلقة', NULL, 'استفسارات', '2026-03-19 14:10:26'),
(819, 70, NULL, 'وي - We', 'موبايل إنترنت', 'البحيرة', 'دمنهور', 'تغطية ضعيفة الاثنين', NULL, NULL, 'pending', NULL, NULL, 'normal', NULL, 'تم الحل', NULL, 'تغطية وشبكات', '2026-03-18 04:10:26'),
(820, 80, NULL, 'فودافون - Vodafone', 'فواتير', 'كفر الشيخ', 'بيلا', 'خصم رصيد الثلاثاء', NULL, NULL, 'pending', NULL, NULL, 'normal', NULL, 'جديدة', NULL, 'استفسارات', '2026-03-21 22:10:26'),
(821, 90, NULL, 'أورانج - Orange', 'خط أرضي', 'دمياط', 'رأس البر', 'وشوشة الأربعاء', NULL, NULL, 'pending', NULL, NULL, 'normal', NULL, 'معلقة', NULL, 'استفسارات', '2026-03-23 19:10:26'),
(822, 100, NULL, 'اتصالات - Etisalat', 'خدمة عملاء', 'بورسعيد', 'حي العرب', 'سوء معاملة الخميس', NULL, NULL, 'pending', NULL, NULL, 'normal', NULL, 'تم الحل', NULL, 'استفسارات', '2026-03-22 00:10:26'),
(823, 110, NULL, 'وي - We', 'إنترنت هوائي', 'الإسماعيلية', 'التل الكبير', 'إشارة ضعيفة الجمعة', NULL, NULL, 'pending', NULL, NULL, 'normal', NULL, 'جديدة', NULL, 'تغطية وشبكات', '2026-03-21 08:10:26'),
(824, 120, NULL, 'فودافون - Vodafone', 'إنترنت منزلي', 'السويس', 'بور توفيق', 'انقطاع السبت', NULL, NULL, 'pending', NULL, NULL, 'normal', NULL, 'معلقة', NULL, 'استفسارات', '2026-03-23 13:10:26'),
(825, 130, NULL, 'أورانج - Orange', 'موبايل إنترنت', 'الشرقية', 'بلبيس', 'نت بطيء الأحد', NULL, NULL, 'pending', NULL, NULL, 'normal', NULL, 'تم الحل', NULL, 'استفسارات', '2026-03-22 10:10:26'),
(826, 140, NULL, 'اتصالات - Etisalat', 'فواتير', 'بني سويف', 'الواسطى', 'خطأ دفع الاثنين', NULL, NULL, 'pending', NULL, NULL, 'normal', NULL, 'جديدة', NULL, 'استفسارات', '2026-03-17 06:10:26'),
(827, 150, NULL, 'وي - We', 'خدمة عملاء', 'الفيوم', 'سنورس', 'تأخير الثلاثاء', NULL, NULL, 'pending', NULL, NULL, 'normal', NULL, 'معلقة', NULL, 'استفسارات', '2026-03-22 19:10:26'),
(828, 160, NULL, 'فودافون - Vodafone', 'خط أرضي', 'المنيا', 'ملوي', 'عطل الأربعاء', NULL, NULL, 'pending', NULL, NULL, 'normal', NULL, 'تم الحل', NULL, 'أعطال إنترنت', '2026-03-23 23:10:26'),
(829, 170, NULL, 'أورانج - Orange', 'إنترنت هوائي', 'أسيوط', 'حي شرق', 'مشكلة الخميس', NULL, NULL, 'pending', NULL, NULL, 'normal', NULL, 'جديدة', NULL, 'أعطال إنترنت', '2026-03-20 03:10:26'),
(830, 180, NULL, 'اتصالات - Etisalat', 'إنترنت منزلي', 'سوهاج', 'طهطا', 'بطء الجمعة', NULL, NULL, 'pending', NULL, NULL, 'normal', NULL, 'معلقة', NULL, 'استفسارات', '2026-03-18 12:10:26'),
(831, 190, NULL, 'وي - We', 'موبايل إنترنت', 'قنا', 'قفط', 'ضعف سبت', NULL, NULL, 'pending', NULL, NULL, 'normal', NULL, 'تم الحل', NULL, 'حسابات ورصيد', '2026-03-21 23:10:26'),
(832, 200, NULL, 'فودافون - Vodafone', 'فواتير', 'الأقصر', 'إسنا', 'رصيد الأحد', NULL, NULL, 'pending', NULL, NULL, 'normal', NULL, 'جديدة', NULL, 'استفسارات', '2026-03-22 23:10:26'),
(833, 210, NULL, 'أورانج - Orange', 'خدمة عملاء', 'أسوان', 'كوم أمبو', 'رد متأخر الاثنين', NULL, NULL, 'pending', NULL, NULL, 'normal', NULL, 'معلقة', NULL, 'استفسارات', '2026-03-17 19:10:26'),
(834, 220, NULL, 'اتصالات - Etisalat', 'خط أرضي', 'البحر الأحمر', 'الغردقة', 'عطل الثلاثاء', NULL, NULL, 'pending', NULL, NULL, 'normal', NULL, 'تم الحل', NULL, 'أعطال إنترنت', '2026-03-23 22:10:26'),
(835, 230, NULL, 'وي - We', 'إنترنت هوائي', 'الوادي الجديد', 'الخارجة', 'إشارة الأربعاء', NULL, NULL, 'pending', NULL, NULL, 'normal', NULL, 'جديدة', NULL, 'استفسارات', '2026-03-20 22:10:26'),
(836, 240, NULL, 'فودافون - Vodafone', 'إنترنت منزلي', 'مطروح', 'سيوة', 'بطء الخميس', NULL, NULL, 'pending', NULL, NULL, 'normal', NULL, 'معلقة', NULL, 'استفسارات', '2026-03-22 14:10:26'),
(837, 250, NULL, 'أورانج - Orange', 'موبايل إنترنت', 'شمال سيناء', 'العريش', 'تغطية الجمعة', NULL, NULL, 'pending', NULL, NULL, 'normal', NULL, 'تم الحل', NULL, 'استفسارات', '2026-03-18 23:10:26'),
(838, 1, NULL, 'اتصالات - Etisalat', 'فواتير', 'جنوب سيناء', 'شرم الشيخ', 'فاتورة السبت', NULL, NULL, 'pending', NULL, NULL, 'normal', NULL, 'جديدة', NULL, 'استفسارات', '2026-03-23 21:10:26'),
(839, 1, NULL, 'وي - We', 'إنترنت منزلي', 'القاهرة', 'المعادي', 'عطل متكرر يوم الأحد صباحاً', NULL, NULL, 'pending', NULL, NULL, 'normal', NULL, 'جديدة', NULL, 'أعطال إنترنت', '2026-03-24 05:10:26'),
(840, 5, NULL, 'فودافون - Vodafone', 'موبايل إنترنت', 'الجيزة', 'الدقي', 'ضعف التغطية يوم الاثنين', NULL, NULL, 'pending', NULL, NULL, 'normal', NULL, 'معلقة', NULL, 'حسابات ورصيد', '2026-03-18 04:10:26'),
(841, 10, NULL, 'أورانج - Orange', 'فواتير', 'الإسكندرية', 'ميامي', 'مشكلة في الدفع يوم الثلاثاء', NULL, NULL, 'pending', NULL, NULL, 'normal', NULL, 'تم الحل', NULL, 'تغطية وشبكات', '2026-03-22 02:10:26'),
(842, 20, NULL, 'اتصالات - Etisalat', 'خدمة عملاء', 'الدقهلية', 'المنصورة', 'تأخير يوم الأربعاء', NULL, NULL, 'pending', NULL, NULL, 'normal', NULL, 'جديدة', NULL, 'استفسارات', '2026-03-17 13:10:26'),
(843, 30, NULL, 'وي - We', 'خط أرضي', 'القليوبية', 'بنها', 'حرارة مقطوعة الخميس', NULL, NULL, 'pending', NULL, NULL, 'normal', NULL, 'معلقة', NULL, 'استفسارات', '2026-03-18 07:10:26'),
(844, 40, NULL, 'فودافون - Vodafone', 'إنترنت هوائي', 'الشرقية', 'الزقازيق', 'فصل الخدمة يوم الجمعة', NULL, NULL, 'pending', NULL, NULL, 'normal', NULL, 'تم الحل', NULL, 'حسابات ورصيد', '2026-03-21 16:10:26'),
(845, 50, NULL, 'أورانج - Orange', 'خدمات أخرى', 'الغربية', 'طنطا', 'مشكلة يوم السبت', NULL, NULL, 'pending', NULL, NULL, 'normal', NULL, 'جديدة', NULL, 'أعطال إنترنت', '2026-03-22 04:10:26'),
(846, 60, NULL, 'اتصالات - Etisalat', 'إنترنت منزلي', 'المنوفية', 'شبين الكوم', 'بطء شديد الأحد', NULL, NULL, 'pending', NULL, NULL, 'normal', NULL, 'معلقة', NULL, 'استفسارات', '2026-03-21 14:10:26'),
(847, 70, NULL, 'وي - We', 'موبايل إنترنت', 'البحيرة', 'دمنهور', 'تغطية ضعيفة الاثنين', NULL, NULL, 'pending', NULL, NULL, 'normal', NULL, 'تم الحل', NULL, 'تغطية وشبكات', '2026-03-24 05:10:26'),
(848, 80, NULL, 'فودافون - Vodafone', 'فواتير', 'كفر الشيخ', 'بيلا', 'خصم رصيد الثلاثاء', NULL, NULL, 'pending', NULL, NULL, 'normal', NULL, 'جديدة', NULL, 'استفسارات', '2026-03-18 01:10:26'),
(849, 90, NULL, 'أورانج - Orange', 'خط أرضي', 'دمياط', 'رأس البر', 'وشوشة الأربعاء', NULL, NULL, 'pending', NULL, NULL, 'normal', NULL, 'معلقة', NULL, 'استفسارات', '2026-03-21 10:10:26'),
(850, 100, NULL, 'اتصالات - Etisalat', 'خدمة عملاء', 'بورسعيد', 'حي العرب', 'سوء معاملة الخميس', NULL, NULL, 'pending', NULL, NULL, 'normal', NULL, 'تم الحل', NULL, 'استفسارات', '2026-03-21 19:10:26'),
(851, 110, NULL, 'وي - We', 'إنترنت هوائي', 'الإسماعيلية', 'التل الكبير', 'إشارة ضعيفة الجمعة', NULL, NULL, 'pending', NULL, NULL, 'normal', NULL, 'جديدة', NULL, 'تغطية وشبكات', '2026-03-20 09:10:26'),
(852, 120, NULL, 'فودافون - Vodafone', 'إنترنت منزلي', 'السويس', 'بور توفيق', 'انقطاع السبت', NULL, NULL, 'pending', NULL, NULL, 'normal', NULL, 'معلقة', NULL, 'استفسارات', '2026-03-19 05:10:26'),
(853, 130, NULL, 'أورانج - Orange', 'موبايل إنترنت', 'الشرقية', 'بلبيس', 'نت بطيء الأحد', NULL, NULL, 'pending', NULL, NULL, 'normal', NULL, 'تم الحل', NULL, 'استفسارات', '2026-03-17 20:10:26'),
(854, 140, NULL, 'اتصالات - Etisalat', 'فواتير', 'بني سويف', 'الواسطى', 'خطأ دفع الاثنين', NULL, NULL, 'pending', NULL, NULL, 'normal', NULL, 'جديدة', NULL, 'استفسارات', '2026-03-21 04:10:26'),
(855, 150, NULL, 'وي - We', 'خدمة عملاء', 'الفيوم', 'سنورس', 'تأخير الثلاثاء', NULL, NULL, 'pending', NULL, NULL, 'normal', NULL, 'معلقة', NULL, 'استفسارات', '2026-03-21 05:10:26'),
(856, 160, NULL, 'فودافون - Vodafone', 'خط أرضي', 'المنيا', 'ملوي', 'عطل الأربعاء', NULL, NULL, 'pending', NULL, NULL, 'normal', NULL, 'تم الحل', NULL, 'أعطال إنترنت', '2026-03-18 05:10:26'),
(857, 170, NULL, 'أورانج - Orange', 'إنترنت هوائي', 'أسيوط', 'حي شرق', 'مشكلة الخميس', NULL, NULL, 'pending', NULL, NULL, 'normal', NULL, 'جديدة', NULL, 'أعطال إنترنت', '2026-03-17 06:10:26'),
(858, 180, NULL, 'اتصالات - Etisalat', 'إنترنت منزلي', 'سوهاج', 'طهطا', 'بطء الجمعة', NULL, NULL, 'pending', NULL, NULL, 'normal', NULL, 'معلقة', NULL, 'استفسارات', '2026-03-21 07:10:26'),
(859, 190, NULL, 'وي - We', 'موبايل إنترنت', 'قنا', 'قفط', 'ضعف سبت', NULL, NULL, 'pending', NULL, NULL, 'normal', NULL, 'تم الحل', NULL, 'حسابات ورصيد', '2026-03-23 15:10:26'),
(860, 200, NULL, 'فودافون - Vodafone', 'فواتير', 'الأقصر', 'إسنا', 'رصيد الأحد', NULL, NULL, 'pending', NULL, NULL, 'normal', NULL, 'جديدة', NULL, 'استفسارات', '2026-03-22 21:10:26'),
(861, 210, NULL, 'أورانج - Orange', 'خدمة عملاء', 'أسوان', 'كوم أمبو', 'رد متأخر الاثنين', NULL, NULL, 'pending', NULL, NULL, 'normal', NULL, 'معلقة', NULL, 'استفسارات', '2026-03-19 10:10:26'),
(862, 220, NULL, 'اتصالات - Etisalat', 'خط أرضي', 'البحر الأحمر', 'الغردقة', 'عطل الثلاثاء', NULL, NULL, 'pending', NULL, NULL, 'normal', NULL, 'تم الحل', NULL, 'أعطال إنترنت', '2026-03-18 03:10:26'),
(863, 230, NULL, 'وي - We', 'إنترنت هوائي', 'الوادي الجديد', 'الخارجة', 'إشارة الأربعاء', NULL, NULL, 'pending', NULL, NULL, 'normal', NULL, 'جديدة', NULL, 'استفسارات', '2026-03-22 06:10:26'),
(864, 240, NULL, 'فودافون - Vodafone', 'إنترنت منزلي', 'مطروح', 'سيوة', 'بطء الخميس', NULL, NULL, 'pending', NULL, NULL, 'normal', NULL, 'معلقة', NULL, 'استفسارات', '2026-03-18 16:10:26'),
(865, 250, NULL, 'أورانج - Orange', 'موبايل إنترنت', 'شمال سيناء', 'العريش', 'تغطية الجمعة', NULL, NULL, 'pending', NULL, NULL, 'normal', NULL, 'تم الحل', NULL, 'استفسارات', '2026-03-23 06:10:26'),
(866, 1, NULL, 'اتصالات - Etisalat', 'فواتير', 'جنوب سيناء', 'شرم الشيخ', 'فاتورة السبت', NULL, NULL, 'pending', NULL, NULL, 'normal', NULL, 'جديدة', NULL, 'استفسارات', '2026-03-22 01:10:26'),
(867, 1, NULL, 'وي - We', 'إنترنت منزلي', 'القاهرة', 'المعادي', 'عطل متكرر يوم الأحد صباحاً', NULL, NULL, 'pending', NULL, NULL, 'normal', NULL, 'جديدة', NULL, 'أعطال إنترنت', '2026-03-23 05:10:26'),
(868, 5, NULL, 'فودافون - Vodafone', 'موبايل إنترنت', 'الجيزة', 'الدقي', 'ضعف التغطية يوم الاثنين', NULL, NULL, 'pending', NULL, NULL, 'normal', NULL, 'معلقة', NULL, 'حسابات ورصيد', '2026-03-18 18:10:26'),
(869, 10, NULL, 'أورانج - Orange', 'فواتير', 'الإسكندرية', 'ميامي', 'مشكلة في الدفع يوم الثلاثاء', NULL, NULL, 'pending', NULL, NULL, 'normal', NULL, 'تم الحل', NULL, 'تغطية وشبكات', '2026-03-20 22:10:26'),
(870, 20, NULL, 'اتصالات - Etisalat', 'خدمة عملاء', 'الدقهلية', 'المنصورة', 'تأخير يوم الأربعاء', NULL, NULL, 'pending', NULL, NULL, 'normal', NULL, 'جديدة', NULL, 'استفسارات', '2026-03-24 01:10:26'),
(871, 30, NULL, 'وي - We', 'خط أرضي', 'القليوبية', 'بنها', 'حرارة مقطوعة الخميس', NULL, NULL, 'pending', NULL, NULL, 'normal', NULL, 'معلقة', NULL, 'استفسارات', '2026-03-19 05:10:26'),
(872, 40, NULL, 'فودافون - Vodafone', 'إنترنت هوائي', 'الشرقية', 'الزقازيق', 'فصل الخدمة يوم الجمعة', NULL, NULL, 'pending', NULL, NULL, 'normal', NULL, 'تم الحل', NULL, 'حسابات ورصيد', '2026-03-20 15:10:26'),
(873, 50, NULL, 'أورانج - Orange', 'خدمات أخرى', 'الغربية', 'طنطا', 'مشكلة يوم السبت', NULL, NULL, 'pending', NULL, NULL, 'normal', NULL, 'جديدة', NULL, 'أعطال إنترنت', '2026-03-21 08:10:26'),
(874, 60, NULL, 'اتصالات - Etisalat', 'إنترنت منزلي', 'المنوفية', 'شبين الكوم', 'بطء شديد الأحد', NULL, NULL, 'pending', NULL, NULL, 'normal', NULL, 'معلقة', NULL, 'استفسارات', '2026-03-20 15:10:26'),
(875, 70, NULL, 'وي - We', 'موبايل إنترنت', 'البحيرة', 'دمنهور', 'تغطية ضعيفة الاثنين', NULL, NULL, 'pending', NULL, NULL, 'normal', NULL, 'تم الحل', NULL, 'تغطية وشبكات', '2026-03-21 19:10:26'),
(876, 80, NULL, 'فودافون - Vodafone', 'فواتير', 'كفر الشيخ', 'بيلا', 'خصم رصيد الثلاثاء', NULL, NULL, 'pending', NULL, NULL, 'normal', NULL, 'جديدة', NULL, 'استفسارات', '2026-03-22 20:10:26'),
(877, 90, NULL, 'أورانج - Orange', 'خط أرضي', 'دمياط', 'رأس البر', 'وشوشة الأربعاء', NULL, NULL, 'pending', NULL, NULL, 'normal', NULL, 'معلقة', NULL, 'استفسارات', '2026-03-17 16:10:26'),
(878, 100, NULL, 'اتصالات - Etisalat', 'خدمة عملاء', 'بورسعيد', 'حي العرب', 'سوء معاملة الخميس', NULL, NULL, 'pending', NULL, NULL, 'normal', NULL, 'تم الحل', NULL, 'استفسارات', '2026-03-23 14:10:26'),
(879, 110, NULL, 'وي - We', 'إنترنت هوائي', 'الإسماعيلية', 'التل الكبير', 'إشارة ضعيفة الجمعة', NULL, NULL, 'pending', NULL, NULL, 'normal', NULL, 'جديدة', NULL, 'تغطية وشبكات', '2026-03-19 15:10:26'),
(880, 120, NULL, 'فودافون - Vodafone', 'إنترنت منزلي', 'السويس', 'بور توفيق', 'انقطاع السبت', NULL, NULL, 'pending', NULL, NULL, 'normal', NULL, 'معلقة', NULL, 'استفسارات', '2026-03-17 06:10:26'),
(881, 130, NULL, 'أورانج - Orange', 'موبايل إنترنت', 'الشرقية', 'بلبيس', 'نت بطيء الأحد', NULL, NULL, 'pending', NULL, NULL, 'normal', NULL, 'تم الحل', NULL, 'استفسارات', '2026-03-24 02:10:26'),
(882, 140, NULL, 'اتصالات - Etisalat', 'فواتير', 'بني سويف', 'الواسطى', 'خطأ دفع الاثنين', NULL, NULL, 'pending', NULL, NULL, 'normal', NULL, 'جديدة', NULL, 'استفسارات', '2026-03-23 11:10:26'),
(883, 150, NULL, 'وي - We', 'خدمة عملاء', 'الفيوم', 'سنورس', 'تأخير الثلاثاء', NULL, NULL, 'pending', NULL, NULL, 'normal', NULL, 'معلقة', NULL, 'استفسارات', '2026-03-20 18:10:26'),
(884, 160, NULL, 'فودافون - Vodafone', 'خط أرضي', 'المنيا', 'ملوي', 'عطل الأربعاء', NULL, NULL, 'pending', NULL, NULL, 'normal', NULL, 'تم الحل', NULL, 'أعطال إنترنت', '2026-03-23 03:10:26'),
(885, 170, NULL, 'أورانج - Orange', 'إنترنت هوائي', 'أسيوط', 'حي شرق', 'مشكلة الخميس', NULL, NULL, 'pending', NULL, NULL, 'normal', NULL, 'جديدة', NULL, 'أعطال إنترنت', '2026-03-22 03:10:26'),
(886, 180, NULL, 'اتصالات - Etisalat', 'إنترنت منزلي', 'سوهاج', 'طهطا', 'بطء الجمعة', NULL, NULL, 'pending', NULL, NULL, 'normal', NULL, 'معلقة', NULL, 'استفسارات', '2026-03-24 03:10:26'),
(887, 190, NULL, 'وي - We', 'موبايل إنترنت', 'قنا', 'قفط', 'ضعف سبت', NULL, NULL, 'pending', NULL, NULL, 'normal', NULL, 'تم الحل', NULL, 'حسابات ورصيد', '2026-03-23 00:10:26'),
(888, 200, NULL, 'فودافون - Vodafone', 'فواتير', 'الأقصر', 'إسنا', 'رصيد الأحد', NULL, NULL, 'pending', NULL, NULL, 'normal', NULL, 'جديدة', NULL, 'استفسارات', '2026-03-18 11:10:26'),
(889, 210, NULL, 'أورانج - Orange', 'خدمة عملاء', 'أسوان', 'كوم أمبو', 'رد متأخر الاثنين', NULL, NULL, 'pending', NULL, NULL, 'normal', NULL, 'معلقة', NULL, 'استفسارات', '2026-03-20 00:10:26'),
(890, 220, NULL, 'اتصالات - Etisalat', 'خط أرضي', 'البحر الأحمر', 'الغردقة', 'عطل الثلاثاء', NULL, NULL, 'pending', NULL, NULL, 'normal', NULL, 'تم الحل', NULL, 'أعطال إنترنت', '2026-03-20 11:10:26'),
(891, 230, NULL, 'وي - We', 'إنترنت هوائي', 'الوادي الجديد', 'الخارجة', 'إشارة الأربعاء', NULL, NULL, 'pending', NULL, NULL, 'normal', NULL, 'جديدة', NULL, 'استفسارات', '2026-03-17 23:10:26'),
(892, 240, NULL, 'فودافون - Vodafone', 'إنترنت منزلي', 'مطروح', 'سيوة', 'بطء الخميس', NULL, NULL, 'pending', NULL, NULL, 'normal', NULL, 'معلقة', NULL, 'استفسارات', '2026-03-18 05:10:26'),
(893, 250, NULL, 'أورانج - Orange', 'موبايل إنترنت', 'شمال سيناء', 'العريش', 'تغطية الجمعة', NULL, NULL, 'pending', NULL, NULL, 'normal', NULL, 'تم الحل', NULL, 'استفسارات', '2026-03-20 00:10:26'),
(894, 1, NULL, 'اتصالات - Etisalat', 'فواتير', 'جنوب سيناء', 'شرم الشيخ', 'فاتورة السبت', NULL, NULL, 'pending', NULL, NULL, 'normal', NULL, 'جديدة', NULL, 'استفسارات', '2026-03-21 02:10:26'),
(895, 1, NULL, 'وي - We', 'إنترنت منزلي', 'القاهرة', 'المعادي', 'عطل متكرر يوم الأحد صباحاً', NULL, NULL, 'pending', NULL, NULL, 'normal', NULL, 'جديدة', NULL, 'أعطال إنترنت', '2026-03-21 03:10:26'),
(896, 5, NULL, 'فودافون - Vodafone', 'موبايل إنترنت', 'الجيزة', 'الدقي', 'ضعف التغطية يوم الاثنين', NULL, NULL, 'pending', NULL, NULL, 'normal', NULL, 'معلقة', NULL, 'حسابات ورصيد', '2026-03-18 07:10:26'),
(897, 10, NULL, 'أورانج - Orange', 'فواتير', 'الإسكندرية', 'ميامي', 'مشكلة في الدفع يوم الثلاثاء', NULL, NULL, 'pending', NULL, NULL, 'normal', NULL, 'تم الحل', NULL, 'تغطية وشبكات', '2026-03-17 19:10:26'),
(898, 20, NULL, 'اتصالات - Etisalat', 'خدمة عملاء', 'الدقهلية', 'المنصورة', 'تأخير يوم الأربعاء', NULL, NULL, 'pending', NULL, NULL, 'normal', NULL, 'جديدة', NULL, 'استفسارات', '2026-03-23 20:10:26'),
(899, 30, NULL, 'وي - We', 'خط أرضي', 'القليوبية', 'بنها', 'حرارة مقطوعة الخميس', NULL, NULL, 'pending', NULL, NULL, 'normal', NULL, 'معلقة', NULL, 'استفسارات', '2026-03-20 16:10:26'),
(900, 40, NULL, 'فودافون - Vodafone', 'إنترنت هوائي', 'الشرقية', 'الزقازيق', 'فصل الخدمة يوم الجمعة', NULL, NULL, 'pending', NULL, NULL, 'normal', NULL, 'تم الحل', NULL, 'حسابات ورصيد', '2026-03-21 12:10:26'),
(901, 50, NULL, 'أورانج - Orange', 'خدمات أخرى', 'الغربية', 'طنطا', 'مشكلة يوم السبت', NULL, NULL, 'pending', NULL, NULL, 'normal', NULL, 'جديدة', NULL, 'أعطال إنترنت', '2026-03-21 06:10:26'),
(902, 60, NULL, 'اتصالات - Etisalat', 'إنترنت منزلي', 'المنوفية', 'شبين الكوم', 'بطء شديد الأحد', NULL, NULL, 'pending', NULL, NULL, 'normal', NULL, 'معلقة', NULL, 'استفسارات', '2026-03-17 13:10:26'),
(903, 70, NULL, 'وي - We', 'موبايل إنترنت', 'البحيرة', 'دمنهور', 'تغطية ضعيفة الاثنين', NULL, NULL, 'pending', NULL, NULL, 'normal', NULL, 'تم الحل', NULL, 'تغطية وشبكات', '2026-03-20 19:10:26'),
(904, 80, NULL, 'فودافون - Vodafone', 'فواتير', 'كفر الشيخ', 'بيلا', 'خصم رصيد الثلاثاء', NULL, NULL, 'pending', NULL, NULL, 'normal', NULL, 'جديدة', NULL, 'استفسارات', '2026-03-20 01:10:26'),
(905, 90, NULL, 'أورانج - Orange', 'خط أرضي', 'دمياط', 'رأس البر', 'وشوشة الأربعاء', NULL, NULL, 'pending', NULL, NULL, 'normal', NULL, 'معلقة', NULL, 'استفسارات', '2026-03-20 15:10:26'),
(906, 100, NULL, 'اتصالات - Etisalat', 'خدمة عملاء', 'بورسعيد', 'حي العرب', 'سوء معاملة الخميس', NULL, NULL, 'pending', NULL, NULL, 'normal', NULL, 'تم الحل', NULL, 'استفسارات', '2026-03-18 20:10:26'),
(907, 110, NULL, 'وي - We', 'إنترنت هوائي', 'الإسماعيلية', 'التل الكبير', 'إشارة ضعيفة الجمعة', NULL, NULL, 'pending', NULL, NULL, 'normal', NULL, 'جديدة', NULL, 'تغطية وشبكات', '2026-03-22 00:10:26'),
(908, 120, NULL, 'فودافون - Vodafone', 'إنترنت منزلي', 'السويس', 'بور توفيق', 'انقطاع السبت', NULL, NULL, 'pending', NULL, NULL, 'normal', NULL, 'معلقة', NULL, 'استفسارات', '2026-03-22 08:10:26'),
(909, 130, NULL, 'أورانج - Orange', 'موبايل إنترنت', 'الشرقية', 'بلبيس', 'نت بطيء الأحد', NULL, NULL, 'pending', NULL, NULL, 'normal', NULL, 'تم الحل', NULL, 'استفسارات', '2026-03-21 11:10:26'),
(910, 140, NULL, 'اتصالات - Etisalat', 'فواتير', 'بني سويف', 'الواسطى', 'خطأ دفع الاثنين', NULL, NULL, 'pending', NULL, NULL, 'normal', NULL, 'جديدة', NULL, 'استفسارات', '2026-03-22 22:10:26'),
(911, 150, NULL, 'وي - We', 'خدمة عملاء', 'الفيوم', 'سنورس', 'تأخير الثلاثاء', NULL, NULL, 'pending', NULL, NULL, 'normal', NULL, 'معلقة', NULL, 'استفسارات', '2026-03-19 03:10:26'),
(912, 160, NULL, 'فودافون - Vodafone', 'خط أرضي', 'المنيا', 'ملوي', 'عطل الأربعاء', NULL, NULL, 'pending', NULL, NULL, 'normal', NULL, 'تم الحل', NULL, 'أعطال إنترنت', '2026-03-23 16:10:26'),
(913, 170, NULL, 'أورانج - Orange', 'إنترنت هوائي', 'أسيوط', 'حي شرق', 'مشكلة الخميس', NULL, NULL, 'pending', NULL, NULL, 'normal', NULL, 'جديدة', NULL, 'أعطال إنترنت', '2026-03-22 16:10:26'),
(914, 180, NULL, 'اتصالات - Etisalat', 'إنترنت منزلي', 'سوهاج', 'طهطا', 'بطء الجمعة', NULL, NULL, 'pending', NULL, NULL, 'normal', NULL, 'معلقة', NULL, 'استفسارات', '2026-03-18 04:10:26'),
(915, 190, NULL, 'وي - We', 'موبايل إنترنت', 'قنا', 'قفط', 'ضعف سبت', NULL, NULL, 'pending', NULL, NULL, 'normal', NULL, 'تم الحل', NULL, 'حسابات ورصيد', '2026-03-19 12:10:26'),
(916, 200, NULL, 'فودافون - Vodafone', 'فواتير', 'الأقصر', 'إسنا', 'رصيد الأحد', NULL, NULL, 'pending', NULL, NULL, 'normal', NULL, 'جديدة', NULL, 'استفسارات', '2026-03-18 22:10:26'),
(917, 210, NULL, 'أورانج - Orange', 'خدمة عملاء', 'أسوان', 'كوم أمبو', 'رد متأخر الاثنين', NULL, NULL, 'pending', NULL, NULL, 'normal', NULL, 'معلقة', NULL, 'استفسارات', '2026-03-18 17:10:26'),
(918, 220, NULL, 'اتصالات - Etisalat', 'خط أرضي', 'البحر الأحمر', 'الغردقة', 'عطل الثلاثاء', NULL, NULL, 'pending', NULL, NULL, 'normal', NULL, 'تم الحل', NULL, 'أعطال إنترنت', '2026-03-19 14:10:26'),
(919, 230, NULL, 'وي - We', 'إنترنت هوائي', 'الوادي الجديد', 'الخارجة', 'إشارة الأربعاء', NULL, NULL, 'pending', NULL, NULL, 'normal', NULL, 'جديدة', NULL, 'استفسارات', '2026-03-17 14:10:26'),
(920, 240, NULL, 'فودافون - Vodafone', 'إنترنت منزلي', 'مطروح', 'سيوة', 'بطء الخميس', NULL, NULL, 'pending', NULL, NULL, 'normal', NULL, 'معلقة', NULL, 'استفسارات', '2026-03-19 00:10:26'),
(921, 250, NULL, 'أورانج - Orange', 'موبايل إنترنت', 'شمال سيناء', 'العريش', 'تغطية الجمعة', NULL, NULL, 'pending', NULL, NULL, 'normal', NULL, 'تم الحل', NULL, 'استفسارات', '2026-03-18 00:10:26'),
(922, 1, NULL, 'اتصالات - Etisalat', 'فواتير', 'جنوب سيناء', 'شرم الشيخ', 'فاتورة السبت', NULL, NULL, 'pending', NULL, NULL, 'normal', NULL, 'جديدة', NULL, 'استفسارات', '2026-03-22 20:10:26'),
(923, 1, NULL, 'وي - We', 'إنترنت منزلي', 'القاهرة', 'المعادي', 'عطل متكرر يوم الأحد صباحاً', NULL, NULL, 'pending', NULL, NULL, 'normal', NULL, 'جديدة', NULL, 'أعطال إنترنت', '2026-03-21 19:10:26'),
(924, 5, NULL, 'فودافون - Vodafone', 'موبايل إنترنت', 'الجيزة', 'الدقي', 'ضعف التغطية يوم الاثنين', NULL, NULL, 'pending', NULL, NULL, 'normal', NULL, 'معلقة', NULL, 'حسابات ورصيد', '2026-03-23 08:10:26'),
(925, 10, NULL, 'أورانج - Orange', 'فواتير', 'الإسكندرية', 'ميامي', 'مشكلة في الدفع يوم الثلاثاء', NULL, NULL, 'pending', NULL, NULL, 'normal', NULL, 'تم الحل', NULL, 'تغطية وشبكات', '2026-03-20 02:10:26'),
(926, 20, NULL, 'اتصالات - Etisalat', 'خدمة عملاء', 'الدقهلية', 'المنصورة', 'تأخير يوم الأربعاء', NULL, NULL, 'pending', NULL, NULL, 'normal', NULL, 'جديدة', NULL, 'استفسارات', '2026-03-20 03:10:26'),
(927, 30, NULL, 'وي - We', 'خط أرضي', 'القليوبية', 'بنها', 'حرارة مقطوعة الخميس', NULL, NULL, 'pending', NULL, NULL, 'normal', NULL, 'معلقة', NULL, 'استفسارات', '2026-03-23 04:10:26'),
(928, 40, NULL, 'فودافون - Vodafone', 'إنترنت هوائي', 'الشرقية', 'الزقازيق', 'فصل الخدمة يوم الجمعة', NULL, NULL, 'pending', NULL, NULL, 'normal', NULL, 'تم الحل', NULL, 'حسابات ورصيد', '2026-03-24 04:10:26'),
(929, 50, NULL, 'أورانج - Orange', 'خدمات أخرى', 'الغربية', 'طنطا', 'مشكلة يوم السبت', NULL, NULL, 'pending', NULL, NULL, 'normal', NULL, 'جديدة', NULL, 'أعطال إنترنت', '2026-03-20 03:10:26'),
(930, 60, NULL, 'اتصالات - Etisalat', 'إنترنت منزلي', 'المنوفية', 'شبين الكوم', 'بطء شديد الأحد', NULL, NULL, 'pending', NULL, NULL, 'normal', NULL, 'معلقة', NULL, 'استفسارات', '2026-03-17 20:10:26'),
(931, 70, NULL, 'وي - We', 'موبايل إنترنت', 'البحيرة', 'دمنهور', 'تغطية ضعيفة الاثنين', NULL, NULL, 'pending', NULL, NULL, 'normal', NULL, 'تم الحل', NULL, 'تغطية وشبكات', '2026-03-18 14:10:26'),
(932, 80, NULL, 'فودافون - Vodafone', 'فواتير', 'كفر الشيخ', 'بيلا', 'خصم رصيد الثلاثاء', NULL, NULL, 'pending', NULL, NULL, 'normal', NULL, 'جديدة', NULL, 'استفسارات', '2026-03-22 03:10:26'),
(933, 90, NULL, 'أورانج - Orange', 'خط أرضي', 'دمياط', 'رأس البر', 'وشوشة الأربعاء', NULL, NULL, 'pending', NULL, NULL, 'normal', NULL, 'معلقة', NULL, 'استفسارات', '2026-03-23 19:10:26'),
(934, 100, NULL, 'اتصالات - Etisalat', 'خدمة عملاء', 'بورسعيد', 'حي العرب', 'سوء معاملة الخميس', NULL, NULL, 'pending', NULL, NULL, 'normal', NULL, 'تم الحل', NULL, 'استفسارات', '2026-03-21 06:10:26'),
(935, 110, NULL, 'وي - We', 'إنترنت هوائي', 'الإسماعيلية', 'التل الكبير', 'إشارة ضعيفة الجمعة', NULL, NULL, 'pending', NULL, NULL, 'normal', NULL, 'جديدة', NULL, 'تغطية وشبكات', '2026-03-17 18:10:26'),
(936, 120, NULL, 'فودافون - Vodafone', 'إنترنت منزلي', 'السويس', 'بور توفيق', 'انقطاع السبت', NULL, NULL, 'pending', NULL, NULL, 'normal', NULL, 'معلقة', NULL, 'استفسارات', '2026-03-21 16:10:26'),
(937, 130, NULL, 'أورانج - Orange', 'موبايل إنترنت', 'الشرقية', 'بلبيس', 'نت بطيء الأحد', NULL, NULL, 'pending', NULL, NULL, 'normal', NULL, 'تم الحل', NULL, 'استفسارات', '2026-03-23 23:10:26'),
(938, 140, NULL, 'اتصالات - Etisalat', 'فواتير', 'بني سويف', 'الواسطى', 'خطأ دفع الاثنين', NULL, NULL, 'pending', NULL, NULL, 'normal', NULL, 'جديدة', NULL, 'استفسارات', '2026-03-23 12:10:26'),
(939, 150, NULL, 'وي - We', 'خدمة عملاء', 'الفيوم', 'سنورس', 'تأخير الثلاثاء', NULL, NULL, 'pending', NULL, NULL, 'normal', NULL, 'معلقة', NULL, 'استفسارات', '2026-03-21 11:10:26'),
(940, 160, NULL, 'فودافون - Vodafone', 'خط أرضي', 'المنيا', 'ملوي', 'عطل الأربعاء', NULL, NULL, 'pending', NULL, NULL, 'normal', NULL, 'تم الحل', NULL, 'أعطال إنترنت', '2026-03-19 11:10:26'),
(941, 170, NULL, 'أورانج - Orange', 'إنترنت هوائي', 'أسيوط', 'حي شرق', 'مشكلة الخميس', NULL, NULL, 'pending', NULL, NULL, 'normal', NULL, 'جديدة', NULL, 'أعطال إنترنت', '2026-03-22 19:10:26'),
(942, 180, NULL, 'اتصالات - Etisalat', 'إنترنت منزلي', 'سوهاج', 'طهطا', 'بطء الجمعة', NULL, NULL, 'pending', NULL, NULL, 'normal', NULL, 'معلقة', NULL, 'استفسارات', '2026-03-17 09:10:26'),
(943, 190, NULL, 'وي - We', 'موبايل إنترنت', 'قنا', 'قفط', 'ضعف سبت', NULL, NULL, 'pending', NULL, NULL, 'normal', NULL, 'تم الحل', NULL, 'حسابات ورصيد', '2026-03-22 08:10:26'),
(944, 200, NULL, 'فودافون - Vodafone', 'فواتير', 'الأقصر', 'إسنا', 'رصيد الأحد', NULL, NULL, 'pending', NULL, NULL, 'normal', NULL, 'جديدة', NULL, 'استفسارات', '2026-03-21 04:10:26'),
(945, 210, NULL, 'أورانج - Orange', 'خدمة عملاء', 'أسوان', 'كوم أمبو', 'رد متأخر الاثنين', NULL, NULL, 'pending', NULL, NULL, 'normal', NULL, 'معلقة', NULL, 'استفسارات', '2026-03-21 15:10:26'),
(946, 220, NULL, 'اتصالات - Etisalat', 'خط أرضي', 'البحر الأحمر', 'الغردقة', 'عطل الثلاثاء', NULL, NULL, 'pending', NULL, NULL, 'normal', NULL, 'تم الحل', NULL, 'أعطال إنترنت', '2026-03-20 10:10:26'),
(947, 230, NULL, 'وي - We', 'إنترنت هوائي', 'الوادي الجديد', 'الخارجة', 'إشارة الأربعاء', NULL, NULL, 'pending', NULL, NULL, 'normal', NULL, 'جديدة', NULL, 'استفسارات', '2026-03-19 21:10:26'),
(948, 240, NULL, 'فودافون - Vodafone', 'إنترنت منزلي', 'مطروح', 'سيوة', 'بطء الخميس', NULL, NULL, 'pending', NULL, NULL, 'normal', NULL, 'معلقة', NULL, 'استفسارات', '2026-03-21 01:10:26'),
(949, 250, NULL, 'أورانج - Orange', 'موبايل إنترنت', 'شمال سيناء', 'العريش', 'تغطية الجمعة', NULL, NULL, 'pending', NULL, NULL, 'normal', NULL, 'تم الحل', NULL, 'استفسارات', '2026-03-21 09:10:26'),
(950, 1, NULL, 'اتصالات - Etisalat', 'فواتير', 'جنوب سيناء', 'شرم الشيخ', 'فاتورة السبت', NULL, NULL, 'pending', NULL, NULL, 'normal', NULL, 'جديدة', NULL, 'استفسارات', '2026-03-19 09:10:26'),
(951, 1, NULL, 'وي - We', 'إنترنت منزلي', 'القاهرة', 'المعادي', 'عطل متكرر يوم الأحد صباحاً', NULL, NULL, 'pending', NULL, NULL, 'normal', NULL, 'جديدة', NULL, 'أعطال إنترنت', '2026-03-22 15:10:26'),
(952, 5, NULL, 'فودافون - Vodafone', 'موبايل إنترنت', 'الجيزة', 'الدقي', 'ضعف التغطية يوم الاثنين', NULL, NULL, 'pending', NULL, NULL, 'normal', NULL, 'معلقة', NULL, 'حسابات ورصيد', '2026-03-23 17:10:26'),
(953, 10, NULL, 'أورانج - Orange', 'فواتير', 'الإسكندرية', 'ميامي', 'مشكلة في الدفع يوم الثلاثاء', NULL, NULL, 'pending', NULL, NULL, 'normal', NULL, 'تم الحل', NULL, 'تغطية وشبكات', '2026-03-19 12:10:26'),
(954, 20, NULL, 'اتصالات - Etisalat', 'خدمة عملاء', 'الدقهلية', 'المنصورة', 'تأخير يوم الأربعاء', NULL, NULL, 'pending', NULL, NULL, 'normal', NULL, 'جديدة', NULL, 'استفسارات', '2026-03-23 03:10:26'),
(955, 30, NULL, 'وي - We', 'خط أرضي', 'القليوبية', 'بنها', 'حرارة مقطوعة الخميس', NULL, NULL, 'pending', NULL, NULL, 'normal', NULL, 'معلقة', NULL, 'استفسارات', '2026-03-18 21:10:26'),
(956, 40, NULL, 'فودافون - Vodafone', 'إنترنت هوائي', 'الشرقية', 'الزقازيق', 'فصل الخدمة يوم الجمعة', NULL, NULL, 'pending', NULL, NULL, 'normal', NULL, 'تم الحل', NULL, 'حسابات ورصيد', '2026-03-21 20:10:26'),
(957, 50, NULL, 'أورانج - Orange', 'خدمات أخرى', 'الغربية', 'طنطا', 'مشكلة يوم السبت', NULL, NULL, 'pending', NULL, NULL, 'normal', NULL, 'جديدة', NULL, 'أعطال إنترنت', '2026-03-21 08:10:26'),
(958, 60, NULL, 'اتصالات - Etisalat', 'إنترنت منزلي', 'المنوفية', 'شبين الكوم', 'بطء شديد الأحد', NULL, NULL, 'pending', NULL, NULL, 'normal', NULL, 'معلقة', NULL, 'استفسارات', '2026-03-23 21:10:26'),
(959, 70, NULL, 'وي - We', 'موبايل إنترنت', 'البحيرة', 'دمنهور', 'تغطية ضعيفة الاثنين', NULL, NULL, 'pending', NULL, NULL, 'normal', NULL, 'تم الحل', NULL, 'تغطية وشبكات', '2026-03-24 05:10:26'),
(960, 80, NULL, 'فودافون - Vodafone', 'فواتير', 'كفر الشيخ', 'بيلا', 'خصم رصيد الثلاثاء', NULL, NULL, 'pending', NULL, NULL, 'normal', NULL, 'جديدة', NULL, 'استفسارات', '2026-03-18 03:10:26'),
(961, 90, NULL, 'أورانج - Orange', 'خط أرضي', 'دمياط', 'رأس البر', 'وشوشة الأربعاء', NULL, NULL, 'pending', NULL, NULL, 'normal', NULL, 'معلقة', NULL, 'استفسارات', '2026-03-21 21:10:26'),
(962, 100, NULL, 'اتصالات - Etisalat', 'خدمة عملاء', 'بورسعيد', 'حي العرب', 'سوء معاملة الخميس', NULL, NULL, 'pending', NULL, NULL, 'normal', NULL, 'تم الحل', NULL, 'استفسارات', '2026-03-23 16:10:26'),
(963, 110, NULL, 'وي - We', 'إنترنت هوائي', 'الإسماعيلية', 'التل الكبير', 'إشارة ضعيفة الجمعة', NULL, NULL, 'pending', NULL, NULL, 'normal', NULL, 'جديدة', NULL, 'تغطية وشبكات', '2026-03-21 12:10:26'),
(964, 120, NULL, 'فودافون - Vodafone', 'إنترنت منزلي', 'السويس', 'بور توفيق', 'انقطاع السبت', NULL, NULL, 'pending', NULL, NULL, 'normal', NULL, 'معلقة', NULL, 'استفسارات', '2026-03-19 07:10:26'),
(965, 130, NULL, 'أورانج - Orange', 'موبايل إنترنت', 'الشرقية', 'بلبيس', 'نت بطيء الأحد', NULL, NULL, 'pending', NULL, NULL, 'normal', NULL, 'تم الحل', NULL, 'استفسارات', '2026-03-21 19:10:26'),
(966, 140, NULL, 'اتصالات - Etisalat', 'فواتير', 'بني سويف', 'الواسطى', 'خطأ دفع الاثنين', NULL, NULL, 'pending', NULL, NULL, 'normal', NULL, 'جديدة', NULL, 'استفسارات', '2026-03-19 21:10:26'),
(967, 150, NULL, 'وي - We', 'خدمة عملاء', 'الفيوم', 'سنورس', 'تأخير الثلاثاء', NULL, NULL, 'pending', NULL, NULL, 'normal', NULL, 'معلقة', NULL, 'استفسارات', '2026-03-23 16:10:26'),
(968, 160, NULL, 'فودافون - Vodafone', 'خط أرضي', 'المنيا', 'ملوي', 'عطل الأربعاء', NULL, NULL, 'pending', NULL, NULL, 'normal', NULL, 'تم الحل', NULL, 'أعطال إنترنت', '2026-03-20 11:10:26'),
(969, 170, NULL, 'أورانج - Orange', 'إنترنت هوائي', 'أسيوط', 'حي شرق', 'مشكلة الخميس', NULL, NULL, 'pending', NULL, NULL, 'normal', NULL, 'جديدة', NULL, 'أعطال إنترنت', '2026-03-21 01:10:26'),
(970, 180, NULL, 'اتصالات - Etisalat', 'إنترنت منزلي', 'سوهاج', 'طهطا', 'بطء الجمعة', NULL, NULL, 'pending', NULL, NULL, 'normal', NULL, 'معلقة', NULL, 'استفسارات', '2026-03-19 15:10:26'),
(971, 190, NULL, 'وي - We', 'موبايل إنترنت', 'قنا', 'قفط', 'ضعف سبت', NULL, NULL, 'pending', NULL, NULL, 'normal', NULL, 'تم الحل', NULL, 'حسابات ورصيد', '2026-03-17 17:10:26'),
(972, 200, NULL, 'فودافون - Vodafone', 'فواتير', 'الأقصر', 'إسنا', 'رصيد الأحد', NULL, NULL, 'pending', NULL, NULL, 'normal', NULL, 'جديدة', NULL, 'استفسارات', '2026-03-19 14:10:26'),
(973, 210, NULL, 'أورانج - Orange', 'خدمة عملاء', 'أسوان', 'كوم أمبو', 'رد متأخر الاثنين', NULL, NULL, 'pending', NULL, NULL, 'normal', NULL, 'معلقة', NULL, 'استفسارات', '2026-03-20 10:10:26'),
(974, 220, NULL, 'اتصالات - Etisalat', 'خط أرضي', 'البحر الأحمر', 'الغردقة', 'عطل الثلاثاء', NULL, NULL, 'pending', NULL, NULL, 'normal', NULL, 'تم الحل', NULL, 'أعطال إنترنت', '2026-03-19 05:10:26'),
(975, 230, NULL, 'وي - We', 'إنترنت هوائي', 'الوادي الجديد', 'الخارجة', 'إشارة الأربعاء', NULL, NULL, 'pending', NULL, NULL, 'normal', NULL, 'جديدة', NULL, 'استفسارات', '2026-03-17 15:10:26'),
(976, 240, NULL, 'فودافون - Vodafone', 'إنترنت منزلي', 'مطروح', 'سيوة', 'بطء الخميس', NULL, NULL, 'pending', NULL, NULL, 'normal', NULL, 'معلقة', NULL, 'استفسارات', '2026-03-20 03:10:26'),
(977, 250, NULL, 'أورانج - Orange', 'موبايل إنترنت', 'شمال سيناء', 'العريش', 'تغطية الجمعة', NULL, NULL, 'pending', NULL, NULL, 'normal', NULL, 'تم الحل', NULL, 'استفسارات', '2026-03-23 15:10:26'),
(978, 1, NULL, 'اتصالات - Etisalat', 'فواتير', 'جنوب سيناء', 'شرم الشيخ', 'فاتورة السبت', NULL, NULL, 'pending', NULL, NULL, 'normal', NULL, 'جديدة', NULL, 'استفسارات', '2026-03-19 10:10:26'),
(979, 1, NULL, 'وي - We', 'إنترنت منزلي', 'القاهرة', 'المعادي', 'عطل متكرر يوم الأحد صباحاً', NULL, NULL, 'pending', NULL, NULL, 'normal', NULL, 'جديدة', NULL, 'أعطال إنترنت', '2026-03-23 02:10:26'),
(980, 5, NULL, 'فودافون - Vodafone', 'موبايل إنترنت', 'الجيزة', 'الدقي', 'ضعف التغطية يوم الاثنين', NULL, NULL, 'pending', NULL, NULL, 'normal', NULL, 'معلقة', NULL, 'حسابات ورصيد', '2026-03-18 21:10:26'),
(981, 10, NULL, 'أورانج - Orange', 'فواتير', 'الإسكندرية', 'ميامي', 'مشكلة في الدفع يوم الثلاثاء', NULL, NULL, 'pending', NULL, NULL, 'normal', NULL, 'تم الحل', NULL, 'تغطية وشبكات', '2026-03-21 23:10:26'),
(982, 20, NULL, 'اتصالات - Etisalat', 'خدمة عملاء', 'الدقهلية', 'المنصورة', 'تأخير يوم الأربعاء', NULL, NULL, 'pending', NULL, NULL, 'normal', NULL, 'جديدة', NULL, 'استفسارات', '2026-03-21 21:10:26'),
(983, 30, NULL, 'وي - We', 'خط أرضي', 'القليوبية', 'بنها', 'حرارة مقطوعة الخميس', NULL, NULL, 'pending', NULL, NULL, 'normal', NULL, 'معلقة', NULL, 'استفسارات', '2026-03-19 05:10:26'),
(984, 40, NULL, 'فودافون - Vodafone', 'إنترنت هوائي', 'الشرقية', 'الزقازيق', 'فصل الخدمة يوم الجمعة', NULL, NULL, 'pending', NULL, NULL, 'normal', NULL, 'تم الحل', NULL, 'حسابات ورصيد', '2026-03-20 06:10:26'),
(985, 50, NULL, 'أورانج - Orange', 'خدمات أخرى', 'الغربية', 'طنطا', 'مشكلة يوم السبت', NULL, NULL, 'pending', NULL, NULL, 'normal', NULL, 'جديدة', NULL, 'أعطال إنترنت', '2026-03-19 09:10:26'),
(986, 60, NULL, 'اتصالات - Etisalat', 'إنترنت منزلي', 'المنوفية', 'شبين الكوم', 'بطء شديد الأحد', NULL, NULL, 'pending', NULL, NULL, 'normal', NULL, 'معلقة', NULL, 'استفسارات', '2026-03-18 20:10:26'),
(987, 70, NULL, 'وي - We', 'موبايل إنترنت', 'البحيرة', 'دمنهور', 'تغطية ضعيفة الاثنين', NULL, NULL, 'pending', NULL, NULL, 'normal', NULL, 'تم الحل', NULL, 'تغطية وشبكات', '2026-03-18 21:10:26'),
(988, 80, NULL, 'فودافون - Vodafone', 'فواتير', 'كفر الشيخ', 'بيلا', 'خصم رصيد الثلاثاء', NULL, NULL, 'pending', NULL, NULL, 'normal', NULL, 'جديدة', NULL, 'استفسارات', '2026-03-20 14:10:26'),
(989, 90, NULL, 'أورانج - Orange', 'خط أرضي', 'دمياط', 'رأس البر', 'وشوشة الأربعاء', NULL, NULL, 'pending', NULL, NULL, 'normal', NULL, 'معلقة', NULL, 'استفسارات', '2026-03-22 03:10:26'),
(990, 100, NULL, 'اتصالات - Etisalat', 'خدمة عملاء', 'بورسعيد', 'حي العرب', 'سوء معاملة الخميس', NULL, NULL, 'pending', NULL, NULL, 'normal', NULL, 'تم الحل', NULL, 'استفسارات', '2026-03-17 13:10:26'),
(991, 110, NULL, 'وي - We', 'إنترنت هوائي', 'الإسماعيلية', 'التل الكبير', 'إشارة ضعيفة الجمعة', NULL, NULL, 'pending', NULL, NULL, 'normal', NULL, 'جديدة', NULL, 'تغطية وشبكات', '2026-03-18 04:10:26'),
(992, 120, NULL, 'فودافون - Vodafone', 'إنترنت منزلي', 'السويس', 'بور توفيق', 'انقطاع السبت', NULL, NULL, 'pending', NULL, NULL, 'normal', NULL, 'معلقة', NULL, 'استفسارات', '2026-03-20 23:10:26'),
(993, 130, NULL, 'أورانج - Orange', 'موبايل إنترنت', 'الشرقية', 'بلبيس', 'نت بطيء الأحد', NULL, NULL, 'pending', NULL, NULL, 'normal', NULL, 'تم الحل', NULL, 'استفسارات', '2026-03-19 01:10:26'),
(994, 140, NULL, 'اتصالات - Etisalat', 'فواتير', 'بني سويف', 'الواسطى', 'خطأ دفع الاثنين', NULL, NULL, 'pending', NULL, NULL, 'normal', NULL, 'جديدة', NULL, 'استفسارات', '2026-03-22 05:10:26'),
(995, 150, NULL, 'وي - We', 'خدمة عملاء', 'الفيوم', 'سنورس', 'تأخير الثلاثاء', NULL, NULL, 'pending', NULL, NULL, 'normal', NULL, 'معلقة', NULL, 'استفسارات', '2026-03-22 13:10:26'),
(996, 160, NULL, 'فودافون - Vodafone', 'خط أرضي', 'المنيا', 'ملوي', 'عطل الأربعاء', NULL, NULL, 'pending', NULL, NULL, 'normal', NULL, 'تم الحل', NULL, 'أعطال إنترنت', '2026-03-21 22:10:26'),
(997, 170, NULL, 'أورانج - Orange', 'إنترنت هوائي', 'أسيوط', 'حي شرق', 'مشكلة الخميس', NULL, NULL, 'pending', NULL, NULL, 'normal', NULL, 'جديدة', NULL, 'أعطال إنترنت', '2026-03-17 20:10:26'),
(998, 180, NULL, 'اتصالات - Etisalat', 'إنترنت منزلي', 'سوهاج', 'طهطا', 'بطء الجمعة', NULL, NULL, 'pending', NULL, NULL, 'normal', NULL, 'معلقة', NULL, 'استفسارات', '2026-03-20 01:10:26');
INSERT INTO `complaints` (`id`, `customer_id`, `support_id`, `company_name`, `service_type`, `governorate`, `location`, `description`, `complaint_phone`, `landline`, `customer_approval`, `rejection_reason`, `approval_requested_at`, `escalation_level`, `image_path`, `status`, `admin_reply`, `ai_category`, `created_at`) VALUES
(999, 190, NULL, 'وي - We', 'موبايل إنترنت', 'قنا', 'قفط', 'ضعف سبت', NULL, NULL, 'pending', NULL, NULL, 'normal', NULL, 'تم الحل', NULL, 'حسابات ورصيد', '2026-03-22 14:10:26'),
(1000, 200, NULL, 'فودافون - Vodafone', 'فواتير', 'الأقصر', 'إسنا', 'رصيد الأحد', NULL, NULL, 'pending', NULL, NULL, 'normal', NULL, 'جديدة', NULL, 'استفسارات', '2026-03-21 11:10:26'),
(1001, 210, NULL, 'أورانج - Orange', 'خدمة عملاء', 'أسوان', 'كوم أمبو', 'رد متأخر الاثنين', NULL, NULL, 'pending', NULL, NULL, 'normal', NULL, 'معلقة', NULL, 'استفسارات', '2026-03-22 11:10:26'),
(1002, 220, NULL, 'اتصالات - Etisalat', 'خط أرضي', 'البحر الأحمر', 'الغردقة', 'عطل الثلاثاء', NULL, NULL, 'pending', NULL, NULL, 'normal', NULL, 'تم الحل', NULL, 'أعطال إنترنت', '2026-03-23 13:10:26'),
(1003, 230, NULL, 'وي - We', 'إنترنت هوائي', 'الوادي الجديد', 'الخارجة', 'إشارة الأربعاء', NULL, NULL, 'pending', NULL, NULL, 'normal', NULL, 'جديدة', NULL, 'استفسارات', '2026-03-19 03:10:26'),
(1004, 240, NULL, 'فودافون - Vodafone', 'إنترنت منزلي', 'مطروح', 'سيوة', 'بطء الخميس', NULL, NULL, 'pending', NULL, NULL, 'normal', NULL, 'معلقة', NULL, 'استفسارات', '2026-03-21 19:10:26'),
(1005, 250, NULL, 'أورانج - Orange', 'موبايل إنترنت', 'شمال سيناء', 'العريش', 'تغطية الجمعة', NULL, NULL, 'pending', NULL, NULL, 'normal', NULL, 'تم الحل', NULL, 'استفسارات', '2026-03-20 09:10:26'),
(1006, 1, NULL, 'اتصالات - Etisalat', 'فواتير', 'جنوب سيناء', 'شرم الشيخ', 'فاتورة السبت', NULL, NULL, 'pending', NULL, NULL, 'normal', NULL, 'جديدة', NULL, 'استفسارات', '2026-03-19 08:10:26'),
(1007, 1, NULL, 'وي - We', 'إنترنت منزلي', 'القاهرة', 'المعادي', 'عطل متكرر يوم الأحد صباحاً', NULL, NULL, 'pending', NULL, NULL, 'normal', NULL, 'جديدة', NULL, 'أعطال إنترنت', '2026-03-18 07:10:26'),
(1008, 5, NULL, 'فودافون - Vodafone', 'موبايل إنترنت', 'الجيزة', 'الدقي', 'ضعف التغطية يوم الاثنين', NULL, NULL, 'pending', NULL, NULL, 'normal', NULL, 'معلقة', NULL, 'حسابات ورصيد', '2026-03-23 06:10:26'),
(1009, 10, NULL, 'أورانج - Orange', 'فواتير', 'الإسكندرية', 'ميامي', 'مشكلة في الدفع يوم الثلاثاء', NULL, NULL, 'pending', NULL, NULL, 'normal', NULL, 'تم الحل', NULL, 'تغطية وشبكات', '2026-03-23 01:10:26'),
(1010, 20, NULL, 'اتصالات - Etisalat', 'خدمة عملاء', 'الدقهلية', 'المنصورة', 'تأخير يوم الأربعاء', NULL, NULL, 'pending', NULL, NULL, 'normal', NULL, 'جديدة', NULL, 'استفسارات', '2026-03-21 06:10:26'),
(1011, 30, NULL, 'وي - We', 'خط أرضي', 'القليوبية', 'بنها', 'حرارة مقطوعة الخميس', NULL, NULL, 'pending', NULL, NULL, 'normal', NULL, 'معلقة', NULL, 'استفسارات', '2026-03-19 22:10:26'),
(1012, 40, NULL, 'فودافون - Vodafone', 'إنترنت هوائي', 'الشرقية', 'الزقازيق', 'فصل الخدمة يوم الجمعة', NULL, NULL, 'pending', NULL, NULL, 'normal', NULL, 'تم الحل', NULL, 'حسابات ورصيد', '2026-03-18 16:10:26'),
(1013, 50, NULL, 'أورانج - Orange', 'خدمات أخرى', 'الغربية', 'طنطا', 'مشكلة يوم السبت', NULL, NULL, 'pending', NULL, NULL, 'normal', NULL, 'جديدة', NULL, 'أعطال إنترنت', '2026-03-23 09:10:26'),
(1014, 60, NULL, 'اتصالات - Etisalat', 'إنترنت منزلي', 'المنوفية', 'شبين الكوم', 'بطء شديد الأحد', NULL, NULL, 'pending', NULL, NULL, 'normal', NULL, 'معلقة', NULL, 'استفسارات', '2026-03-22 15:10:26'),
(1015, 70, NULL, 'وي - We', 'موبايل إنترنت', 'البحيرة', 'دمنهور', 'تغطية ضعيفة الاثنين', NULL, NULL, 'pending', NULL, NULL, 'normal', NULL, 'تم الحل', NULL, 'تغطية وشبكات', '2026-03-18 20:10:26'),
(1016, 80, NULL, 'فودافون - Vodafone', 'فواتير', 'كفر الشيخ', 'بيلا', 'خصم رصيد الثلاثاء', NULL, NULL, 'pending', NULL, NULL, 'normal', NULL, 'جديدة', NULL, 'استفسارات', '2026-03-22 23:10:26'),
(1017, 90, NULL, 'أورانج - Orange', 'خط أرضي', 'دمياط', 'رأس البر', 'وشوشة الأربعاء', NULL, NULL, 'pending', NULL, NULL, 'normal', NULL, 'معلقة', NULL, 'استفسارات', '2026-03-20 02:10:26'),
(1018, 100, NULL, 'اتصالات - Etisalat', 'خدمة عملاء', 'بورسعيد', 'حي العرب', 'سوء معاملة الخميس', NULL, NULL, 'pending', NULL, NULL, 'normal', NULL, 'تم الحل', NULL, 'استفسارات', '2026-03-21 06:10:26'),
(1019, 110, NULL, 'وي - We', 'إنترنت هوائي', 'الإسماعيلية', 'التل الكبير', 'إشارة ضعيفة الجمعة', NULL, NULL, 'pending', NULL, NULL, 'normal', NULL, 'جديدة', NULL, 'تغطية وشبكات', '2026-03-21 19:10:26'),
(1020, 120, NULL, 'فودافون - Vodafone', 'إنترنت منزلي', 'السويس', 'بور توفيق', 'انقطاع السبت', NULL, NULL, 'pending', NULL, NULL, 'normal', NULL, 'معلقة', NULL, 'استفسارات', '2026-03-21 00:10:26'),
(1021, 130, NULL, 'أورانج - Orange', 'موبايل إنترنت', 'الشرقية', 'بلبيس', 'نت بطيء الأحد', NULL, NULL, 'pending', NULL, NULL, 'normal', NULL, 'تم الحل', NULL, 'استفسارات', '2026-03-22 10:10:26'),
(1022, 140, NULL, 'اتصالات - Etisalat', 'فواتير', 'بني سويف', 'الواسطى', 'خطأ دفع الاثنين', NULL, NULL, 'pending', NULL, NULL, 'normal', NULL, 'جديدة', NULL, 'استفسارات', '2026-03-17 19:10:26'),
(1023, 150, NULL, 'وي - We', 'خدمة عملاء', 'الفيوم', 'سنورس', 'تأخير الثلاثاء', NULL, NULL, 'pending', NULL, NULL, 'normal', NULL, 'معلقة', NULL, 'استفسارات', '2026-03-18 12:10:26'),
(1024, 160, NULL, 'فودافون - Vodafone', 'خط أرضي', 'المنيا', 'ملوي', 'عطل الأربعاء', NULL, NULL, 'pending', NULL, NULL, 'normal', NULL, 'تم الحل', NULL, 'أعطال إنترنت', '2026-03-21 21:10:26'),
(1025, 170, NULL, 'أورانج - Orange', 'إنترنت هوائي', 'أسيوط', 'حي شرق', 'مشكلة الخميس', NULL, NULL, 'pending', NULL, NULL, 'normal', NULL, 'جديدة', NULL, 'أعطال إنترنت', '2026-03-22 16:10:26'),
(1026, 180, NULL, 'اتصالات - Etisalat', 'إنترنت منزلي', 'سوهاج', 'طهطا', 'بطء الجمعة', NULL, NULL, 'pending', NULL, NULL, 'normal', NULL, 'معلقة', NULL, 'استفسارات', '2026-03-23 10:10:26'),
(1027, 190, NULL, 'وي - We', 'موبايل إنترنت', 'قنا', 'قفط', 'ضعف سبت', NULL, NULL, 'pending', NULL, NULL, 'normal', NULL, 'تم الحل', NULL, 'حسابات ورصيد', '2026-03-17 23:10:26'),
(1028, 200, NULL, 'فودافون - Vodafone', 'فواتير', 'الأقصر', 'إسنا', 'رصيد الأحد', NULL, NULL, 'pending', NULL, NULL, 'normal', NULL, 'جديدة', NULL, 'استفسارات', '2026-03-23 07:10:26'),
(1029, 210, NULL, 'أورانج - Orange', 'خدمة عملاء', 'أسوان', 'كوم أمبو', 'رد متأخر الاثنين', NULL, NULL, 'pending', NULL, NULL, 'normal', NULL, 'معلقة', NULL, 'استفسارات', '2026-03-17 06:10:26'),
(1030, 220, NULL, 'اتصالات - Etisalat', 'خط أرضي', 'البحر الأحمر', 'الغردقة', 'عطل الثلاثاء', NULL, NULL, 'pending', NULL, NULL, 'normal', NULL, 'تم الحل', NULL, 'أعطال إنترنت', '2026-03-20 07:10:26'),
(1031, 230, NULL, 'وي - We', 'إنترنت هوائي', 'الوادي الجديد', 'الخارجة', 'إشارة الأربعاء', NULL, NULL, 'pending', NULL, NULL, 'normal', NULL, 'جديدة', NULL, 'استفسارات', '2026-03-18 10:10:26'),
(1032, 240, NULL, 'فودافون - Vodafone', 'إنترنت منزلي', 'مطروح', 'سيوة', 'بطء الخميس', NULL, NULL, 'pending', NULL, NULL, 'normal', NULL, 'معلقة', NULL, 'استفسارات', '2026-03-21 00:10:26'),
(1033, 250, NULL, 'أورانج - Orange', 'موبايل إنترنت', 'شمال سيناء', 'العريش', 'تغطية الجمعة', NULL, NULL, 'pending', NULL, NULL, 'normal', NULL, 'تم الحل', NULL, 'استفسارات', '2026-03-18 11:10:26'),
(1034, 1, NULL, 'اتصالات - Etisalat', 'فواتير', 'جنوب سيناء', 'شرم الشيخ', 'فاتورة السبت', NULL, NULL, 'pending', NULL, NULL, 'normal', NULL, 'جديدة', NULL, 'استفسارات', '2026-03-19 02:10:26'),
(1035, 1, NULL, 'وي - We', 'إنترنت منزلي', 'القاهرة', 'المعادي', 'عطل متكرر يوم الأحد صباحاً', NULL, NULL, 'pending', NULL, NULL, 'normal', NULL, 'جديدة', NULL, 'أعطال إنترنت', '2026-03-22 19:10:26'),
(1036, 5, NULL, 'فودافون - Vodafone', 'موبايل إنترنت', 'الجيزة', 'الدقي', 'ضعف التغطية يوم الاثنين', NULL, NULL, 'pending', NULL, NULL, 'normal', NULL, 'معلقة', NULL, 'حسابات ورصيد', '2026-03-18 14:10:26'),
(1037, 10, NULL, 'أورانج - Orange', 'فواتير', 'الإسكندرية', 'ميامي', 'مشكلة في الدفع يوم الثلاثاء', NULL, NULL, 'pending', NULL, NULL, 'normal', NULL, 'تم الحل', NULL, 'تغطية وشبكات', '2026-03-21 04:10:26'),
(1038, 20, NULL, 'اتصالات - Etisalat', 'خدمة عملاء', 'الدقهلية', 'المنصورة', 'تأخير يوم الأربعاء', NULL, NULL, 'pending', NULL, NULL, 'normal', NULL, 'جديدة', NULL, 'استفسارات', '2026-03-18 23:10:26'),
(1039, 30, NULL, 'وي - We', 'خط أرضي', 'القليوبية', 'بنها', 'حرارة مقطوعة الخميس', NULL, NULL, 'pending', NULL, NULL, 'normal', NULL, 'معلقة', NULL, 'استفسارات', '2026-03-21 01:10:26'),
(1040, 40, NULL, 'فودافون - Vodafone', 'إنترنت هوائي', 'الشرقية', 'الزقازيق', 'فصل الخدمة يوم الجمعة', NULL, NULL, 'pending', NULL, NULL, 'normal', NULL, 'تم الحل', NULL, 'حسابات ورصيد', '2026-03-24 03:10:26'),
(1041, 50, NULL, 'أورانج - Orange', 'خدمات أخرى', 'الغربية', 'طنطا', 'مشكلة يوم السبت', NULL, NULL, 'pending', NULL, NULL, 'normal', NULL, 'جديدة', NULL, 'أعطال إنترنت', '2026-03-19 06:10:26'),
(1042, 60, NULL, 'اتصالات - Etisalat', 'إنترنت منزلي', 'المنوفية', 'شبين الكوم', 'بطء شديد الأحد', NULL, NULL, 'pending', NULL, NULL, 'normal', NULL, 'معلقة', NULL, 'استفسارات', '2026-03-20 13:10:26'),
(1043, 70, NULL, 'وي - We', 'موبايل إنترنت', 'البحيرة', 'دمنهور', 'تغطية ضعيفة الاثنين', NULL, NULL, 'pending', NULL, NULL, 'normal', NULL, 'تم الحل', NULL, 'تغطية وشبكات', '2026-03-20 21:10:26'),
(1044, 80, NULL, 'فودافون - Vodafone', 'فواتير', 'كفر الشيخ', 'بيلا', 'خصم رصيد الثلاثاء', NULL, NULL, 'pending', NULL, NULL, 'normal', NULL, 'جديدة', NULL, 'استفسارات', '2026-03-18 11:10:26'),
(1045, 90, NULL, 'أورانج - Orange', 'خط أرضي', 'دمياط', 'رأس البر', 'وشوشة الأربعاء', NULL, NULL, 'pending', NULL, NULL, 'normal', NULL, 'معلقة', NULL, 'استفسارات', '2026-03-19 12:10:26'),
(1046, 100, NULL, 'اتصالات - Etisalat', 'خدمة عملاء', 'بورسعيد', 'حي العرب', 'سوء معاملة الخميس', NULL, NULL, 'pending', NULL, NULL, 'normal', NULL, 'تم الحل', NULL, 'استفسارات', '2026-03-17 19:10:26'),
(1047, 110, NULL, 'وي - We', 'إنترنت هوائي', 'الإسماعيلية', 'التل الكبير', 'إشارة ضعيفة الجمعة', NULL, NULL, 'pending', NULL, NULL, 'normal', NULL, 'جديدة', NULL, 'تغطية وشبكات', '2026-03-20 08:10:26'),
(1048, 120, NULL, 'فودافون - Vodafone', 'إنترنت منزلي', 'السويس', 'بور توفيق', 'انقطاع السبت', NULL, NULL, 'pending', NULL, NULL, 'normal', NULL, 'معلقة', NULL, 'استفسارات', '2026-03-23 23:10:26'),
(1049, 130, NULL, 'أورانج - Orange', 'موبايل إنترنت', 'الشرقية', 'بلبيس', 'نت بطيء الأحد', NULL, NULL, 'pending', NULL, NULL, 'normal', NULL, 'تم الحل', NULL, 'استفسارات', '2026-03-20 13:10:26'),
(1050, 140, NULL, 'اتصالات - Etisalat', 'فواتير', 'بني سويف', 'الواسطى', 'خطأ دفع الاثنين', NULL, NULL, 'pending', NULL, NULL, 'normal', NULL, 'جديدة', NULL, 'استفسارات', '2026-03-20 16:10:26'),
(1051, 150, NULL, 'وي - We', 'خدمة عملاء', 'الفيوم', 'سنورس', 'تأخير الثلاثاء', NULL, NULL, 'pending', NULL, NULL, 'normal', NULL, 'معلقة', NULL, 'استفسارات', '2026-03-17 12:10:26'),
(1052, 160, NULL, 'فودافون - Vodafone', 'خط أرضي', 'المنيا', 'ملوي', 'عطل الأربعاء', NULL, NULL, 'pending', NULL, NULL, 'normal', NULL, 'تم الحل', NULL, 'أعطال إنترنت', '2026-03-22 07:10:26'),
(1053, 170, NULL, 'أورانج - Orange', 'إنترنت هوائي', 'أسيوط', 'حي شرق', 'مشكلة الخميس', NULL, NULL, 'pending', NULL, NULL, 'normal', NULL, 'جديدة', NULL, 'أعطال إنترنت', '2026-03-20 17:10:26'),
(1054, 180, NULL, 'اتصالات - Etisalat', 'إنترنت منزلي', 'سوهاج', 'طهطا', 'بطء الجمعة', NULL, NULL, 'pending', NULL, NULL, 'normal', NULL, 'معلقة', NULL, 'استفسارات', '2026-03-19 10:10:26'),
(1055, 190, NULL, 'وي - We', 'موبايل إنترنت', 'قنا', 'قفط', 'ضعف سبت', NULL, NULL, 'pending', NULL, NULL, 'normal', NULL, 'تم الحل', NULL, 'حسابات ورصيد', '2026-03-17 19:10:26'),
(1056, 200, NULL, 'فودافون - Vodafone', 'فواتير', 'الأقصر', 'إسنا', 'رصيد الأحد', NULL, NULL, 'pending', NULL, NULL, 'normal', NULL, 'جديدة', NULL, 'استفسارات', '2026-03-20 13:10:26'),
(1057, 210, NULL, 'أورانج - Orange', 'خدمة عملاء', 'أسوان', 'كوم أمبو', 'رد متأخر الاثنين', NULL, NULL, 'pending', NULL, NULL, 'normal', NULL, 'معلقة', NULL, 'استفسارات', '2026-03-17 23:10:26'),
(1058, 220, NULL, 'اتصالات - Etisalat', 'خط أرضي', 'البحر الأحمر', 'الغردقة', 'عطل الثلاثاء', NULL, NULL, 'pending', NULL, NULL, 'normal', NULL, 'تم الحل', NULL, 'أعطال إنترنت', '2026-03-18 01:10:26'),
(1059, 230, NULL, 'وي - We', 'إنترنت هوائي', 'الوادي الجديد', 'الخارجة', 'إشارة الأربعاء', NULL, NULL, 'pending', NULL, NULL, 'normal', NULL, 'جديدة', NULL, 'استفسارات', '2026-03-19 01:10:26'),
(1060, 240, NULL, 'فودافون - Vodafone', 'إنترنت منزلي', 'مطروح', 'سيوة', 'بطء الخميس', NULL, NULL, 'pending', NULL, NULL, 'normal', NULL, 'معلقة', NULL, 'استفسارات', '2026-03-23 20:10:26'),
(1061, 250, NULL, 'أورانج - Orange', 'موبايل إنترنت', 'شمال سيناء', 'العريش', 'تغطية الجمعة', NULL, NULL, 'pending', NULL, NULL, 'normal', NULL, 'تم الحل', NULL, 'استفسارات', '2026-03-23 18:10:26'),
(1062, 1, NULL, 'اتصالات - Etisalat', 'فواتير', 'جنوب سيناء', 'شرم الشيخ', 'فاتورة السبت', NULL, NULL, 'pending', NULL, NULL, 'normal', NULL, 'جديدة', NULL, 'استفسارات', '2026-03-23 03:10:26'),
(1065, 505, 1, 'اتصالات - Etisalat', 'إنترنت منزلي', 'القاهرة', 'Borg Nour Al Homos, Dakahlia Governorate', 'n', NULL, NULL, 'pending', NULL, NULL, 'normal', '', 'تم الحل', NULL, '', '2026-03-24 05:26:53'),
(1066, 505, 1, 'وي - We', 'إنترنت منزلي', 'الدقهلية', 'Borg Nour Al Homos, Dakahlia Governorate', 'no', NULL, NULL, 'pending', NULL, NULL, 'normal', 'uploads/69c22392af02c_scaled_Screenshot_2026-03-24-07-06-47-449_com.example.flutter_application_1.jpg', 'جديدة', NULL, '', '2026-03-24 05:39:30'),
(1067, 505, 1, 'وي - We', 'إنترنت منزلي', 'الدقهلية', 'Borg Nour Al Homos, Dakahlia Governorate', 'non', NULL, NULL, 'pending', NULL, NULL, 'normal', 'uploads/69c281e5ec0dd_scaled_Screenshot_2026-03-24-07-06-47-449_com.example.flutter_application_1.jpg', 'جديدة', NULL, 'استفسارات', '2026-03-24 12:21:57'),
(1068, 505, 1, 'أورانج - Orange', 'إنترنت منزلي', 'القاهرة', 'Borg Nour Al Homos, Dakahlia Governorate', 'no', NULL, NULL, 'pending', NULL, NULL, 'normal', '', 'جاري المعالجة', 'يرجى اضافة صورة للشكوى', '', '2026-03-24 13:24:35'),
(1069, 505, 1, 'وي - We', 'إنترنت منزلي', 'القاهرة', 'Borg Nour Al Homos, Dakahlia Governorate', 'no', NULL, NULL, 'pending', NULL, NULL, 'normal', '', 'جاري المعالجة', NULL, '', '2026-03-24 13:28:15'),
(1070, 505, 1, 'وي - We', 'إنترنت منزلي', 'القاهرة', 'Borg Nour Al Homos, Dakahlia Governorate', 'هعهعهع', NULL, NULL, 'pending', NULL, NULL, 'normal', 'uploads/69c2a9d0ceb1c_Screenshot_2026-03-24-16-30-12-709_com.example.flutter_application_1.jpg', 'جاري المعالجة', 'لا يوجد صورة  مرفقة ولا يوجد نص للشكوى', 'استفسارات', '2026-03-24 14:21:38'),
(1071, 505, 1, 'اتصالات - Etisalat', 'إنترنت منزلي', 'القاهرة', 'Borg Nour Al Homos, Dakahlia Governorate', 'الباقة بتخلص قبل الشهر', NULL, NULL, 'pending', NULL, NULL, 'normal', '', 'تم الحل', 'من فضلك اضف وصف للمشكلة', 'حسابات ورصيد', '2026-03-24 14:56:50'),
(1072, 506, NULL, 'وي', 'إنترنت منزلي', 'القاهرة', 'Borg Nour Al Homos, Dakahlia Governorate', 'الراوتر بيفصل كل شوية والباقة مش بتكمل لاخر الشهر ، واللمبه بتفصل خالص ، ياشركة ياحرامية يابنت الوسخ', NULL, NULL, 'pending', NULL, NULL, 'normal', NULL, 'جاري المعالجة', 'رستر الراوتر\r\n', 'أعطال إنترنت', '2026-04-02 09:15:31'),
(1073, 506, NULL, 'جهة عامة', 'إنترنت منزلي', 'القاهرة', 'Borg Nour Al Homos, Dakahlia Governorate', 'gvv', NULL, NULL, 'pending', NULL, NULL, 'normal', NULL, 'جديدة', NULL, 'استفسارات', '2026-04-02 11:16:29'),
(1074, 506, NULL, 'جهة عامة', 'إنترنت منزلي', 'القاهرة', 'Borg Nour Al Homos, Dakahlia Governorate', 'test 32', NULL, NULL, 'pending', NULL, NULL, 'normal', 'upd_69ce504851e15_IMG-20260402-WA0021.jpg', 'مرفوضة', '', 'استفسارات', '2026-04-02 11:17:13'),
(1075, 1, NULL, NULL, NULL, NULL, NULL, 'مفيش يعم خطيبتي سابتني', NULL, NULL, 'pending', NULL, NULL, 'normal', NULL, 'جديدة', NULL, 'تغطية وشبكات', '2026-04-02 12:23:46'),
(1076, 1, NULL, NULL, NULL, NULL, NULL, 'الشبكه بتقع كل شوية', NULL, NULL, 'pending', NULL, NULL, 'normal', NULL, 'جديدة', NULL, 'أعطال إنترنت', '2026-04-02 13:15:24'),
(1077, 1, NULL, NULL, NULL, NULL, NULL, 'لا خليها أعطال', NULL, NULL, 'pending', NULL, NULL, 'normal', NULL, 'جديدة', NULL, 'أعطال إنترنت', '2026-04-02 13:24:20'),
(1078, 1, NULL, NULL, NULL, NULL, NULL, '\"يا جيمي أنا النت عندي بطيء جداً وشغلي كله واقف ومش عارف أعمل إيه!\"', NULL, NULL, 'pending', NULL, NULL, 'normal', NULL, 'جديدة', NULL, 'أعطال إنترنت', '2026-04-02 13:25:55'),
(1079, 1, NULL, NULL, NULL, NULL, NULL, '\"يا جيمي أنا النت عندي بطيء جداً وشغلي كله واقف ومش عارف أعمل إيه!\"', NULL, NULL, 'pending', NULL, NULL, 'normal', NULL, 'جديدة', NULL, 'أعطال إنترنت', '2026-04-02 13:27:42'),
(1080, 1, NULL, NULL, NULL, NULL, NULL, 'النت بايظ يسطا والشركة بنت الوسخ الحرامية دي', NULL, NULL, 'pending', NULL, NULL, 'normal', NULL, 'جديدة', NULL, 'أعطال إنترنت', '2026-04-02 13:33:32'),
(1081, 1, NULL, NULL, NULL, NULL, NULL, 'متعرفش هتتحل امتى', NULL, NULL, 'pending', NULL, NULL, 'normal', NULL, 'جديدة', NULL, 'استفسارات', '2026-04-02 13:34:47'),
(1082, 506, NULL, 'وي', 'إنترنت منزلي', 'القاهرة', 'Borg Nour Al Homos, Dakahlia Governorate', 'test 32', NULL, NULL, 'pending', NULL, NULL, 'normal', 'upd_69ce82e0e5608_IMG-20260402-WA0025.jpg', 'جديدة', NULL, 'استفسارات', '2026-04-02 14:52:47'),
(1083, 1, NULL, NULL, NULL, NULL, NULL, 'الشبكة بتقطع في منطقتنا', NULL, NULL, 'pending', NULL, NULL, 'normal', NULL, 'جديدة', NULL, 'تغطية وشبكات', '2026-04-02 14:57:34'),
(1084, 1, NULL, NULL, NULL, NULL, NULL, 'كنت باعت 50000ووصل 4500', NULL, NULL, 'pending', NULL, NULL, 'normal', NULL, 'جديدة', NULL, 'استفسارات', '2026-04-02 15:27:52'),
(1085, 1, NULL, NULL, NULL, NULL, NULL, 'الراوتر عمال يفصل من الصبح يسطا ومش عارف اعمل ايه', NULL, NULL, 'pending', NULL, NULL, 'normal', NULL, 'جديدة', NULL, 'أعطال إنترنت', '2026-04-02 15:34:45'),
(1086, 1, NULL, NULL, NULL, NULL, NULL, 'عاوز اقدم شكوى', NULL, NULL, 'pending', NULL, NULL, 'normal', NULL, 'جديدة', NULL, 'استفسارات', '2026-04-02 15:37:48'),
(1087, 1, NULL, NULL, NULL, NULL, NULL, 'يسطا الشبكة بتقطع من الصبح', NULL, NULL, 'pending', NULL, NULL, 'normal', NULL, 'جاري المعالجة', '', 'تغطية وشبكات', '2026-04-02 15:45:34'),
(1088, 506, NULL, 'الشركة', 'إنترنت منزلي', 'القاهرة', 'Borg Nour Al Homos, Dakahlia Governorate', 'test 33', NULL, NULL, 'pending', NULL, NULL, 'normal', NULL, 'جاري المعالجة', 'برجاء اضافة صورة للمشكلة', 'غير مصنف', '2026-04-02 17:06:16'),
(1089, 506, NULL, 'وي', 'إنترنت منزلي', 'القاهرة', 'Borg Nour Al Homos, Dakahlia Governorate', 'tedt 32', NULL, NULL, 'pending', NULL, NULL, 'normal', 'upd_69d0952851a59_IMG-20260403-WA0054.jpg', 'جديدة', NULL, 'غير مصنف', '2026-04-04 04:35:31'),
(1090, 506, NULL, 'وي', 'إنترنت منزلي', 'القاهرة', 'Talkha City, Dakahlia Governorate', 'yethzydy', NULL, NULL, 'pending', NULL, NULL, 'normal', NULL, 'مرفوضة', 'اتبعبيابيلقي', 'غير مصنف', '2026-04-04 10:34:13'),
(1091, 506, NULL, 'فودافون', 'إنترنت منزلي', 'القاهرة', 'Talkha City, Dakahlia Governorate', 'jzjxh', '', '', 'pending', NULL, NULL, 'normal', 'upd_69d750446e878_IMG-20260407-WA0056.jpg', 'جديدة', NULL, 'غير مصنف', '2026-04-04 10:39:50'),
(1092, 506, NULL, 'اتصالات', 'إنترنت منزلي', 'القاهرة', 'Talkha City, Dakahlia Governorate', 'hxh', NULL, NULL, 'pending', NULL, NULL, 'normal', NULL, 'جديدة', NULL, 'غير مصنف', '2026-04-04 10:41:03'),
(1093, 506, NULL, 'أورانج', 'إنترنت منزلي', 'القاهرة', 'Borg Nour Al Homos, Dakahlia Governorate', 'test35', '01017438769', '0504394438', 'pending', NULL, NULL, 'normal', NULL, 'جديدة', NULL, 'غير مصنف', '2026-04-05 21:56:01'),
(1094, 506, NULL, 'اتصالات', 'إنترنت منزلي', 'القاهرة', 'Borg Nour Al Homos, Dakahlia Governorate', 'test ', '', '0896532568', 'pending', NULL, NULL, 'normal', NULL, 'جديدة', NULL, 'غير مصنف', '2026-04-06 19:19:17'),
(1095, 506, NULL, 'وي', 'إنترنت منزلي', 'القاهرة', 'Borg Nour Al Homos, Dakahlia Governorate', 'test ', '01517438769', '0504394438', 'pending', NULL, NULL, 'normal', NULL, 'جديدة', NULL, 'غير مصنف', '2026-04-06 20:35:40'),
(1096, 506, NULL, 'جهة عامة', 'إنترنت منزلي', 'القاهرة', 'Borg Nour Al Homos, Dakahlia Governorate', 'test ', '01017438769', '0504394438', 'pending', NULL, NULL, 'normal', NULL, 'جديدة', NULL, 'غير مصنف', '2026-04-06 20:40:53'),
(1098, 506, NULL, 'أورانج', 'أخرى', 'القاهرة', 'Borg Nour Al Homos, Dakahlia Governorate', 'الشبكة بتقطع', '', '', 'pending', NULL, NULL, 'normal', NULL, 'جديدة', NULL, 'غير مصنف', '2026-04-06 21:26:57'),
(1100, 506, NULL, 'وي', 'إنترنت منزلي', 'القاهرة', 'Borg Nour Al Homos, Dakahlia Governorate', 'الشبكة بتقطع كل شوية ', '', '0504394438', 'pending', NULL, '2026-04-07 12:11:24', 'normal', NULL, 'جاري المعالجة', 'العميل أفاد بأن المشكلة لم تحل بعد، يرجى إعادة الفحص.', 'غير مصنف', '2026-04-06 21:33:41'),
(1101, 551, NULL, 'فودافون', 'موبايل إنترنت', 'الدقهلية', 'Mansoura Qism 2, Dakahlia Governorate', 'النت يقرف شوفولكو حل', '01015288916', '', 'pending', 'احترمي نفسك', '2026-04-07 12:10:57', 'management', NULL, 'مرفوضة', 'رسترى الراوتر\r\n', 'غير مصنف', '2026-04-06 21:53:18'),
(1108, 506, NULL, 'اتصالات', 'إنترنت منزلي', 'القاهرة', 'Borg Nour Al Homos, Dakahlia Governorate', 'اللمبه مش بتنور', '', '0809632587', 'pending', NULL, NULL, 'normal', NULL, 'جديدة', NULL, 'غير مصنف', '2026-04-07 17:08:33'),
(1113, 506, NULL, 'أورانج', 'إنترنت منزلي', 'القاهرة', 'Borg Nour Al Homos, Dakahlia Governorate', 'الراوتر بيفصل كل شوية ', '', '0505555555', 'pending', NULL, '2026-04-07 17:36:15', 'normal', NULL, 'جاري المعالجة', 'العميل أفاد بأن المشكلة لم تحل بعد، يرجى إعادة الفحص.', 'أعطال إنترنت', '2026-04-07 17:32:00'),
(1114, 506, NULL, 'أورانج', 'إنترنت منزلي', 'القاهرة', 'Borg Nour Al Homos, Dakahlia Governorate', 'النت بيعلق', '', '0504394438', 'pending', NULL, NULL, 'normal', 'upd_69d57b66a0db4_IMG-20260407-WA0074.jpg', 'جديدة', NULL, 'أعطال إنترنت', '2026-04-07 17:39:35'),
(1115, 569, NULL, 'وي', 'إنترنت منزلي', 'كفر الشيخ', 'Al Burj, Kafr El-Sheikh Governorate', 'xd', '01512412334', '0472491667', 'pending', NULL, NULL, 'normal', NULL, 'جديدة', NULL, 'استفسارات', '2026-04-07 17:41:31'),
(1116, 570, NULL, 'أورانج', 'موبايل إنترنت', 'القاهرة', 'Kafr as Satouheyah, Al-Sharqia Governorate', 'احلى مسا على عبصمد\nصلي على سيدنا محمد صلى الله عليه وسلم', '01270077343', '0552183826', 'pending', NULL, '2026-04-07 21:39:56', 'normal', NULL, 'جاري المعالجة', 'العميل أفاد بأن المشكلة لم تحل بعد، يرجى إعادة الفحص.', 'استفسارات', '2026-04-07 21:05:38'),
(1117, 506, NULL, 'جهة عامة', 'إنترنت منزلي', 'القاهرة', 'Borg Nour Al Homos, Dakahlia Governorate', 'الشبكة بتقطع في منطقتنا محتاجين برج ولا حاجه ', '', '0504394483', 'pending', NULL, NULL, 'normal', '1775598948_scaled_6a92822e-671c-4cc9-948e-9495bd6b7f74326692238666612805.jpg', 'جديدة', NULL, 'تغطية وشبكات', '2026-04-07 21:55:48'),
(1118, 506, NULL, 'اتصالات', 'إنترنت منزلي', 'القاهرة', 'Borg Nour Al Homos, Dakahlia Governorate', 'اختبار بايثون', '', '0504394483', 'pending', NULL, NULL, 'normal', NULL, 'جديدة', NULL, 'استفسارات', '2026-04-07 22:08:35'),
(1119, 551, NULL, 'اتصالات', 'موبايل إنترنت', 'القاهرة', 'Mansoura Qism 2, Dakahlia Governorate', 'النت مش شغال', '01145539325', '', 'pending', NULL, '2026-04-08 08:12:49', 'normal', NULL, 'تم الحل', 'تم إغلاق الشكوى تلقائياً لعدم رد العميل خلال المهلة المحددة (ساعة)', 'غير مصنف', '2026-04-08 08:05:06'),
(1120, 572, NULL, 'أورانج', 'إنترنت منزلي', 'الشرقية', ', Al-Sharqia Governorate', 'احلى مسا على عبدالصمد وباقي التيم', '01200228640', '0552183223', 'pending', NULL, NULL, 'normal', NULL, 'جديدة', NULL, 'غير مصنف', '2026-04-08 22:11:47'),
(1121, 506, NULL, 'وي', 'إنترنت منزلي', 'القاهرة', 'Talkha City, Dakahlia Governorate', 'الشبكة بتقطع في منطقتنا', '', '0504394438', 'pending', NULL, NULL, 'normal', 'upd_69d796cb3a2a2_1775676884805.png', 'جديدة', NULL, 'تغطية وشبكات', '2026-04-09 12:08:21'),
(1122, 506, NULL, 'وي', 'إنترنت منزلي', 'الدقهلية', 'Borg Nour Al Homos, Dakahlia Governorate', 'الراوتر بيفصل كل شوية والباقة مش بتكمل لاخر الشهر ', '', '0504394438', 'pending', NULL, NULL, 'normal', NULL, 'جديدة', NULL, 'غير مصنف', '2026-04-10 13:21:43'),
(1123, 506, NULL, 'WE', 'إنترنت منزلي', 'القاهرة', 'Borg Nour Al Homos, Dakahlia Governorate', 'it\'s look like shit', '', '', 'pending', NULL, NULL, 'normal', NULL, 'جديدة', NULL, 'غير مصنف', '2026-04-11 19:24:33'),
(1124, 506, NULL, 'وي', 'إنترنت منزلي', 'القاهرة', 'Borg Nour Al Homos, Dakahlia Governorate', 'الشبكة بتقطع', '01517438769', '0504394438', 'pending', NULL, NULL, 'normal', 'upd_69daa13123c95_immortal-man-button-1766672045166.jpg', 'جديدة', NULL, 'غير مصنف', '2026-04-11 19:29:04'),
(1125, 573, NULL, 'وي', 'إنترنت منزلي', 'الدقهلية', 'دماص, محافظة الدقهلية', 'الباقه بتخلص على طول والنت بيقطع', '', '0504888030', 'pending', NULL, NULL, 'normal', NULL, 'جديدة', NULL, 'أعطال إنترنت', '2026-04-11 21:25:22'),
(1126, 573, NULL, 'فودافون', 'إنترنت منزلي', 'الدقهلية', 'دماص, محافظة الدقهلية', 'الشبكه وحشه عندي في البيت وعايز حل المشكله دي', '', '0504888030', 'pending', NULL, NULL, 'normal', NULL, 'جديدة', NULL, 'تغطية وشبكات', '2026-04-11 21:26:39'),
(1127, 573, NULL, 'أورانج', 'إنترنت منزلي', 'الدقهلية', 'دماص, محافظة الدقهلية', 'النت على طول بيقطع والباقه بتخلص في خلال اسبوعين', '', '0504888030', 'pending', NULL, NULL, 'normal', NULL, 'جديدة', NULL, 'أعطال إنترنت', '2026-04-11 21:27:54'),
(1128, 573, NULL, 'اتصالات', 'إنترنت منزلي', 'الدقهلية', 'دماص, محافظة الدقهلية', 'الباقه بتخلص في اول ثلاثه اسابيع', '', '0504888030', 'pending', NULL, NULL, 'normal', NULL, 'جديدة', NULL, 'تغطية وشبكات', '2026-04-11 21:29:13'),
(1129, 574, NULL, 'أورانج', 'إنترنت منزلي', 'الشرقية', 'فرسيس, محافظة الشرقية', 'النت وحش يسطا', '01206658013', '0552185594', 'pending', NULL, NULL, 'normal', NULL, 'جديدة', NULL, 'أعطال إنترنت', '2026-04-11 22:00:30'),
(1130, 506, NULL, 'وي', 'إنترنت منزلي', 'الدقهلية', 'Borg Nour Al Homos, Dakahlia Governorate', 'الراوتر بيفصل كل شوية', '01517438769', '0504394438', 'pending', NULL, NULL, 'normal', 'upd_69de5cefc1f15_main_icon.png', 'جديدة', NULL, 'أعطال إنترنت', '2026-04-14 15:26:58'),
(1131, 506, NULL, 'وي', 'إنترنت منزلي', 'الدقهلية', 'Borg Nour Al Homos, Dakahlia Governorate', 'the fuckin router doesn&#039;t respond', '01517438769', '0504394438', 'pending', NULL, NULL, 'normal', '1776192127_scaled_Screenshot_2026-04-14-16-19-46-374_com.android.chrome.jpg', 'جديدة', NULL, 'استفسارات', '2026-04-14 18:42:07'),
(1132, 506, NULL, 'وي', 'إنترنت منزلي', 'القاهرة', 'Borg Nour Al Homos, Dakahlia Governorate', 'الشبكه بتفصل خالص تحياتي', '01517438769', '0504394438', 'pending', NULL, NULL, 'normal', 'upd_69de99cd03976_IMG-20260405-WA0015.jpg', 'جديدة', NULL, 'تغطية وشبكات', '2026-04-14 19:45:58'),
(1133, 506, NULL, 'وي', 'إنترنت منزلي', 'دمياط', 'Borg Nour Al Homos, Dakahlia Governorate', 'مفيش تغطيه', '01517438769', '0504394438', 'pending', NULL, NULL, 'normal', 'upd_69dea2669eb67_Screenshot_2026-04-14-22-08-31-297_com.android.chrome.jpg', 'جديدة', NULL, 'تغطية وشبكات', '2026-04-14 20:22:35'),
(1134, 506, NULL, 'أورانج', 'إنترنت منزلي', 'القاهرة', 'Borg Nour Al Homos, Dakahlia Governorate', 'The latest Android SDK manager is cooked ', '01217438769', '0504394438', 'pending', NULL, NULL, 'normal', NULL, 'جديدة', NULL, 'غير مصنف', '2026-04-15 06:16:12'),
(1135, 506, NULL, 'وي', 'إنترنت منزلي', 'القاهرة', 'Borg Nour Al Homos, Dakahlia Governorate', 'the location fuel pump relay the internet ', '01517438769', '0504394438', 'pending', NULL, NULL, 'normal', NULL, 'جديدة', NULL, 'غير مصنف', '2026-04-15 10:48:43'),
(1136, 506, NULL, 'وي', 'إنترنت منزلي', 'الدقهلية', 'Borg Nour Al Homos, Dakahlia Governorate', 'الراوتر بيفصل كل شوية من غير سبب', '01517138769', '0504394438', 'pending', NULL, NULL, 'normal', NULL, 'جديدة', NULL, 'غير مصنف', '2026-04-15 12:30:16'),
(1137, 506, NULL, 'وي', 'أخرى', 'القاهرة', 'Borg Nour Al Homos, Dakahlia Governorate', 'kdhdj', '', '', 'pending', NULL, NULL, 'normal', NULL, 'جديدة', NULL, 'غير مصنف', '2026-04-15 15:44:56'),
(1138, 506, NULL, 'وي', 'إنترنت منزلي', 'الدقهلية', 'Borg Nour Al Homos, Dakahlia Governorate', 'النت بطيئ', '1520708608', '504394438', 'pending', NULL, NULL, 'normal', NULL, 'جديدة', NULL, 'غير مصنف', '2026-04-15 15:56:20'),
(1139, 506, NULL, 'وي', 'إنترنت منزلي', 'القاهرة', 'Borg Nour Al Homos, Dakahlia Governorate', 'الراوتر بيفصل كل شوية', '01017438769', '504394438', 'pending', NULL, '2026-04-15 18:32:37', 'normal', NULL, 'تم الحل', '\n\n✅ تحديث آلي: قام العميل بتأكيد حل الشكوى بنجاح.', 'غير مصنف', '2026-04-15 18:15:23'),
(1140, 506, NULL, 'وي', 'إنترنت منزلي', 'القاهرة', 'Borg Nour Al Homos, Dakahlia Governorate', 'الشبكه بتقطع', '1517438769', '504394438', 'pending', NULL, NULL, 'normal', NULL, 'جديدة', NULL, 'غير مصنف', '2026-04-15 18:42:36'),
(1141, 506, NULL, 'وي', 'إنترنت منزلي', 'القاهرة', 'Borg Nour Al Homos, Dakahlia Governorate', 'الراوتر بيفصل كل شوية', '1517438769', '504394438', 'pending', NULL, NULL, 'normal', NULL, 'جديدة', NULL, 'غير مصنف', '2026-04-15 19:13:25'),
(1142, 506, NULL, 'وي', 'إنترنت منزلي', 'القاهرة', 'Borg Nour Al Homos, Dakahlia Governorate', 'الشبكه واقفه من الصبح', '01517438769', '0504394438', 'pending', NULL, NULL, 'normal', 'uploads/1776281101_scaled_Screenshot_2026-04-15-12-49-01-344_com.example.flutter_application_1.jpg', 'جديدة', NULL, 'غير مصنف', '2026-04-15 19:25:01');

--
-- Triggers `complaints`
--
DELIMITER $$
CREATE TRIGGER `after_complaint_status_update` AFTER UPDATE ON `complaints` FOR EACH ROW BEGIN
    
    IF NEW.status != OLD.status THEN
        
        
        INSERT INTO notifications (customer_id, complaint_id, message, is_read, created_at)
        VALUES (NEW.customer_id, NEW.id, CONCAT('تم تحديث حالة شكوتك إلى: ', NEW.status), 0, NOW());
        END IF;
        END $$

DELIMITER ;

-- --------------------------------------------------------

--
-- Table structure for table `customers`
--

CREATE TABLE `customers` (
  `id` int NOT NULL,
  `firebase_uid` varchar(128) COLLATE utf8mb4_general_ci DEFAULT NULL,
  `full_name` varchar(255) COLLATE utf8mb4_general_ci NOT NULL,
  `phone` varchar(20) CHARACTER SET utf8mb4 COLLATE utf8mb4_general_ci DEFAULT NULL,
  `email` varchar(255) COLLATE utf8mb4_general_ci DEFAULT NULL,
  `gender` varchar(50) COLLATE utf8mb4_general_ci DEFAULT NULL,
  `created_at` timestamp NOT NULL DEFAULT CURRENT_TIMESTAMP,
  `device_id` varchar(255) COLLATE utf8mb4_general_ci DEFAULT NULL
) ENGINE=InnoDB DEFAULT CHARSET=utf8mb4 COLLATE=utf8mb4_general_ci;

--
-- Dumping data for table `customers`
--

INSERT INTO `customers` (`id`, `firebase_uid`, `full_name`, `phone`, `email`, `gender`, `created_at`, `device_id`) VALUES
(1, NULL, 'أحمد محمد الجارحي', '0150000001', 'user1@shakawa.com', 'ذكر', '2026-03-23 14:56:17', 'dev_1'),
(2, NULL, 'سارة محمود خليل', '0100000002', 'user2@shakawa.com', 'أنثى', '2026-03-23 14:56:17', 'dev_2'),
(3, NULL, 'إبراهيم علي حسن', '0120000003', 'user3@shakawa.com', 'ذكر', '2026-03-23 14:56:17', 'dev_3'),
(4, NULL, 'منى كمال الشناوي', '0110000004', 'user4@shakawa.com', 'أنثى', '2026-03-23 14:56:17', 'dev_4'),
(5, NULL, 'ياسين عمر خالد', '0150000005', 'user5@shakawa.com', 'ذكر', '2026-03-23 14:56:17', 'dev_5'),
(6, NULL, 'فاطمة سيد رضي', '0100000006', 'user6@shakawa.com', 'أنثى', '2026-03-23 14:56:17', 'dev_6'),
(7, NULL, 'محمود خالد سالم', '0120000007', 'user7@shakawa.com', 'ذكر', '2026-03-23 14:56:17', 'dev_7'),
(8, NULL, 'هدير محمود كمال', '0110000008', 'user8@shakawa.com', 'أنثى', '2026-03-23 14:56:17', 'dev_8'),
(9, NULL, 'يوسف محمد راضي', '0150000009', 'user9@shakawa.com', 'ذكر', '2026-03-23 14:56:17', 'dev_9'),
(10, NULL, 'مريم خالد الجوهري', '0100000010', 'user10@shakawa.com', 'أنثى', '2026-03-23 14:56:17', 'dev_10'),
(11, NULL, 'مصطفى حسن عثمان', '0120000011', 'user11@shakawa.com', 'ذكر', '2026-03-23 14:56:17', 'dev_11'),
(12, NULL, 'نوران إبراهيم كمال', '0110000012', 'user12@shakawa.com', 'أنثى', '2026-03-23 14:56:17', 'dev_12'),
(13, NULL, 'خالد علي الجارحي', '0150000013', 'user13@shakawa.com', 'ذكر', '2026-03-23 14:56:17', 'dev_13'),
(14, NULL, 'سلمى سالم سيد', '0100000014', 'user14@shakawa.com', 'أنثى', '2026-03-23 14:56:17', 'dev_14'),
(15, NULL, 'باسم محمد رضي', '0120000015', 'user15@shakawa.com', 'ذكر', '2026-03-23 14:56:17', 'dev_15'),
(16, NULL, 'جنا كمال عثمان', '0110000016', 'user16@shakawa.com', 'أنثى', '2026-03-23 14:56:17', 'dev_16'),
(17, NULL, 'آدم حسن راضي', '0150000017', 'user17@shakawa.com', 'ذكر', '2026-03-23 14:56:17', 'dev_17'),
(18, NULL, 'ليان سيد سالم', '0100000018', 'user18@shakawa.com', 'أنثى', '2026-03-23 14:56:17', 'dev_18'),
(19, NULL, 'ياسر خالد حسن', '0120000019', 'user19@shakawa.com', 'ذكر', '2026-03-23 14:56:17', 'dev_19'),
(20, NULL, 'ملك محمود علي', '0110000020', 'user20@shakawa.com', 'أنثى', '2026-03-23 14:56:17', 'dev_20'),
(21, NULL, 'مروان إبراهيم كمال', '0150000021', 'user21@shakawa.com', 'ذكر', '2026-03-23 14:56:17', 'dev_21'),
(22, NULL, 'شهد كمال رضي', '0100000022', 'user22@shakawa.com', 'أنثى', '2026-03-23 14:56:17', 'dev_22'),
(23, NULL, 'حمزة راضي سيد', '0120000023', 'user23@shakawa.com', 'ذكر', '2026-03-23 14:56:17', 'dev_23'),
(24, NULL, 'رنا سالم الجارحي', '0110000024', 'user24@shakawa.com', 'أنثى', '2026-03-23 14:56:17', 'dev_24'),
(25, NULL, 'سيف محمد خالد', '0150000025', 'user25@shakawa.com', 'ذكر', '2026-03-23 14:56:17', 'dev_25'),
(26, NULL, 'لجين محمود عثمان', '0100000026', 'user26@shakawa.com', 'أنثى', '2026-03-23 14:56:17', 'dev_26'),
(27, NULL, 'طارق إبراهيم سالم', '0120000027', 'user27@shakawa.com', 'ذكر', '2026-03-23 14:56:17', 'dev_27'),
(28, NULL, 'جود خالد حسن', '0110000028', 'user28@shakawa.com', 'أنثى', '2026-03-23 14:56:17', 'dev_28'),
(29, NULL, 'حسن علي كمال', '0150000029', 'user29@shakawa.com', 'ذكر', '2026-03-23 14:56:17', 'dev_29'),
(30, NULL, 'أروى محمود راضي', '0100000030', 'user30@shakawa.com', 'أنثى', '2026-03-23 14:56:17', 'dev_30'),
(31, NULL, 'يحيى إبراهيم سيد', '0120000031', 'user31@shakawa.com', 'ذكر', '2026-03-23 14:56:17', 'dev_31'),
(32, NULL, 'تالية كمال سالم', '0110000032', 'user32@shakawa.com', 'أنثى', '2026-03-23 14:56:17', 'dev_32'),
(33, NULL, 'معاذ راضي الجارحي', '0150000033', 'user33@shakawa.com', 'ذكر', '2026-03-23 14:56:17', 'dev_33'),
(34, NULL, 'دارين سالم عثمان', '0100000034', 'user34@shakawa.com', 'أنثى', '2026-03-23 14:56:17', 'dev_34'),
(35, NULL, 'إياد محمد حسن', '0120000035', 'user35@shakawa.com', 'ذكر', '2026-03-23 14:56:17', 'dev_35'),
(36, NULL, 'سما محمود علي', '0110000036', 'user36@shakawa.com', 'أنثى', '2026-03-23 14:56:17', 'dev_36'),
(37, NULL, 'نادر إبراهيم كمال', '0150000037', 'user37@shakawa.com', 'ذكر', '2026-03-23 14:56:17', 'dev_37'),
(38, NULL, 'لينا كمال رضي', '0100000038', 'user38@shakawa.com', 'أنثى', '2026-03-23 14:56:17', 'dev_38'),
(39, NULL, 'فارس راضي سيد', '0120000039', 'user39@shakawa.com', 'ذكر', '2026-03-23 14:56:17', 'dev_39'),
(40, NULL, 'جنى سالم الجارحي', '0110000040', 'user40@shakawa.com', 'أنثى', '2026-03-23 14:56:17', 'dev_40'),
(41, NULL, 'باسم محمد خالد', '0150000041', 'user41@shakawa.com', 'ذكر', '2026-03-23 14:56:17', 'dev_41'),
(42, NULL, 'نور محمود عثمان', '0100000042', 'user42@shakawa.com', 'أنثى', '2026-03-23 14:56:17', 'dev_42'),
(43, NULL, 'زياد يوسف كمال', '0120000043', 'user43@shakawa.com', 'ذكر', '2026-03-23 14:56:17', 'dev_43'),
(44, NULL, 'هنا محمود حسن', '0110000044', 'user44@shakawa.com', 'أنثى', '2026-03-23 14:56:17', 'dev_44'),
(45, NULL, 'باسل إبراهيم علي', '0150000045', 'user45@shakawa.com', 'ذكر', '2026-03-23 14:56:17', 'dev_45'),
(46, NULL, 'آية كمال عثمان', '0100000046', 'user46@shakawa.com', 'أنثى', '2026-03-23 14:56:17', 'dev_46'),
(47, NULL, 'حمزة راضي سيد', '0120000047', 'user47@shakawa.com', 'ذكر', '2026-03-23 14:56:17', 'dev_47'),
(48, NULL, 'رنا سالم الجارحي', '0110000048', 'user48@shakawa.com', 'أنثى', '2026-03-23 14:56:17', 'dev_48'),
(49, NULL, 'سيف محمد خالد', '0150000049', 'user49@shakawa.com', 'ذكر', '2026-03-23 14:56:17', 'dev_49'),
(50, NULL, 'لجين محمود عثمان', '0100000050', 'user50@shakawa.com', 'أنثى', '2026-03-23 14:56:17', 'dev_50'),
(51, NULL, 'إياد محمود الصاوي', '0100000051', 'u51@shakawa.com', 'ذكر', '2026-03-23 14:58:45', 'dev_51'),
(52, NULL, 'سما كمال عثمان', '0110000052', 'u52@shakawa.com', 'أنثى', '2026-03-23 14:58:45', 'dev_52'),
(53, NULL, 'نادر حسن الجارحي', '0120000053', 'u53@shakawa.com', 'ذكر', '2026-03-23 14:58:45', 'dev_53'),
(54, NULL, 'لينا إبراهيم سالم', '0150000054', 'u54@shakawa.com', 'أنثى', '2026-03-23 14:58:45', 'dev_54'),
(55, NULL, 'فارس خالد رضي', '0100000055', 'u55@shakawa.com', 'ذكر', '2026-03-23 14:58:45', 'dev_55'),
(56, NULL, 'جنى سالم علي', '0110000056', 'u56@shakawa.com', 'أنثى', '2026-03-23 14:58:45', 'dev_56'),
(57, NULL, 'باسم محمد كمال', '0120000057', 'u57@shakawa.com', 'ذكر', '2026-03-23 14:58:45', 'dev_57'),
(58, NULL, 'نور محمود راضي', '0150000058', 'u58@shakawa.com', 'أنثى', '2026-03-23 14:58:45', 'dev_58'),
(59, NULL, 'زياد يوسف حسن', '0100000059', 'u59@shakawa.com', 'ذكر', '2026-03-23 14:58:45', 'dev_59'),
(60, NULL, 'هنا محمود عثمان', '0110000060', 'u60@shakawa.com', 'أنثى', '2026-03-23 14:58:45', 'dev_60'),
(61, NULL, 'باسل إبراهيم علي', '0120000061', 'u61@shakawa.com', 'ذكر', '2026-03-23 14:58:45', 'dev_61'),
(62, NULL, 'آية كمال سالم', '0150000062', 'u62@shakawa.com', 'أنثى', '2026-03-23 14:58:45', 'dev_62'),
(63, NULL, 'حمزة راضي سيد', '0100000063', 'u63@shakawa.com', 'ذكر', '2026-03-23 14:58:45', 'dev_63'),
(64, NULL, 'رنا سالم الجوهري', '0110000064', 'u64@shakawa.com', 'أنثى', '2026-03-23 14:58:45', 'dev_64'),
(65, NULL, 'سيف محمد خالد', '0120000065', 'u65@shakawa.com', 'ذكر', '2026-03-23 14:58:45', 'dev_65'),
(66, NULL, 'لجين محمود كمال', '0150000066', 'u66@shakawa.com', 'أنثى', '2026-03-23 14:58:45', 'dev_66'),
(67, NULL, 'ياسين أحمد عثمان', '0100000067', 'u67@shakawa.com', 'ذكر', '2026-03-23 14:58:45', 'dev_67'),
(68, NULL, 'مريم خالد الجارحي', '0110000068', 'u68@shakawa.com', 'أنثى', '2026-03-23 14:58:45', 'dev_68'),
(69, NULL, 'خالد علي حسن', '0120000069', 'u69@shakawa.com', 'ذكر', '2026-03-23 14:58:45', 'dev_69'),
(70, NULL, 'سلمى محمود سالم', '0150000070', 'u70@shakawa.com', 'أنثى', '2026-03-23 14:58:45', 'dev_70'),
(71, NULL, 'مصطفى حسن راضي', '0100000071', 'u71@shakawa.com', 'ذكر', '2026-03-23 14:58:45', 'dev_71'),
(72, NULL, 'هدير كمال الشناوي', '0110000072', 'u72@shakawa.com', 'أنثى', '2026-03-23 14:58:45', 'dev_72'),
(73, NULL, 'كريم إبراهيم سيد', '0120000073', 'u73@shakawa.com', 'ذكر', '2026-03-23 14:58:45', 'dev_73'),
(74, NULL, 'أمل خالد الجوهري', '0150000074', 'u74@shakawa.com', 'أنثى', '2026-03-23 14:58:45', 'dev_74'),
(75, NULL, 'ياسر محمد علي', '0100000075', 'u75@shakawa.com', 'ذكر', '2026-03-23 14:58:45', 'dev_75'),
(76, NULL, 'جنا إبراهيم حسن', '0110000076', 'u76@shakawa.com', 'أنثى', '2026-03-23 14:58:45', 'dev_76'),
(77, NULL, 'آدم كمال راضي', '0120000077', 'u77@shakawa.com', 'ذكر', '2026-03-23 14:58:45', 'dev_77'),
(78, NULL, 'ليان سيد عثمان', '0150000078', 'u78@shakawa.com', 'أنثى', '2026-03-23 14:58:45', 'dev_78'),
(79, NULL, 'معاذ خالد سالم', '0100000079', 'u79@shakawa.com', 'ذكر', '2026-03-23 14:58:45', 'dev_79'),
(80, NULL, 'سما محمد راضي', '0110000080', 'u80@shakawa.com', 'أنثى', '2026-03-23 14:58:45', 'dev_80'),
(81, NULL, 'يحيى كمال الجارحي', '0120000081', 'u81@shakawa.com', 'ذكر', '2026-03-23 14:58:45', 'dev_81'),
(82, NULL, 'تالية إبراهيم حسن', '0150000082', 'u82@shakawa.com', 'أنثى', '2026-03-23 14:58:45', 'dev_82'),
(83, NULL, 'عمر كمال راضي', '0100000083', 'u83@shakawa.com', 'ذكر', '2026-03-23 14:58:45', 'dev_83'),
(84, NULL, 'ملك حسن سيد', '0110000084', 'u84@shakawa.com', 'أنثى', '2026-03-23 14:58:45', 'dev_84'),
(85, NULL, 'ياسين خالد علي', '0120000085', 'u85@shakawa.com', 'ذكر', '2026-03-23 14:58:45', 'dev_85'),
(86, NULL, 'نوران محمود كمال', '0150000086', 'u86@shakawa.com', 'أنثى', '2026-03-23 14:58:45', 'dev_86'),
(87, NULL, 'مصطفى محمد رضي', '0100000087', 'u87@shakawa.com', 'ذكر', '2026-03-23 14:58:45', 'dev_87'),
(88, NULL, 'سلمى خالد حسن', '0110000088', 'u88@shakawa.com', 'أنثى', '2026-03-23 14:58:45', 'dev_88'),
(89, NULL, 'باسم إبراهيم عثمان', '0120000089', 'u89@shakawa.com', 'ذكر', '2026-03-23 14:58:45', 'dev_89'),
(90, NULL, 'هدير محمود علي', '0150000090', 'u90@shakawa.com', 'أنثى', '2026-03-23 14:58:45', 'dev_90'),
(91, NULL, 'زياد كمال حسن', '0100000091', 'u91@shakawa.com', 'ذكر', '2026-03-23 14:58:45', 'dev_91'),
(92, NULL, 'فاطمة خالد رضي', '0110000092', 'u92@shakawa.com', 'أنثى', '2026-03-23 14:58:45', 'dev_92'),
(93, NULL, 'أحمد محمود سيد', '0120000093', 'u93@shakawa.com', 'ذكر', '2026-03-23 14:58:45', 'dev_93'),
(94, NULL, 'ريم إبراهيم كمال', '0150000094', 'u94@shakawa.com', 'أنثى', '2026-03-23 14:58:45', 'dev_94'),
(95, NULL, 'حمزة محمد علي', '0100000095', 'u95@shakawa.com', 'ذكر', '2026-03-23 14:58:45', 'dev_95'),
(96, NULL, 'جنا خالد الجارحي', '0110000096', 'u96@shakawa.com', 'أنثى', '2026-03-23 14:58:45', 'dev_96'),
(97, NULL, 'يوسف محمود حسن', '0120000097', 'u97@shakawa.com', 'ذكر', '2026-03-23 14:58:45', 'dev_97'),
(98, NULL, 'ملك كمال عثمان', '0150000098', 'u98@shakawa.com', 'أنثى', '2026-03-23 14:58:45', 'dev_98'),
(99, NULL, 'مروان إبراهيم راضي', '0100000099', 'u99@shakawa.com', 'ذكر', '2026-03-23 14:58:45', 'dev_99'),
(100, NULL, 'شهد محمد سالم', '0110000100', 'u100@shakawa.com', 'أنثى', '2026-03-23 14:58:45', 'dev_100'),
(101, NULL, 'مصطفى كامل السيد', '0100000101', 'u101@shakawa.com', 'ذكر', '2026-03-23 15:04:30', 'dev_101'),
(102, NULL, 'نيرة محمد الجوهري', '0110000102', 'u102@shakawa.com', 'أنثى', '2026-03-23 15:04:30', 'dev_102'),
(103, NULL, 'ياسين راضي حسن', '0120000103', 'u103@shakawa.com', 'ذكر', '2026-03-23 15:04:30', 'dev_103'),
(104, NULL, 'مريم إبراهيم كمال', '0150000104', 'u104@shakawa.com', 'أنثى', '2026-03-23 15:04:30', 'dev_104'),
(105, NULL, 'خالد علي سالم', '0100000105', 'u105@shakawa.com', 'ذكر', '2026-03-23 15:04:30', 'dev_105'),
(106, NULL, 'هدير محمود عثمان', '0110000106', 'u106@shakawa.com', 'أنثى', '2026-03-23 15:04:30', 'dev_106'),
(107, NULL, 'باسم حسن رضي', '0120000107', 'u107@shakawa.com', 'ذكر', '2026-03-23 15:04:30', 'dev_107'),
(108, NULL, 'سلمى خالد سيد', '0150000108', 'u108@shakawa.com', 'أنثى', '2026-03-23 15:04:30', 'dev_108'),
(109, NULL, 'يوسف إبراهيم راضي', '0100000109', 'u109@shakawa.com', 'ذكر', '2026-03-23 15:04:30', 'dev_109'),
(110, NULL, 'نوران كمال حسن', '0110000110', 'u110@shakawa.com', 'أنثى', '2026-03-23 15:04:30', 'dev_110'),
(111, NULL, 'عمر خالد الجارحي', '0120000111', 'u111@shakawa.com', 'ذكر', '2026-03-23 15:04:30', 'dev_111'),
(112, NULL, 'فاطمة محمود علي', '0150000112', 'u112@shakawa.com', 'أنثى', '2026-03-23 15:04:30', 'dev_112'),
(113, NULL, 'إبراهيم علي حسن', '0100000113', 'u113@shakawa.com', 'ذكر', '2026-03-23 15:04:30', 'dev_113'),
(114, NULL, 'أمل محمود كمال', '0110000114', 'u114@shakawa.com', 'أنثى', '2026-03-23 15:04:30', 'dev_114'),
(115, NULL, 'باسم محمد راضي', '0120000115', 'u115@shakawa.com', 'ذكر', '2026-03-23 15:04:30', 'dev_115'),
(116, NULL, 'جنا إبراهيم سالم', '0150000116', 'u116@shakawa.com', 'أنثى', '2026-03-23 15:04:30', 'dev_116'),
(117, NULL, 'آدم خالد عثمان', '0100000117', 'u117@shakawa.com', 'ذكر', '2026-03-23 15:04:30', 'dev_117'),
(118, NULL, 'ليان حسن راضي', '0110000118', 'u118@shakawa.com', 'أنثى', '2026-03-23 15:04:30', 'dev_118'),
(119, NULL, 'ياسر خالد علي', '0120000119', 'u119@shakawa.com', 'ذكر', '2026-03-23 15:04:30', 'dev_119'),
(120, NULL, 'ملك محمود كمال', '0150000120', 'u120@shakawa.com', 'أنثى', '2026-03-23 15:04:30', 'dev_120'),
(121, NULL, 'مروان يوسف سالم', '0100000121', 'u121@shakawa.com', 'ذكر', '2026-03-23 15:04:30', 'dev_121'),
(122, NULL, 'شهد كمال عثمان', '0110000122', 'u122@shakawa.com', 'أنثى', '2026-03-23 15:04:30', 'dev_122'),
(123, NULL, 'حمزة راضي سيد', '0120000123', 'u123@shakawa.com', 'ذكر', '2026-03-23 15:04:30', 'dev_123'),
(124, NULL, 'رنا سالم الجارحي', '0150000124', 'u124@shakawa.com', 'أنثى', '2026-03-23 15:04:30', 'dev_124'),
(125, NULL, 'سيف محمد خالد', '0100000125', 'u125@shakawa.com', 'ذكر', '2026-03-23 15:04:30', 'dev_125'),
(126, NULL, 'لجين محمود عثمان', '0110000126', 'u126@shakawa.com', 'أنثى', '2026-03-23 15:04:30', 'dev_126'),
(127, NULL, 'طارق إبراهيم سالم', '0120000127', 'u127@shakawa.com', 'ذكر', '2026-03-23 15:04:30', 'dev_127'),
(128, NULL, 'جود خالد حسن', '0150000128', 'u128@test.com', 'أنثى', '2026-03-23 15:04:30', 'dev_128'),
(129, NULL, 'حسن علي كمال', '0100000129', 'u129@shakawa.com', 'ذكر', '2026-03-23 15:04:30', 'dev_129'),
(130, NULL, 'أروى محمود راضي', '0110000130', 'u130@shakawa.com', 'أنثى', '2026-03-23 15:04:30', 'dev_130'),
(131, NULL, 'يحيى إبراهيم سيد', '0120000131', 'u131@shakawa.com', 'ذكر', '2026-03-23 15:04:30', 'dev_131'),
(132, NULL, 'تالية كمال سالم', '0150000132', 'u132@shakawa.com', 'أنثى', '2026-03-23 15:04:30', 'dev_132'),
(133, NULL, 'معاذ راضي الجارحي', '0100000133', 'u133@shakawa.com', 'ذكر', '2026-03-23 15:04:30', 'dev_133'),
(134, NULL, 'دارين سالم عثمان', '0110000134', 'u134@shakawa.com', 'أنثى', '2026-03-23 15:04:30', 'dev_134'),
(135, NULL, 'إياد محمد حسن', '0120000135', 'u135@shakawa.com', 'ذكر', '2026-03-23 15:04:30', 'dev_135'),
(136, NULL, 'سما محمود علي', '0150000136', 'u136@shakawa.com', 'أنثى', '2026-03-23 15:04:30', 'dev_136'),
(137, NULL, 'نادر إبراهيم كمال', '0100000137', 'u137@shakawa.com', 'ذكر', '2026-03-23 15:04:30', 'dev_137'),
(138, NULL, 'لينا كمال رضي', '0110000138', 'u138@shakawa.com', 'أنثى', '2026-03-23 15:04:30', 'dev_138'),
(139, NULL, 'فارس راضي سيد', '0120000139', 'u139@shakawa.com', 'ذكر', '2026-03-23 15:04:30', 'dev_139'),
(140, NULL, 'جنى سالم الجارحي', '0150000140', 'u140@shakawa.com', 'أنثى', '2026-03-23 15:04:30', 'dev_140'),
(141, NULL, 'باسم محمد خالد', '0100000141', 'u141@shakawa.com', 'ذكر', '2026-03-23 15:04:30', 'dev_141'),
(142, NULL, 'نور محمود عثمان', '0110000142', 'u142@shakawa.com', 'أنثى', '2026-03-23 15:04:30', 'dev_142'),
(143, NULL, 'زياد يوسف كمال', '0120000143', 'u143@shakawa.com', 'ذكر', '2026-03-23 15:04:30', 'dev_143'),
(144, NULL, 'هنا محمود حسن', '0150000144', 'u144@shakawa.com', 'أنثى', '2026-03-23 15:04:30', 'dev_144'),
(145, NULL, 'باسل إبراهيم علي', '0100000145', 'u145@shakawa.com', 'ذكر', '2026-03-23 15:04:30', 'dev_145'),
(146, NULL, 'آية كمال عثمان', '0110000146', 'u146@shakawa.com', 'أنثى', '2026-03-23 15:04:30', 'dev_146'),
(147, NULL, 'حمزة راضي سيد', '0120000147', 'u147@shakawa.com', 'ذكر', '2026-03-23 15:04:30', 'dev_147'),
(148, NULL, 'رنا سالم الجارحي', '0150000148', 'u148@shakawa.com', 'أنثى', '2026-03-23 15:04:30', 'dev_148'),
(149, NULL, 'سيف محمد خالد', '0100000149', 'u149@shakawa.com', 'ذكر', '2026-03-23 15:04:30', 'dev_149'),
(150, NULL, 'لجين محمود عثمان', '0110000150', 'u150@shakawa.com', 'أنثى', '2026-03-23 15:04:30', 'dev_150'),
(151, NULL, 'محمود سعد الهلالي', '0100000151', 'u151@shakawa.com', 'ذكر', '2026-03-23 15:09:30', 'dev_151'),
(152, NULL, 'أسماء يوسف كمال', '0110000152', 'u152@shakawa.com', 'أنثى', '2026-03-23 15:09:30', 'dev_152'),
(153, NULL, 'تامر حسني عثمان', '0120000153', 'u153@shakawa.com', 'ذكر', '2026-03-23 15:09:30', 'dev_153'),
(154, NULL, 'دنيا سمير غانم', '0150000154', 'u154@shakawa.com', 'أنثى', '2026-03-23 15:09:30', 'dev_154'),
(155, NULL, 'كريم عبد العزيز رضي', '0100000155', 'u155@shakawa.com', 'ذكر', '2026-03-23 15:09:30', 'dev_155'),
(156, NULL, 'ليلى أحمد زاهر', '0110000156', 'u156@shakawa.com', 'أنثى', '2026-03-23 15:09:30', 'dev_156'),
(157, NULL, 'ماجد الكدواني علي', '0120000157', 'u157@shakawa.com', 'ذكر', '2026-03-23 15:09:30', 'dev_157'),
(158, NULL, 'هند صبري كمال', '0150000158', 'u158@shakawa.com', 'أنثى', '2026-03-23 15:09:30', 'dev_158'),
(159, NULL, 'محمد ممدوح حسن', '0100000159', 'u159@shakawa.com', 'ذكر', '2026-03-23 15:09:30', 'dev_159'),
(160, NULL, 'نيللي كريم عثمان', '0110000160', 'u160@shakawa.com', 'أنثى', '2026-03-23 15:09:30', 'dev_160'),
(161, NULL, 'كريم محمد السقا', '0100000165', 'u165@shakawa.com', 'ذكر', '2026-03-23 15:11:49', 'dev_165'),
(162, NULL, 'منى زكي أحمد', '0110000166', 'u166@shakawa.com', 'أنثى', '2026-03-23 15:11:49', 'dev_166'),
(163, NULL, 'أحمد عز الدين', '0120000167', 'u167@shakawa.com', 'ذكر', '2026-03-23 15:11:49', 'dev_167'),
(164, NULL, 'منة شلبي محمود', '0150000168', 'u168@shakawa.com', 'أنثى', '2026-03-23 15:11:49', 'dev_168'),
(165, NULL, 'أمير كرارة حسن', '0100000169', 'u169@shakawa.com', 'ذكر', '2026-03-23 15:11:49', 'dev_169'),
(166, NULL, 'شريف منير كمال', '0120000170', 'u170@shakawa.com', 'ذكر', '2026-03-23 15:09:30', 'dev_170'),
(167, NULL, 'تامر حسني كمال', '0120000171', 'u171@shakawa.com', 'ذكر', '2026-03-23 15:11:49', 'dev_171'),
(168, NULL, 'روبي سيد علي', '0150000172', 'u172@shakawa.com', 'أنثى', '2026-03-23 15:11:49', 'dev_172'),
(169, NULL, 'محمد رمضان راضي', '0100000173', 'u173@shakawa.com', 'ذكر', '2026-03-23 15:11:49', 'dev_173'),
(170, NULL, 'دينا الشربيني حسن', '0110000174', 'u174@shakawa.com', 'أنثى', '2026-03-23 15:11:49', 'dev_174'),
(171, NULL, 'عمرو يوسف خالد', '0120000175', 'u175@shakawa.com', 'ذكر', '2026-03-23 15:11:49', 'dev_175'),
(172, NULL, 'نيلي كريم عثمان', '0150000176', 'u176@shakawa.com', 'أنثى', '2026-03-23 15:11:49', 'dev_176'),
(173, NULL, 'يسرا محمد علي', '0150000180', 'u180@shakawa.com', 'أنثى', '2026-03-23 15:09:30', 'dev_180'),
(174, NULL, 'أحمد صبري كمال', '0100000181', 'u181@test.com', 'ذكر', '2026-03-23 15:13:40', 'dev_181'),
(175, NULL, 'ندى محمود حسن', '0110000182', 'u182@test.com', 'أنثى', '2026-03-23 15:13:40', 'dev_182'),
(176, NULL, 'ياسر جلال سيد', '0120000183', 'u183@test.com', 'ذكر', '2026-03-23 15:13:40', 'dev_183'),
(177, NULL, 'ميرنا جميل خالد', '0150000184', 'u184@test.com', 'أنثى', '2026-03-23 15:13:40', 'dev_184'),
(178, NULL, 'حسن الرداد علي', '0100000185', 'u185@test.com', 'ذكر', '2026-03-23 15:13:40', 'dev_185'),
(179, NULL, 'إيمي سمير غانم', '0110000186', 'u186@test.com', 'أنثى', '2026-03-23 15:13:40', 'dev_186'),
(180, NULL, 'محمد ممدوح كمال', '0120000187', 'u187@test.com', 'ذكر', '2026-03-23 15:13:40', 'dev_187'),
(181, NULL, 'أمينة خليل رضي', '0150000188', 'u188@test.com', 'أنثى', '2026-03-23 15:13:40', 'dev_188'),
(182, NULL, 'أحمد داوود حسن', '0100000189', 'u189@test.com', 'ذكر', '2026-03-23 15:13:40', 'dev_189'),
(183, NULL, 'أحمد السقا رضي', '0100000190', 'u190@shakawa.com', 'ذكر', '2026-03-23 15:09:30', 'dev_190'),
(184, NULL, 'ياسمين صبري حسن', '0110000200', 'u200@shakawa.com', 'أنثى', '2026-03-23 15:09:30', 'dev_200'),
(185, NULL, 'مصطفى خاطر علي', '0120000201', 'u201@test.com', 'ذكر', '2026-03-23 15:13:40', 'dev_201'),
(186, NULL, 'ويزو محمد سيد', '0150000202', 'u202@test.com', 'أنثى', '2026-03-23 15:13:40', 'dev_202'),
(187, NULL, 'علي ربيع كمال', '0100000203', 'u203@test.com', 'ذكر', '2026-03-23 15:13:40', 'dev_203'),
(188, NULL, 'أوس أوس محمد', '0110000204', 'u204@test.com', 'ذكر', '2026-03-23 15:13:40', 'dev_204'),
(189, NULL, 'حمدي الميرغني حسن', '0120000205', 'u205@test.com', 'ذكر', '2026-03-23 15:13:40', 'dev_205'),
(190, NULL, 'نور اللبنانية', '0110000210', 'u210@shakawa.com', 'أنثى', '2026-03-23 15:11:49', 'dev_210'),
(191, NULL, 'باسل خياط حسن', '0120000220', 'u220@shakawa.com', 'ذكر', '2026-03-23 15:11:49', 'dev_220'),
(192, NULL, 'ياسين محمود حسن', '0101111223', 'u223@test.com', 'ذكر', '2026-03-23 15:27:28', 'dev_223'),
(193, NULL, 'ليلى أحمد زاهر', '0111111224', 'l224@test.com', 'أنثى', '2026-03-23 15:27:28', 'dev_224'),
(194, NULL, 'كريم عبد العزيز', '0121111225', 'k225@test.com', 'ذكر', '2026-03-23 15:27:28', 'dev_225'),
(195, NULL, 'هند صبري كمال', '0151111226', 'h226@test.com', 'أنثى', '2026-03-23 15:27:28', 'dev_226'),
(196, NULL, 'مايا دياب علي', '0150000230', 'u230@shakawa.com', 'أنثى', '2026-03-23 15:11:49', 'dev_230'),
(197, NULL, 'ظافر العابدين رضي', '0100000240', 'u240@shakawa.com', 'ذكر', '2026-03-23 15:11:49', 'dev_240'),
(198, NULL, 'درة زروق كمال', '0110000250', 'u250@shakawa.com', 'أنثى', '2026-03-23 15:11:49', 'dev_250'),
(199, NULL, 'أحمد فهمي رضي', '0100000260', 'u260@test.com', 'ذكر', '2026-03-23 15:13:40', 'dev_260'),
(200, NULL, 'شيكو محمد علي', '0110000270', 'u270@test.com', 'ذكر', '2026-03-23 15:13:40', 'dev_270'),
(201, NULL, 'هشام ماجد حسن', '0120000280', 'u280@test.com', 'ذكر', '2026-03-23 15:13:40', 'dev_280'),
(202, NULL, 'هنا الزاهد كمال', '0150000300', 'u300@test.com', 'أنثى', '2026-03-23 15:13:40', 'dev_300'),
(203, NULL, 'ياسين محمود حسن', '0100000301', 'u301@shakawa.com', 'ذكر', '2026-03-23 15:18:16', 'dev_301'),
(204, NULL, 'ليلى أحمد زاهر', '0110000302', 'u302@shakawa.com', 'أنثى', '2026-03-23 15:18:16', 'dev_302'),
(205, NULL, 'كريم عبد العزيز', '0120000303', 'u303@shakawa.com', 'ذكر', '2026-03-23 15:18:16', 'dev_303'),
(206, NULL, 'هند صبري كمال', '0150000304', 'u304@shakawa.com', 'أنثى', '2026-03-23 15:18:16', 'dev_304'),
(207, NULL, 'محمد ممدوح علي', '0100000305', 'u305@shakawa.com', 'ذكر', '2026-03-23 15:18:16', 'dev_305'),
(208, NULL, 'نيللي كريم حسن', '0110000306', 'u306@shakawa.com', 'أنثى', '2026-03-23 15:18:16', 'dev_306'),
(209, NULL, 'أحمد عز الدين', '0120000307', 'u307@shakawa.com', 'ذكر', '2026-03-23 15:18:16', 'dev_307'),
(210, NULL, 'منة شلبي رضي', '0150000308', 'u308@shakawa.com', 'أنثى', '2026-03-23 15:18:16', 'dev_308'),
(211, NULL, 'أمير كرارة سيد', '0100000309', 'u309@shakawa.com', 'ذكر', '2026-03-23 15:18:16', 'dev_309'),
(212, NULL, 'روبي سيد كمال', '0110000310', 'u310@shakawa.com', 'أنثى', '2026-03-23 15:18:16', 'dev_310'),
(213, NULL, 'تامر حسني كمال', '0101111311', 't311@test.com', 'ذكر', '2026-03-23 15:23:45', 'dev_311'),
(214, NULL, 'يسرا محمد علي', '0111111312', 'y312@test.com', 'أنثى', '2026-03-23 15:23:45', 'dev_312'),
(215, NULL, 'أحمد السقا رضي', '0121111313', 'a313@test.com', 'ذكر', '2026-03-23 15:23:45', 'dev_313'),
(216, NULL, 'منى زكي حسن', '0151111314', 'm314@test.com', 'أنثى', '2026-03-23 15:23:45', 'dev_314'),
(217, NULL, 'كريم عبد العزيز', '0101111315', 'k315@test.com', 'ذكر', '2026-03-23 15:23:45', 'dev_315'),
(218, NULL, 'ياسين أحمد السقا', '0101111316', 'u316@test.com', 'ذكر', '2026-03-23 15:25:40', 'dev_316'),
(219, NULL, 'منى زكي الجارحي', '0111111317', 'm317@test.com', 'أنثى', '2026-03-23 15:25:40', 'dev_317'),
(220, NULL, 'كريم عبد العزيز حسن', '0121111318', 'k318@test.com', 'ذكر', '2026-03-23 15:25:40', 'dev_318'),
(221, NULL, 'هند صبري كمال', '0151111319', 'h319@test.com', 'أنثى', '2026-03-23 15:25:40', 'dev_319'),
(222, NULL, 'محمد ممدوح راضي', '0101111320', 'm320@test.com', 'ذكر', '2026-03-23 15:25:40', 'dev_320'),
(223, NULL, 'ليلى أحمد زاهر', '0111111321', 'l321@test.com', 'أنثى', '2026-03-23 15:25:40', 'dev_321'),
(224, NULL, 'أمير كرارة علي', '0121111322', 'a322@test.com', 'ذكر', '2026-03-23 15:25:40', 'dev_322'),
(225, NULL, 'نيللي كريم سيد', '0151111323', 'n323@test.com', 'أنثى', '2026-03-23 15:25:40', 'dev_323'),
(226, NULL, 'مصطفى خاطر كمال', '0101111400', 'm400@test.com', 'ذكر', '2026-03-23 15:25:40', 'dev_400'),
(227, NULL, 'أحمد يونس حسن', '0109000001', 'younes@test.com', 'ذكر', '2026-03-23 15:30:40', 'dev_901'),
(228, NULL, 'هبة مجدي كمال', '0119000002', 'heba@test.com', 'أنثى', '2026-03-23 15:30:40', 'dev_902'),
(229, NULL, 'محمد هنيدي علي', '0129000003', 'henedy@test.com', 'ذكر', '2026-03-23 15:30:40', 'dev_903'),
(230, NULL, 'منى عبد الغني', '0159000004', 'mona@test.com', 'أنثى', '2026-03-23 15:30:40', 'dev_904'),
(231, NULL, 'بيومي فؤاد رضي', '0109000005', 'bayoumi@test.com', 'ذكر', '2026-03-23 15:30:40', 'dev_905'),
(232, NULL, 'ياسمين عبد العزيز', '0119000006', 'yasmin@test.com', 'أنثى', '2026-03-23 15:30:40', 'dev_906'),
(233, NULL, 'أحمد حلمي كمال', '0129000007', 'helmy@test.com', 'ذكر', '2026-03-23 15:30:40', 'dev_907'),
(234, NULL, 'دلال عبد العزيز', '0159000008', 'dalal@test.com', 'أنثى', '2026-03-23 15:30:40', 'dev_908'),
(235, NULL, 'ياسين أحمد السقا', '0101111950', 'u950@test.com', 'ذكر', '2026-03-23 15:37:32', 'dev_950'),
(236, NULL, 'منى زكي حسن', '0111111951', 'm951@test.com', 'أنثى', '2026-03-23 15:37:32', 'dev_951'),
(237, NULL, 'كريم عبد العزيز', '0121111952', 'k952@test.com', 'ذكر', '2026-03-23 15:37:32', 'dev_952'),
(238, NULL, 'هند صبري كمال', '0151111953', 'h953@test.com', 'أنثى', '2026-03-23 15:37:32', 'dev_953'),
(239, NULL, 'محمد ممدوح علي', '0101111954', 'm954@test.com', 'ذكر', '2026-03-23 15:37:32', 'dev_954'),
(240, NULL, 'ياسين أحمد السقا', '0101111970', 'u970@test.com', 'ذكر', '2026-03-23 15:39:50', 'dev_970'),
(241, NULL, 'منى زكي حسن', '0111111971', 'm971@test.com', 'أنثى', '2026-03-23 15:39:50', 'dev_971'),
(242, NULL, 'كريم عبد العزيز', '0121111972', 'k972@test.com', 'ذكر', '2026-03-23 15:39:50', 'dev_972'),
(243, NULL, 'هند صبري كمال', '0151111973', 'h973@test.com', 'أنثى', '2026-03-23 15:39:50', 'dev_973'),
(244, NULL, 'محمد ممدوح علي', '0101111974', 'm974@test.com', 'ذكر', '2026-03-23 15:39:50', 'dev_974'),
(245, NULL, 'ياسين محمود حسن', '0101234567', 'y@test.com', 'ذكر', '2026-03-23 16:07:10', 'd_301'),
(246, NULL, 'هبة مجدي علي', '0111234567', 'h@test.com', 'أنثى', '2026-03-23 16:07:10', 'd_302'),
(247, NULL, 'محمد هنيدي كمال', '0121234567', 'm@test.com', 'ذكر', '2026-03-23 16:07:10', 'd_303'),
(248, NULL, 'منى عبد الغني', '0151234567', 'mn@test.com', 'أنثى', '2026-03-23 16:07:10', 'd_304'),
(249, NULL, 'أحمد حلمي رضي', '0109988776', 'ah@test.com', 'ذكر', '2026-03-23 16:07:10', 'd_305'),
(250, NULL, 'ياسمين صبري', '0112233445', 'ys@test.com', 'أنثى', '2026-03-23 16:07:10', 'd_306'),
(251, NULL, 'ياسين أحمد السقا', '0101111001', 'u501@test.com', 'ذكر', '2026-03-24 03:39:50', 'd_501'),
(252, NULL, 'منى زكي كمال', '0111111002', 'u502@test.com', 'أنثى', '2026-03-24 03:39:50', 'd_502'),
(253, NULL, 'كريم عبد العزيز حسن', '0121111003', 'u503@test.com', 'ذكر', '2026-03-24 03:39:50', 'd_503'),
(254, NULL, 'هند صبري علي', '0151111004', 'u504@test.com', 'أنثى', '2026-03-24 03:39:50', 'd_504'),
(255, NULL, 'ياسين أحمد السقا', '01011110255', 'u255@shakawa.com', 'ذكر', '2020-01-14 22:00:00', 'iPhone_15'),
(256, NULL, 'منى زكي الجارحي', '01111110256', 'u256@shakawa.com', 'أنثى', '2020-02-19 22:00:00', 'Samsung_S23'),
(257, NULL, 'كريم عبد العزيز', '01211110257', 'u257@shakawa.com', 'ذكر', '2020-03-09 22:00:00', 'Xiaomi_13'),
(258, NULL, 'هند صبري كمال', '01511110258', 'u258@shakawa.com', 'أنثى', '2020-04-04 22:00:00', 'Oppo_Reno'),
(259, NULL, 'محمد ممدوح علي', '01022220259', 'u259@shakawa.com', 'ذكر', '2020-05-11 21:00:00', 'Realme_C55'),
(260, NULL, 'ليلى أحمد زاهر', '01122220260', 'u260@shakawa.com', 'أنثى', '2020-06-24 21:00:00', 'iPhone_14'),
(261, NULL, 'أمير كرارة سيد', '01222220261', 'u261@shakawa.com', 'ذكر', '2020-07-29 21:00:00', 'Samsung_A54'),
(262, NULL, 'نيللي كريم حسن', '01522220262', 'u262@shakawa.com', 'أنثى', '2020-08-13 21:00:00', 'Xiaomi_Note12'),
(263, NULL, 'أحمد عز الدين', '01033330263', 'u263@shakawa.com', 'ذكر', '2020-09-20 21:00:00', 'iPhone_13'),
(264, NULL, 'روبي سيد علي', '01133330264', 'u264@shakawa.com', 'أنثى', '2020-10-09 21:00:00', 'Samsung_S22'),
(265, NULL, 'محمد رمضان راضي', '01233330265', 'u265@shakawa.com', 'ذكر', '2020-11-27 22:00:00', 'Huawei_P50'),
(266, NULL, 'دينا الشربيني', '01533330266', 'u266@shakawa.com', 'أنثى', '2020-12-04 22:00:00', 'Oppo_A78'),
(267, NULL, 'عمرو يوسف خالد', '01044440267', 'u267@shakawa.com', 'ذكر', '2021-01-17 22:00:00', 'iPhone_12'),
(268, NULL, 'أمينة خليل رضي', '01144440268', 'u268@shakawa.com', 'أنثى', '2021-02-21 22:00:00', 'Samsung_Fold'),
(269, NULL, 'أحمد داوود حسن', '01244440269', 'u269@shakawa.com', 'ذكر', '2021-03-13 22:00:00', 'Xiaomi_12T'),
(270, NULL, 'علا رشدي عثمان', '01544440270', 'u270@shakawa.com', 'أنثى', '2021-04-29 21:00:00', 'iPhone_SE'),
(271, NULL, 'مصطفى خاطر علي', '01055550271', 'u271@shakawa.com', 'ذكر', '2021-05-11 21:00:00', 'Samsung_Flip'),
(272, NULL, 'ميرنا جميل خالد', '01155550272', 'u272@shakawa.com', 'أنثى', '2021-06-19 21:00:00', 'Oppo_Find'),
(273, NULL, 'شيكو محمد علي', '01255550273', 'u273@shakawa.com', 'ذكر', '2021-07-24 21:00:00', 'Realme_11'),
(274, NULL, 'هشام ماجد حسن', '01555550274', 'u274@shakawa.com', 'ذكر', '2021-08-10 21:00:00', 'iPhone_11'),
(275, NULL, 'أحمد فهمي رضي', '01066660275', 'u275@shakawa.com', 'ذكر', '2021-09-04 21:00:00', 'Samsung_Note20'),
(276, NULL, 'أيتن عامر كمال', '01166660276', 'u276@shakawa.com', 'أنثى', '2021-10-29 22:00:00', 'Xiaomi_11i'),
(277, NULL, 'باسم سمرة حسن', '01266660277', 'u277@shakawa.com', 'ذكر', '2021-11-11 22:00:00', 'Oppo_Reno8'),
(278, NULL, 'درة زروق كمال', '01566660278', 'u278@shakawa.com', 'أنثى', '2021-12-18 22:00:00', 'iPhone_XR'),
(279, NULL, 'ظافر العابدين', '01077770279', 'u279@shakawa.com', 'ذكر', '2022-01-24 22:00:00', 'Samsung_A73'),
(280, NULL, 'أحمد سيد حلمي', '01088880280', 'u280@shakawa.com', 'ذكر', '2022-02-13 22:00:00', 'Pixel_7'),
(281, NULL, 'مريم حسن خالد', '01188880281', 'u281@shakawa.com', 'أنثى', '2022-03-19 22:00:00', 'iPhone_14_Pro'),
(282, NULL, 'يوسف شاهين علي', '01288880282', 'u282@shakawa.com', 'ذكر', '2022-04-09 22:00:00', 'Samsung_S21'),
(283, NULL, 'سارة صبري كمال', '01588880283', 'u283@shakawa.com', 'أنثى', '2022-05-04 21:00:00', 'Xiaomi_13_Lite'),
(284, NULL, 'هاني رمزي حسن', '01099990284', 'u284@shakawa.com', 'ذكر', '2022-06-11 21:00:00', 'Oppo_A58'),
(285, NULL, 'نورا محمود علي', '01199990285', 'u285@shakawa.com', 'أنثى', '2022-07-24 21:00:00', 'iPhone_XS'),
(286, NULL, 'شريف منير رضي', '01299990286', 'u286@shakawa.com', 'ذكر', '2022-08-13 21:00:00', 'Samsung_S20'),
(287, NULL, 'ماي كساب كمال', '01599990287', 'u287@shakawa.com', 'أنثى', '2022-09-20 21:00:00', 'Xiaomi_10T'),
(288, NULL, 'خالد الصاوي علي', '01012120288', 'u288@shakawa.com', 'ذكر', '2022-10-09 21:00:00', 'iPhone_15_Plus'),
(289, NULL, 'بسمة حسن رضي', '01112120289', 'u289@shakawa.com', 'أنثى', '2022-11-27 22:00:00', 'Samsung_A34'),
(290, NULL, 'تامر حسني كمال', '01212120290', 'u290@shakawa.com', 'ذكر', '2022-12-04 22:00:00', 'Oppo_Reno10'),
(291, NULL, 'شيرين عبد الوهاب', '01512120291', 'u291@shakawa.com', 'أنثى', '2023-01-17 22:00:00', 'iPhone_14_Plus'),
(292, NULL, 'ياسين مروان شاهين', '01019283745', 'yaseen.sh@gmail.com', 'ذكر', '2021-05-11 21:00:00', 'iPhone 15 Pro Max'),
(293, NULL, 'ملك أحمد الصاوي', '01122334455', 'malak.elsawy@outlook.com', 'أنثى', '2021-08-13 21:00:00', 'Samsung S24 Ultra'),
(294, NULL, 'عمر كمال الشناوي', '01233445566', 'omar.sh@company.com', 'ذكر', '2021-11-30 22:00:00', 'Google Pixel 8'),
(295, NULL, 'زينة محمود عابدين', '01544556677', 'zeina.m@test.com', 'أنثى', '2022-03-19 22:00:00', 'Oppo Reno 11'),
(296, NULL, 'سيف الدين إبراهيم', '01066778899', 'seif.ib@mail.com', 'ذكر', '2022-06-14 21:00:00', 'Xiaomi 14 Pro'),
(297, NULL, 'فريدة يوسف غالي', '01177889900', 'farida.y@shakawa.com', 'أنثى', '2022-09-09 21:00:00', 'iPhone 14 Plus'),
(298, NULL, 'يوسف طارق علام', '01288990011', 'youssef.t@gmail.com', 'ذكر', '2022-11-24 22:00:00', 'Samsung A55'),
(299, NULL, 'سلمى عبد الله', '01599001122', 'salma.a@test.com', 'أنثى', '2023-01-04 22:00:00', 'Realme GT 5'),
(300, NULL, 'مروان خالد الصاوي', '01011224466', 'marwan.kh@outlook.com', 'ذكر', '2023-04-17 22:00:00', 'Huawei P60 Pro'),
(301, NULL, 'نور الهدى حسن', '01122335577', 'nour.h@gmail.com', 'أنثى', '2023-07-21 21:00:00', 'iPhone 13'),
(302, NULL, 'كريم نبيل عيسى', '01233446688', 'karim.nabil@work.com', 'ذكر', '2023-10-14 21:00:00', 'Samsung S23 FE'),
(303, NULL, 'جنى وليد مراد', '01544557799', 'jana.walid@test.com', 'أنثى', '2024-01-09 22:00:00', 'Oppo A78'),
(304, NULL, 'إياد حازم شكري', '01055668811', 'eyad.hazem@gmail.com', 'ذكر', '2024-03-22 22:00:00', 'iPhone 12 Pro'),
(305, NULL, 'ليان محمود فوزي', '01166779922', 'layan.m@outlook.com', 'أنثى', '2024-05-04 21:00:00', 'Samsung Z Fold 5'),
(306, NULL, 'مصطفى جلال صقر', '01277880033', 'mostafa.s@shakawa.com', 'ذكر', '2024-07-11 21:00:00', 'Xiaomi Note 13'),
(307, NULL, 'حبيبة إيهاب نصار', '01588991144', 'habiba.e@test.com', 'أنثى', '2024-09-29 21:00:00', 'iPhone 11'),
(308, NULL, 'بلال محمد رشدي', '01099002255', 'belal.r@gmail.com', 'ذكر', '2024-11-19 22:00:00', 'Realme 12 Pro'),
(309, NULL, 'تالية هاني بدر', '01111223366', 'talia.h@outlook.com', 'أنثى', '2025-01-14 22:00:00', 'Samsung Tab S9'),
(310, NULL, 'ياسر ممدوح كمال', '01222334477', 'yasser.m@work.com', 'ذكر', '2025-03-09 22:00:00', 'iPhone 15 Plus'),
(311, NULL, 'رؤى تامر شلبي', '01533445588', 'roua.t@test.com', 'أنثى', '2026-02-11 22:00:00', 'Oppo Reno 10'),
(312, NULL, 'أحمد عصام شريف', '01044556699', 'ahmed.essam@gmail.com', 'ذكر', '2026-03-23 22:00:00', 'Samsung S22'),
(313, NULL, 'أدهم نبيل نصار', '01062000313', 'adham.nabil@gmail.com', 'ذكر', '2021-02-09 22:00:00', 'iPhone 13 Pro'),
(314, NULL, 'ميرنا هشام صبري', '01162000314', 'mirna.h@outlook.com', 'أنثى', '2021-04-14 22:00:00', 'Samsung A73 5G'),
(315, NULL, 'لؤي عادل غنيم', '01262000315', 'louay.adel@test.com', 'ذكر', '2021-07-19 21:00:00', 'Oppo Reno 8'),
(316, NULL, 'حمزة يحيى البدري', '01062000317', 'hamza.y@gmail.com', 'ذكر', '2022-01-11 22:00:00', 'Samsung S22 Ultra'),
(317, NULL, 'ريتاج عماد حمدي', '01162000318', 'ritaj.e@outlook.com', 'أنثى', '2022-03-21 22:00:00', 'Xiaomi 12T Pro'),
(318, NULL, 'ياسين ضياء صقر', '01262000319', 'yaseen.d@mail.com', 'ذكر', '2022-06-17 21:00:00', 'Realme 11 Pro'),
(319, NULL, 'كنزي تامر حسني', '01562000320', 'kenzy.t@test.com', 'أنثى', '2022-08-29 21:00:00', 'iPhone 12'),
(320, NULL, 'سليم خالد عثمان', '01062000321', 'selim.kh@gmail.com', 'ذكر', '2022-11-13 22:00:00', 'Samsung S21 FE'),
(321, NULL, 'ليلى محمود فوزي', '01162000322', 'laila.m@shakawa.com', 'أنثى', '2023-01-24 22:00:00', 'Oppo A96'),
(322, NULL, 'مالك إبراهيم عوض', '01262000323', 'malek.i@outlook.com', 'ذكر', '2023-04-09 22:00:00', 'Xiaomi Note 11'),
(323, NULL, 'جومانا وليد مراد', '01562000324', 'joumana.w@test.com', 'أنثى', '2023-06-21 21:00:00', 'iPhone 14 Pro'),
(324, NULL, 'أنس جمال فؤاد', '01062000325', 'anas.g@gmail.com', 'ذكر', '2023-09-04 21:00:00', 'Samsung A54'),
(325, NULL, 'كرمة أحمد زاهر', '01162000326', 'karma.a@shakawa.com', 'أنثى', '2023-11-17 22:00:00', 'Huawei Nova 10'),
(326, NULL, 'عمر طارق الشريف', '01262000327', 'omar.t@outlook.com', 'ذكر', '2024-02-11 22:00:00', 'iPhone 15'),
(327, NULL, 'تالين هاني شاكر', '01562000328', 'talin.h@gmail.com', 'أنثى', '2024-04-29 21:00:00', 'Samsung S23 Plus'),
(328, NULL, 'رامي سعيد جلال', '01062000329', 'ramy.s@test.com', 'ذكر', '2024-07-09 21:00:00', 'Realme C55'),
(329, NULL, 'بسنت محمد رزق', '01162000330', 'basant.m@outlook.com', 'أنثى', '2024-09-14 21:00:00', 'Oppo Reno 7'),
(330, NULL, 'مازن إيهاب كمال', '01262000331', 'mazen.e@gmail.com', 'ذكر', '2024-12-04 22:00:00', 'Xiaomi 13 Lite'),
(331, NULL, 'دارين خالد سيف', '01562000332', 'darine.k@shakawa.com', 'أنثى', '2025-02-13 22:00:00', 'iPhone 13 Mini'),
(332, NULL, 'فارس كمال لطفي', '01062000333', 'fares.k@test.com', 'ذكر', '2025-05-19 21:00:00', 'Samsung S20 FE'),
(333, NULL, 'روان تامر يحيى', '01162000334', 'rawan.t@gmail.com', 'أنثى', '2025-08-10 21:00:00', 'Oppo Find X5'),
(334, NULL, 'باسم رأفت صبري', '01262000335', 'bassem.r@outlook.com', 'ذكر', '2025-11-27 22:00:00', 'Xiaomi 12 Lite'),
(335, NULL, 'مايا مصطفى بكر', '01562000336', 'maya.m@shakawa.com', 'أنثى', '2026-02-11 22:00:00', 'iPhone XR'),
(336, NULL, 'هادي أشرف فهمي', '01062000337', 'hadi.a@gmail.com', 'ذكر', '2026-03-23 22:00:00', 'Samsung A33'),
(337, NULL, 'حازم أحمد شاكر', '01070000337', 'hazem.shaker@gmail.com', 'ذكر', '2021-01-09 22:00:00', 'iPhone 17 Pro'),
(338, NULL, 'سما محمد الصاوي', '01170000338', 'sama.elsawy@outlook.com', 'أنثى', '2021-03-14 22:00:00', 'Samsung S26 Ultra'),
(339, NULL, 'ياسين إيهاب جلال', '01270000339', 'yassin.galal@test.com', 'ذكر', '2021-06-19 21:00:00', 'Google Pixel 10'),
(340, NULL, 'ليلى مراد الشريف', '01570000340', 'laila.mourad@shakawa.com', 'أنثى', '2021-09-04 21:00:00', 'Oppo Reno 12'),
(341, NULL, 'يوسف هاني كمال', '01070000341', 'youssef.h@gmail.com', 'ذكر', '2022-01-11 22:00:00', 'Xiaomi 15 Pro'),
(342, NULL, 'كرمة محمود فوزي', '01170000342', 'karma.m@outlook.com', 'أنثى', '2022-04-21 22:00:00', 'iPhone 16 Plus'),
(343, NULL, 'زياد طارق علام', '01270000343', 'ziad.tallam@mail.com', 'ذكر', '2022-07-17 21:00:00', 'Samsung A75'),
(344, NULL, 'فريدة صبري حسن', '01570000344', 'farida.s@test.com', 'أنثى', '2022-10-29 22:00:00', 'Realme GT 6'),
(345, NULL, 'آدم وليد نصار', '01070000345', 'adam.walid@gmail.com', 'ذكر', '2023-01-13 22:00:00', 'Huawei P70 Pro'),
(346, NULL, 'تاليا هاني بدر', '01170000346', 'talia.badr@shakawa.com', 'أنثى', '2023-04-24 22:00:00', 'iPhone 15 Pro'),
(347, NULL, 'مالك إبراهيم عوض', '01270000347', 'malek.awad@outlook.com', 'ذكر', '2023-07-09 21:00:00', 'Samsung Z Fold 7'),
(348, NULL, 'جومانا رأفت صبري', '01570000348', 'joumana.r@test.com', 'أنثى', '2023-10-21 21:00:00', 'Oppo Find X7'),
(349, NULL, 'حمزة يحيى البدري', '01070000349', 'hamza.badry@gmail.com', 'ذكر', '2024-01-04 22:00:00', 'Xiaomi Note 14'),
(350, NULL, 'ميرنا هشام صقر', '01170000350', 'mirna.sakr@shakawa.com', 'أنثى', '2024-03-17 22:00:00', 'iPhone 17 Mini'),
(351, NULL, 'سليم خالد عثمان', '01270000351', 'selim.osman@outlook.com', 'ذكر', '2024-06-11 21:00:00', 'Samsung S25 FE'),
(352, NULL, 'ريتاج عماد حمدي', '01570000352', 'ritaj.hamdy@gmail.com', 'أنثى', '2024-09-29 21:00:00', 'Realme 13 Pro'),
(353, NULL, 'أدهم نبيل نصار', '01070000353', 'adham.nassar@test.com', 'ذكر', '2025-01-14 22:00:00', 'Google Pixel 9 Pro'),
(354, NULL, 'بسنت محمد رزق', '01170000354', 'basant.rizk@outlook.com', 'أنثى', '2025-03-09 22:00:00', 'Oppo Reno 13'),
(355, NULL, 'مازن إيهاب كمال', '01270000355', 'mazen.kamal@gmail.com', 'ذكر', '2025-06-19 21:00:00', 'Xiaomi 14 Ultra'),
(356, NULL, 'دارين خالد سيف', '01570000356', 'darine.seif@shakawa.com', 'أنثى', '2025-09-22 21:00:00', 'iPhone 16 Pro Max'),
(357, NULL, 'فارس كمال لطفي', '01070000357', 'fares.lotfy@test.com', 'ذكر', '2025-12-04 22:00:00', 'Samsung A56'),
(358, NULL, 'روان تامر يحيى', '01170000358', 'rawan.yahia@gmail.com', 'أنثى', '2026-02-11 22:00:00', 'Honor Magic 7'),
(359, NULL, 'باسم رأفت صبري', '01270000359', 'bassem.sabry@outlook.com', 'ذكر', '2026-03-14 22:00:00', 'Xiaomi 15 Lite'),
(360, NULL, 'هادي أشرف فهمي', '01070000361', 'hadi.fahmy@gmail.com', 'ذكر', '2026-03-23 22:00:00', 'Samsung S26 Base'),
(361, NULL, 'أحمد عصام شريف', '01170000362', 'ahmed.sherif@outlook.com', 'ذكر', '2026-03-23 22:00:00', 'iPhone 17 Pro Max'),
(362, NULL, 'ليان محمود فوزي', '01270000363', 'layan.fawzy@gmail.com', 'أنثى', '2026-03-23 22:00:00', 'Samsung Tab S10'),
(363, NULL, 'مريم كمال نصار', '01077777363', 'user_363@shakawa.app', 'أنثى', '2025-03-26 04:08:52', '063ffd75c943316d9e1b310e5ae6d07d'),
(364, NULL, 'ياسين جمال عثمان', '01077777364', 'user_364@shakawa.app', 'ذكر', '2025-03-25 04:08:52', '053f8a50f7f6f653df2e732f7c174cf3'),
(365, NULL, 'أحمد محمود سليمان', '01077777365', 'user_365@shakawa.app', 'أنثى', '2025-03-24 04:08:52', '60851a27d5be3519fecb3bd30becbe4d'),
(366, NULL, 'سارة يوسف الجارحي', '01077777366', 'user_366@shakawa.app', 'ذكر', '2025-03-23 04:08:52', 'f51ae9225beb0e0e8e04ed409c4fda2b'),
(367, NULL, 'محمد إبراهيم خليل', '01077777367', 'user_367@shakawa.app', 'أنثى', '2025-03-22 04:08:52', 'd2fc6edc628548a34981b39c8bbff66e'),
(368, NULL, 'مريم كمال نصار', '01077777368', 'user_368@shakawa.app', 'ذكر', '2025-03-21 04:08:52', 'a4d4b820efc857d0f23662a0ce23de44'),
(369, NULL, 'ياسين جمال عثمان', '01077777369', 'user_369@shakawa.app', 'أنثى', '2025-03-20 04:08:52', '5e8f38e2f11c251d676124774ce57598'),
(370, NULL, 'أحمد محمود سليمان', '01077777370', 'user_370@shakawa.app', 'ذكر', '2025-03-19 04:08:52', '4dd7cea742721210351828c9ad81a356'),
(371, NULL, 'سارة يوسف الجارحي', '01077777371', 'user_371@shakawa.app', 'أنثى', '2025-03-18 04:08:52', '8bdee57b10b33bbda737e40a76505d4a'),
(372, NULL, 'محمد إبراهيم خليل', '01077777372', 'user_372@shakawa.app', 'ذكر', '2025-03-17 04:08:52', 'd44dbef4a52f0afc94cc2dc1ef18e1a0'),
(373, NULL, 'مريم كمال نصار', '01077777373', 'user_373@shakawa.app', 'أنثى', '2025-03-16 04:08:52', '04d6c0fee93fb55a65f5ad10e1b5428f'),
(374, NULL, 'ياسين جمال عثمان', '01077777374', 'user_374@shakawa.app', 'ذكر', '2025-03-15 04:08:52', '7a28c63b12cd28894e77766b6dc980b3'),
(375, NULL, 'أحمد محمود سليمان', '01077777375', 'user_375@shakawa.app', 'أنثى', '2025-03-14 04:08:52', '346f0a2eb50b16559ea51cfd45917f60'),
(376, NULL, 'سارة يوسف الجارحي', '01077777376', 'user_376@shakawa.app', 'ذكر', '2025-03-13 04:08:52', 'a4e050494571500824682846ce02b3d0'),
(377, NULL, 'محمد إبراهيم خليل', '01077777377', 'user_377@shakawa.app', 'أنثى', '2025-03-12 04:08:52', '70d12c1cef825c98ec151c4bdc843669'),
(378, NULL, 'مريم كمال نصار', '01077777378', 'user_378@shakawa.app', 'ذكر', '2025-03-11 04:08:52', '716483cb3e54e49b18969b2d2267963d'),
(379, NULL, 'ياسين جمال عثمان', '01077777379', 'user_379@shakawa.app', 'أنثى', '2025-03-10 04:08:52', '03fc4be08d406f3c811d393d5b149515'),
(380, NULL, 'أحمد محمود سليمان', '01077777380', 'user_380@shakawa.app', 'ذكر', '2025-03-09 04:08:52', '965b26cf867716be2d4e4678748908f6'),
(381, NULL, 'سارة يوسف الجارحي', '01077777381', 'user_381@shakawa.app', 'أنثى', '2025-03-08 04:08:52', '4610cce87180a0022e5f4392b1fbf13f'),
(382, NULL, 'محمد إبراهيم خليل', '01077777382', 'user_382@shakawa.app', 'ذكر', '2025-03-07 04:08:52', '2c977476160e4d7301618267b1b7c60c'),
(383, NULL, 'مريم كمال نصار', '01077777383', 'user_383@shakawa.app', 'أنثى', '2025-03-06 04:08:52', '32977f2c5671a158ff9597125d204d51'),
(384, NULL, 'ياسين جمال عثمان', '01077777384', 'user_384@shakawa.app', 'ذكر', '2025-03-05 04:08:52', '8412d768d98c2caffa15596dc6a5a7ad'),
(385, NULL, 'أحمد محمود سليمان', '01077777385', 'user_385@shakawa.app', 'أنثى', '2025-03-04 04:08:52', '69e9ae104aaa45d750ec6c75984839e5'),
(386, NULL, 'سارة يوسف الجارحي', '01077777386', 'user_386@shakawa.app', 'ذكر', '2025-03-03 04:08:52', 'c468d23c79cfc3ad144e7aa5db890e06'),
(387, NULL, 'محمد إبراهيم خليل', '01077777387', 'user_387@shakawa.app', 'أنثى', '2025-03-02 04:08:52', '65b2e0e8d0de07586920ff2f6c96c1aa'),
(388, NULL, 'مريم كمال نصار', '01077777388', 'user_388@shakawa.app', 'ذكر', '2025-03-01 04:08:52', '01d5af49d595ef7e560c0c0c8baff457'),
(389, NULL, 'ياسين جمال عثمان', '01077777389', 'user_389@shakawa.app', 'أنثى', '2025-02-28 04:08:52', '80c1d0ce505dd5cac24364c64168e445'),
(390, NULL, 'أحمد محمود سليمان', '01077777390', 'user_390@shakawa.app', 'ذكر', '2025-02-27 04:08:52', '88558999c6ba10235b97d4c8f567bd97'),
(391, NULL, 'سارة يوسف الجارحي', '01077777391', 'user_391@shakawa.app', 'أنثى', '2025-02-26 04:08:52', '8294071869c07d5e5e1caffd657827f2'),
(392, NULL, 'محمد إبراهيم خليل', '01077777392', 'user_392@shakawa.app', 'ذكر', '2025-02-25 04:08:52', '8d9a74c1facb596d7d9c94a807db30c0'),
(393, NULL, 'مريم كمال نصار', '01077777393', 'user_393@shakawa.app', 'أنثى', '2025-02-24 04:08:52', '56b466385f895a330adfd4a5b5c69da9'),
(394, NULL, 'ياسين جمال عثمان', '01077777394', 'user_394@shakawa.app', 'ذكر', '2025-02-23 04:08:52', '6535190f030da9663c79b868f8b31dbb'),
(395, NULL, 'أحمد محمود سليمان', '01077777395', 'user_395@shakawa.app', 'أنثى', '2025-02-22 04:08:52', '077d90680e81315072e4cc05d7f22f5f'),
(396, NULL, 'سارة يوسف الجارحي', '01077777396', 'user_396@shakawa.app', 'ذكر', '2025-02-21 04:08:52', 'f7103d719c6022da97a34702d9677ff5'),
(397, NULL, 'محمد إبراهيم خليل', '01077777397', 'user_397@shakawa.app', 'أنثى', '2025-02-20 04:08:52', '3dcdda61f5c65c51709ef8a1eafcaa44'),
(398, NULL, 'مريم كمال نصار', '01077777398', 'user_398@shakawa.app', 'ذكر', '2025-02-19 04:08:52', '798faea58213f7f6cc50a2499884091d'),
(399, NULL, 'ياسين جمال عثمان', '01077777399', 'user_399@shakawa.app', 'أنثى', '2025-02-18 04:08:52', 'f70f82f8376a22e08033e8de3ed063c6'),
(400, NULL, 'أحمد محمود سليمان', '01077777400', 'user_400@shakawa.app', 'ذكر', '2025-02-17 04:08:52', 'ef4a227eeff5af7ec6318f1654da43bd'),
(401, NULL, 'سارة يوسف الجارحي', '01077777401', 'user_401@shakawa.app', 'أنثى', '2025-02-16 04:08:52', '901dc3484b19179c89580b2cb6335fb4'),
(402, NULL, 'محمد إبراهيم خليل', '01077777402', 'user_402@shakawa.app', 'ذكر', '2025-02-15 04:08:52', 'e38e3157cbad91705f6ff344be3eaf75'),
(403, NULL, 'مريم كمال نصار', '01077777403', 'user_403@shakawa.app', 'أنثى', '2025-02-14 04:08:52', '2a51abb76d6ef86685d0f5fbbc0dc24a'),
(404, NULL, 'ياسين جمال عثمان', '01077777404', 'user_404@shakawa.app', 'ذكر', '2025-02-13 04:08:52', 'e0fe85028120e3b194eaae683d920a09'),
(405, NULL, 'أحمد محمود سليمان', '01077777405', 'user_405@shakawa.app', 'أنثى', '2025-02-12 04:08:52', '1c0e903ddcb41aff50c74f679711ad25'),
(406, NULL, 'سارة يوسف الجارحي', '01077777406', 'user_406@shakawa.app', 'ذكر', '2025-02-11 04:08:52', '8ed021a3cd4436b530d5760c1146c49f'),
(407, NULL, 'محمد إبراهيم خليل', '01077777407', 'user_407@shakawa.app', 'أنثى', '2025-02-10 04:08:52', 'd6ffa903ea6813c33cd76615f5d38ee2'),
(408, NULL, 'مريم كمال نصار', '01077777408', 'user_408@shakawa.app', 'ذكر', '2025-02-09 04:08:52', '8f158b90a03e7a5a99a14f7f4538216d'),
(409, NULL, 'ياسين جمال عثمان', '01077777409', 'user_409@shakawa.app', 'أنثى', '2025-02-08 04:08:52', '57119427d9715d66143e02a1a3ff5fc8'),
(410, NULL, 'أحمد محمود سليمان', '01077777410', 'user_410@shakawa.app', 'ذكر', '2025-02-07 04:08:52', '7386864e9fdf531dec9e1295aab518e7'),
(411, NULL, 'سارة يوسف الجارحي', '01077777411', 'user_411@shakawa.app', 'أنثى', '2025-02-06 04:08:52', '9b2cedc531ef6ab19400df8d62bcb84e'),
(412, NULL, 'محمد إبراهيم خليل', '01077777412', 'user_412@shakawa.app', 'ذكر', '2025-02-05 04:08:52', 'f9bd7a2267c5276463528a59564eaf9d'),
(413, NULL, 'مريم كمال نصار', '01077777413', 'user_413@shakawa.app', 'أنثى', '2025-02-04 04:08:52', 'f901404ff0755703f5311ac45559e6da'),
(414, NULL, 'ياسين جمال عثمان', '01077777414', 'user_414@shakawa.app', 'ذكر', '2025-02-03 04:08:52', 'd0a30c4e00e6acab5931907e18a40575'),
(415, NULL, 'أحمد محمود سليمان', '01077777415', 'user_415@shakawa.app', 'أنثى', '2025-02-02 04:08:52', 'fd9dcf2b6c27967c2df694f365827851'),
(416, NULL, 'سارة يوسف الجارحي', '01077777416', 'user_416@shakawa.app', 'ذكر', '2025-02-01 04:08:52', '58206357fba700c991f0538089eaf56a'),
(417, NULL, 'محمد إبراهيم خليل', '01077777417', 'user_417@shakawa.app', 'أنثى', '2025-01-31 04:08:52', 'd354f1c3b019453e3b1f7eac27ba685c'),
(418, NULL, 'مريم كمال نصار', '01077777418', 'user_418@shakawa.app', 'ذكر', '2025-01-30 04:08:52', 'bc314e4bde506c4fbf890bdef6690e02'),
(419, NULL, 'ياسين جمال عثمان', '01077777419', 'user_419@shakawa.app', 'أنثى', '2025-01-29 04:08:52', '13a97d3dd7b489277addd0491eff3ea4'),
(420, NULL, 'أحمد محمود سليمان', '01077777420', 'user_420@shakawa.app', 'ذكر', '2025-01-28 04:08:52', 'ac31637490afbad81569ca115cf85ce3'),
(421, NULL, 'سارة يوسف الجارحي', '01077777421', 'user_421@shakawa.app', 'أنثى', '2025-01-27 04:08:52', 'f12ca2c5cc0fb8c437dcaeb1aa62ed60'),
(422, NULL, 'محمد إبراهيم خليل', '01077777422', 'user_422@shakawa.app', 'ذكر', '2025-01-26 04:08:52', 'e2dca4887e5d68c96a5adf4f5dc55969'),
(423, NULL, 'مريم كمال نصار', '01077777423', 'user_423@shakawa.app', 'أنثى', '2025-01-25 04:08:52', 'e532da81df2034eb8358a53f30c5bda7'),
(424, NULL, 'ياسين جمال عثمان', '01077777424', 'user_424@shakawa.app', 'ذكر', '2025-01-24 04:08:52', '7c26ba42d255f78c5322f6aaa9747cb5'),
(425, NULL, 'أحمد محمود سليمان', '01077777425', 'user_425@shakawa.app', 'أنثى', '2025-01-23 04:08:52', '4da83539e49742d53aed3d7653ee71a3'),
(426, NULL, 'سارة يوسف الجارحي', '01077777426', 'user_426@shakawa.app', 'ذكر', '2025-01-22 04:08:52', 'a3434959ca794551c668cc2ccd7d8e53'),
(427, NULL, 'محمد إبراهيم خليل', '01077777427', 'user_427@shakawa.app', 'أنثى', '2025-01-21 04:08:52', '6f8f31403bab1a3e422cfcad2bde71c2'),
(428, NULL, 'مريم كمال نصار', '01077777428', 'user_428@shakawa.app', 'ذكر', '2025-01-20 04:08:52', '2fea8b68cdb47ddcf96153c423fece9d'),
(429, NULL, 'ياسين جمال عثمان', '01077777429', 'user_429@shakawa.app', 'أنثى', '2025-01-19 04:08:52', '5b593f432a52a2f77dc5003346703bee'),
(430, NULL, 'أحمد محمود سليمان', '01077777430', 'user_430@shakawa.app', 'ذكر', '2025-01-18 04:08:52', '0a91e108250bc39791be8d4e33d71f39'),
(431, NULL, 'سارة يوسف الجارحي', '01077777431', 'user_431@shakawa.app', 'أنثى', '2025-01-17 04:08:52', '5d6925050bfc8138699b080a1658b1a8'),
(432, NULL, 'محمد إبراهيم خليل', '01077777432', 'user_432@shakawa.app', 'ذكر', '2025-01-16 04:08:52', '83f6fabcecbc765912662085a927bb6c'),
(433, NULL, 'مريم كمال نصار', '01077777433', 'user_433@shakawa.app', 'أنثى', '2025-01-15 04:08:52', '76ffe2ee99f857e0eb794cc256976514'),
(434, NULL, 'ياسين جمال عثمان', '01077777434', 'user_434@shakawa.app', 'ذكر', '2025-01-14 04:08:52', '217d36f04b7b1c582145baa68e3059c9'),
(435, NULL, 'أحمد محمود سليمان', '01077777435', 'user_435@shakawa.app', 'أنثى', '2025-01-13 04:08:52', '49d2d6152b3a7b6d7c26b643731a2f2e'),
(436, NULL, 'سارة يوسف الجارحي', '01077777436', 'user_436@shakawa.app', 'ذكر', '2025-01-12 04:08:52', '46d43547ffc919d70e40ebd9b29c987b'),
(437, NULL, 'محمد إبراهيم خليل', '01077777437', 'user_437@shakawa.app', 'أنثى', '2025-01-11 04:08:52', '7e81b8ba58aa414e0e115e28db6a625e'),
(438, NULL, 'مريم كمال نصار', '01077777438', 'user_438@shakawa.app', 'ذكر', '2025-01-10 04:08:52', 'b1c2126138dbbd48e1c4bcfdfcaac6cc'),
(439, NULL, 'ياسين جمال عثمان', '01077777439', 'user_439@shakawa.app', 'أنثى', '2025-01-09 04:08:52', '99fe60f5da6d6887a8c63b0da2047815'),
(440, NULL, 'أحمد محمود سليمان', '01077777440', 'user_440@shakawa.app', 'ذكر', '2025-01-08 04:08:52', '4feecf266852805616a082140d97b025'),
(441, NULL, 'سارة يوسف الجارحي', '01077777441', 'user_441@shakawa.app', 'أنثى', '2025-01-07 04:08:52', '7faf83ba9c87113318b7556e381c02e7'),
(442, NULL, 'محمد إبراهيم خليل', '01077777442', 'user_442@shakawa.app', 'ذكر', '2025-01-06 04:08:52', '55bfad04a6df1c395a337284e4327a55'),
(443, NULL, 'مريم كمال نصار', '01077777443', 'user_443@shakawa.app', 'أنثى', '2025-01-05 04:08:52', 'b59beee7c8b9735edbc07f3e0917e84e'),
(444, NULL, 'ياسين جمال عثمان', '01077777444', 'user_444@shakawa.app', 'ذكر', '2025-01-04 04:08:52', '5099becc343d7c522aa4d5c84a6efd15'),
(445, NULL, 'أحمد محمود سليمان', '01077777445', 'user_445@shakawa.app', 'أنثى', '2025-01-03 04:08:52', '0872e0a2613122c67e6b6309141c1598');
INSERT INTO `customers` (`id`, `firebase_uid`, `full_name`, `phone`, `email`, `gender`, `created_at`, `device_id`) VALUES
(446, NULL, 'سارة يوسف الجارحي', '01077777446', 'user_446@shakawa.app', 'ذكر', '2025-01-02 04:08:52', 'b02c74d8f7fba053780d05c550db373b'),
(447, NULL, 'محمد إبراهيم خليل', '01077777447', 'user_447@shakawa.app', 'أنثى', '2025-01-01 04:08:52', '248255306d41e7bed01376ba1222db83'),
(448, NULL, 'مريم كمال نصار', '01077777448', 'user_448@shakawa.app', 'ذكر', '2024-12-31 04:08:52', 'c23a66ee0902c6415d301fa816727452'),
(449, NULL, 'ياسين جمال عثمان', '01077777449', 'user_449@shakawa.app', 'أنثى', '2024-12-30 04:08:52', 'b0d7fa70700cbf5a1b9e54ec71fab023'),
(450, NULL, 'أحمد محمود سليمان', '01077777450', 'user_450@shakawa.app', 'ذكر', '2024-12-29 04:08:52', '292dd6e4db40b599899f8548652682a8'),
(451, NULL, 'سارة يوسف الجارحي', '01077777451', 'user_451@shakawa.app', 'أنثى', '2024-12-28 04:08:52', '50f459399f1e12f54a9016bb759e1c1c'),
(452, NULL, 'محمد إبراهيم خليل', '01077777452', 'user_452@shakawa.app', 'ذكر', '2024-12-27 04:08:52', 'a2147318f20486dc24033fa847ac38bb'),
(453, NULL, 'مريم كمال نصار', '01077777453', 'user_453@shakawa.app', 'أنثى', '2024-12-26 04:08:52', 'cc2fba74fec7d7a2a3f4cdf0c075f64c'),
(454, NULL, 'ياسين جمال عثمان', '01077777454', 'user_454@shakawa.app', 'ذكر', '2024-12-25 04:08:52', '91afde05249f6d8d76676655286e04cb'),
(455, NULL, 'أحمد محمود سليمان', '01077777455', 'user_455@shakawa.app', 'أنثى', '2024-12-24 04:08:52', 'fc1542dca9d17acfb712f9c087b21cca'),
(456, NULL, 'سارة يوسف الجارحي', '01077777456', 'user_456@shakawa.app', 'ذكر', '2024-12-23 04:08:52', '9ea65522639d4050f148b51947f6a0c8'),
(457, NULL, 'محمد إبراهيم خليل', '01077777457', 'user_457@shakawa.app', 'أنثى', '2024-12-22 04:08:52', '96d713d05bf72111943e4a0e92da75e5'),
(458, NULL, 'مريم كمال نصار', '01077777458', 'user_458@shakawa.app', 'ذكر', '2024-12-21 04:08:52', '631aafae6bda571637ff1bf9d0d70a63'),
(459, NULL, 'ياسين جمال عثمان', '01077777459', 'user_459@shakawa.app', 'أنثى', '2024-12-20 04:08:52', 'b7cc305b920f1db467809e32bca01747'),
(460, NULL, 'أحمد محمود سليمان', '01077777460', 'user_460@shakawa.app', 'ذكر', '2024-12-19 04:08:52', 'bfd558587f92370dfdf0c6a33e3194e6'),
(461, NULL, 'سارة يوسف الجارحي', '01077777461', 'user_461@shakawa.app', 'أنثى', '2024-12-18 04:08:52', 'bd5b42005fa26bf9ef84e16246161bb2'),
(462, NULL, 'محمد إبراهيم خليل', '01077777462', 'user_462@shakawa.app', 'ذكر', '2024-12-17 04:08:52', 'b54c1f2f24458cb7051962319800b1e0'),
(463, NULL, 'مريم كمال نصار', '01077777463', 'user_463@shakawa.app', 'أنثى', '2024-12-16 04:08:52', 'efbdd11ef004d4e6c3f46463343eff06'),
(464, NULL, 'ياسين جمال عثمان', '01077777464', 'user_464@shakawa.app', 'ذكر', '2024-12-15 04:08:52', 'c7f976b870444fe8689abad234f17b3a'),
(465, NULL, 'أحمد محمود سليمان', '01077777465', 'user_465@shakawa.app', 'أنثى', '2024-12-14 04:08:52', '867d392a1aca90e9dca5f10f56394ff5'),
(466, NULL, 'سارة يوسف الجارحي', '01077777466', 'user_466@shakawa.app', 'ذكر', '2024-12-13 04:08:52', 'bae601ef1860abdb6c45a9bdd152ea4e'),
(467, NULL, 'محمد إبراهيم خليل', '01077777467', 'user_467@shakawa.app', 'أنثى', '2024-12-12 04:08:52', '3d28dce34e1a00fe9ca96545fa88a591'),
(468, NULL, 'مريم كمال نصار', '01077777468', 'user_468@shakawa.app', 'ذكر', '2024-12-11 04:08:52', '8ef6170659539c4062909645668263ed'),
(469, NULL, 'ياسين جمال عثمان', '01077777469', 'user_469@shakawa.app', 'أنثى', '2024-12-10 04:08:52', '389bd7875a2c71d025f86525d958161a'),
(470, NULL, 'أحمد محمود سليمان', '01077777470', 'user_470@shakawa.app', 'ذكر', '2024-12-09 04:08:52', '2c9314a03187e7b3c1e3c9ebb031ba8c'),
(471, NULL, 'سارة يوسف الجارحي', '01077777471', 'user_471@shakawa.app', 'أنثى', '2024-12-08 04:08:52', '0f0d19297b8c630ee13cb872ee5c8296'),
(472, NULL, 'محمد إبراهيم خليل', '01077777472', 'user_472@shakawa.app', 'ذكر', '2024-12-07 04:08:52', '8981dac8963956cd78b5efe6b6fe9a34'),
(473, NULL, 'مريم كمال نصار', '01077777473', 'user_473@shakawa.app', 'أنثى', '2024-12-06 04:08:52', 'e8fc61d79e6f71dc207d17dbf367ec64'),
(474, NULL, 'ياسين جمال عثمان', '01077777474', 'user_474@shakawa.app', 'ذكر', '2024-12-05 04:08:52', '7bac547c7adfbae10177dcc5dab606ca'),
(475, NULL, 'أحمد محمود سليمان', '01077777475', 'user_475@shakawa.app', 'أنثى', '2024-12-04 04:08:52', 'd7177d21e774030670a1831cde8b45c0'),
(476, NULL, 'سارة يوسف الجارحي', '01077777476', 'user_476@shakawa.app', 'ذكر', '2024-12-03 04:08:52', '534d180fd7a49fbda4945abd8b0975f8'),
(477, NULL, 'محمد إبراهيم خليل', '01077777477', 'user_477@shakawa.app', 'أنثى', '2024-12-02 04:08:52', 'a3c4f6d41dbbc3cecf2f31a91bc771a1'),
(478, NULL, 'مريم كمال نصار', '01077777478', 'user_478@shakawa.app', 'ذكر', '2024-12-01 04:08:52', 'ed7b6231c9b093c6ee608fbbbbe7ef4d'),
(479, NULL, 'ياسين جمال عثمان', '01077777479', 'user_479@shakawa.app', 'أنثى', '2024-11-30 04:08:52', '617dc0a190db3ad09a2fb9c85a2e5108'),
(480, NULL, 'أحمد محمود سليمان', '01077777480', 'user_480@shakawa.app', 'ذكر', '2024-11-29 04:08:52', 'b30684098b6398ab07962835974875c2'),
(481, NULL, 'سارة يوسف الجارحي', '01077777481', 'user_481@shakawa.app', 'أنثى', '2024-11-28 04:08:52', 'f3c291566422f227641661d3654a646e'),
(482, NULL, 'محمد إبراهيم خليل', '01077777482', 'user_482@shakawa.app', 'ذكر', '2024-11-27 04:08:52', '9d32e62a28290cb84ab0e1b348ca864f'),
(483, NULL, 'مريم كمال نصار', '01077777483', 'user_483@shakawa.app', 'أنثى', '2024-11-26 04:08:52', 'b84283542598c42f3187544955b4de83'),
(484, NULL, 'ياسين جمال عثمان', '01077777484', 'user_484@shakawa.app', 'ذكر', '2024-11-25 04:08:52', 'd2404bc371cad177fdd646ef52f36780'),
(485, NULL, 'أحمد محمود سليمان', '01077777485', 'user_485@shakawa.app', 'أنثى', '2024-11-24 04:08:52', '8226fd3b1f70c0b8ca9783d8a8853936'),
(486, NULL, 'سارة يوسف الجارحي', '01077777486', 'user_486@shakawa.app', 'ذكر', '2024-11-23 04:08:52', '284c6d3418db44b18b944a965362097b'),
(487, NULL, 'محمد إبراهيم خليل', '01077777487', 'user_487@shakawa.app', 'أنثى', '2024-11-22 04:08:52', '45f6f412fe3fda53c01e72ac50f6c5c5'),
(488, NULL, 'مريم كمال نصار', '01077777488', 'user_488@shakawa.app', 'ذكر', '2024-11-21 04:08:52', 'db181b5ace3395514a4ab156d1b92b03'),
(489, NULL, 'ياسين جمال عثمان', '01077777489', 'user_489@shakawa.app', 'أنثى', '2024-11-20 04:08:52', 'd0af0a5a3a68e18402ea73d6284670a9'),
(490, NULL, 'أحمد محمود سليمان', '01077777490', 'user_490@shakawa.app', 'ذكر', '2024-11-19 04:08:52', 'c4a008dd681538a272728cddffd8a872'),
(491, NULL, 'سارة يوسف الجارحي', '01077777491', 'user_491@shakawa.app', 'أنثى', '2024-11-18 04:08:52', '80026509065158d59180d3fae798adad'),
(492, NULL, 'محمد إبراهيم خليل', '01077777492', 'user_492@shakawa.app', 'ذكر', '2024-11-17 04:08:52', '7173121eadfc149663b4d67463093863'),
(493, NULL, 'مريم كمال نصار', '01077777493', 'user_493@shakawa.app', 'أنثى', '2024-11-16 04:08:52', 'f924c10f48de1898c2907c9fe0410442'),
(494, NULL, 'ياسين جمال عثمان', '01077777494', 'user_494@shakawa.app', 'ذكر', '2024-11-15 04:08:52', 'd16e2de23cd653b5317b82f5bc90a595'),
(495, NULL, 'أحمد محمود سليمان', '01077777495', 'user_495@shakawa.app', 'أنثى', '2024-11-14 04:08:52', '72aafd91e07b7d1b6d1df05c80cf16b8'),
(496, NULL, 'سارة يوسف الجارحي', '01077777496', 'user_496@shakawa.app', 'ذكر', '2024-11-13 04:08:52', '2366ad2b90e7ff188d3bec58ab80612c'),
(497, NULL, 'محمد إبراهيم خليل', '01077777497', 'user_497@shakawa.app', 'أنثى', '2024-11-12 04:08:52', '258474eb81060385518053b298af8088'),
(498, NULL, 'مريم كمال نصار', '01077777498', 'user_498@shakawa.app', 'ذكر', '2024-11-11 04:08:52', '2bbca300ed77e15e72bc28086d9ad97c'),
(499, NULL, 'ياسين جمال عثمان', '01077777499', 'user_499@shakawa.app', 'أنثى', '2024-11-10 04:08:52', '137f9a34af7955ec38172068b509bc7c'),
(500, NULL, 'أحمد محمود سليمان', '01077777500', 'user_500@shakawa.app', 'ذكر', '2024-11-09 04:08:52', '913edf2d4bcf6298cc7e92e89e0f7570'),
(505, 'SCltfnAWhcUH0MluvwWO12AieOg1', 'مولاي الحكيم', NULL, 'abdoeslah67@gmail.com', 'ذكر', '2026-03-24 05:26:53', 'RP1A.200720.011'),
(506, NULL, 'عبدالرحمن السيد إصلاح ', '01017438769', 'abdoeslah67@gmail.com', 'ذكر', '2026-04-02 09:15:31', 'fEx5-R_xSImc8xHyNDzNoN:APA91bHRt7n7VyXSC1iitJhT5BddQbD2JZ6fHANr9T5IBpN8n6r6oGWCNLgyRrZGIfRZfL609TIWu3V2XQ2nyMIA7SXXbbCtbt3gtD9bpQv7KWWcHOHIl-I'),
(550, 'vo58sxpxiwbjCv5HaYjcolQVDIC2', 'Nird Dob', NULL, 'nirddob@gmail.com', NULL, '2026-04-06 21:52:51', NULL),
(551, NULL, 'duh', '01145539325', 'dohanasser077@gmail.com ', 'أنثى', '2026-04-06 21:53:18', 'eQUVtXxcRcCx1bjpBMyfkf:APA91bENQx-JT1eABUd8WWsAwoXg_HRd-LX022V3G19tXnn03l3Sihei5lWUzl_qvPT0jKy2f89-0dFYmJYReWvJf6oSOprV_HiPk5Opefc848xvc91HJc8'),
(561, '25PHVhIFcKUt2Uoe2Sa3mLj3Hi72', 'Sara Ashraf Mohamed', NULL, 'saraashrafm125@gmail.com', NULL, '2026-04-06 22:18:59', NULL),
(569, 'ezwiJSJ6KUdVwF3lWKFAgMGSxZj2', 'Dark night', NULL, 'ddya96534@gmail.com', 'ذكر', '2026-04-07 17:41:31', 'dsQSqjU0QBOn37o-W5DmVK:APA91bHFZ2qJnf3_NHobM1YyhI3gZt2L-0uEa9EFpO5OuEFjrfLNHnn7J7COfAZIfy6z2jXxrg67t1kLyNniQhs2S9wl4IuvrynpR2cxM44mpZdHaXEd-Qo'),
(570, NULL, 'Mahmoud Effat Ali ', '01270077343', 'mahmoudmedo12340@gmail.com', 'ذكر', '2026-04-07 21:05:38', 'e7uAGnwyTnqhLt9EwlmNJ2:APA91bHEWujGFFHbmfNK6Rk_K50JzOMnPa_veFqodfCbJfXnZ-xmqkTChNCZwEgEejT6xQeMn1CEPTBLlsOQsVbxGOMikBKcdAG3194yrPyCZXsAfgeSQOY'),
(571, 'wKomQUXk6VV8026xnHo1wvJ7mDg2', 'moatassim elashker', NULL, 'moatassimelashker@gmail.com', NULL, '2026-04-08 22:09:12', NULL),
(572, NULL, 'معتصم احمد', '01200228640', 'moatassimelashker@gmail.com', 'ذكر', '2026-04-08 22:11:47', 'fHOqnvehRK-hKYWVOZGw5P:APA91bHJAs89DlAaOUCOv8mFci7PZS5EEz2_hObvUQ1p_Ogh4DsgoN4G6UGIAv2vzBZL4LoXfUAx5dglPe5r0mvVo-2CkIlniqipXaWJ2MUIsYoPA88kPt0'),
(573, NULL, 'عبدالرحمن هانئ محمد محمد المخدم ', '01019522653', 'ah6145160@gmail.com', 'ذكر', '2026-04-11 21:25:22', 'c7mjy2UqScaSDJsMdAKh0a:APA91bE7HX_VLrujkfM0JthFTgids1M9wSuyFOQb1BlCx4XHFz1Y427McSOAGhWuDiwTIQC2_xy6jQUUJO8YlZBR5BcjaOsYTFt7cL96L2DjlDg5rGRJWP4'),
(574, NULL, 'احمد صفوت', '01206658013', 'Ahmed.safwat6478@gmail.com', 'ذكر', '2026-04-11 22:00:30', 'eFotPDvSRmOPo4V9uaZ29V:APA91bGr-UQhHolCjP-NB6OWdZYaTMsyi5Zvx4SvmWS-H1dI3RwablQvDSI3SfDErUXUDlgomRSc5GJpdsINtTGkdwrbxecsxshNggCxBIDCmX48B6GLqyw');

-- --------------------------------------------------------

--
-- Table structure for table `notifications`
--

CREATE TABLE `notifications` (
  `id` int NOT NULL,
  `customer_id` int NOT NULL,
  `complaint_id` int DEFAULT NULL,
  `message` varchar(255) COLLATE utf8mb4_general_ci NOT NULL,
  `is_read` tinyint(1) DEFAULT '0',
  `created_at` timestamp NOT NULL DEFAULT CURRENT_TIMESTAMP
) ENGINE=InnoDB DEFAULT CHARSET=utf8mb4 COLLATE=utf8mb4_general_ci;

--
-- Dumping data for table `notifications`
--

INSERT INTO `notifications` (`id`, `customer_id`, `complaint_id`, `message`, `is_read`, `created_at`) VALUES
(1, 505, 1065, 'تم استلام شكواك بنجاح (رقم الشكوى: #1065)', 1, '2026-03-24 05:26:53'),
(2, 505, 1066, 'تم استلام شكواك بنجاح (رقم الشكوى: #1066)', 1, '2026-03-24 05:39:30'),
(3, 505, 1067, 'تم استلام شكواك بنجاح (رقم الشكوى: #1067)', 1, '2026-03-24 12:21:57'),
(4, 505, 1065, 'تم تحديث حالة شكوتك إلى: تم الحل', 1, '2026-03-24 12:43:00'),
(5, 505, 1068, 'تم استلام شكواك بنجاح (رقم الشكوى: #1068)', 1, '2026-03-24 13:24:35'),
(6, 505, 1068, 'تم تحديث حالة شكوتك إلى: معلقة', 1, '2026-03-24 13:27:17'),
(7, 505, 1069, 'تم استلام شكواك بنجاح (رقم الشكوى: #1069)', 1, '2026-03-24 13:28:15'),
(8, 505, 1070, 'تم استلام شكواك بنجاح (رقم الشكوى: #1070)', 1, '2026-03-24 14:21:38'),
(9, 505, 1069, 'تم تحديث حالة شكوتك إلى: جاري المعالجة', 1, '2026-03-24 14:54:31'),
(10, 505, 1068, 'تم تحديث حالة شكوتك إلى: جاري المعالجة', 1, '2026-03-24 14:55:32'),
(11, 505, 1071, 'تم استلام شكواك بنجاح (رقم الشكوى: #1071)', 1, '2026-03-24 14:56:50'),
(12, 505, 1070, 'تم تحديث حالة شكوتك إلى: تم الحل', 1, '2026-03-24 14:58:04'),
(13, 505, 1070, 'تم تحديث حالة شكوتك إلى: جاري المعالجة', 1, '2026-03-24 14:58:59'),
(14, 505, 1071, 'تم تحديث حالة شكوتك إلى: جاري المعالجة', 1, '2026-03-24 15:14:08'),
(15, 505, 1071, 'تم تحديث حالة شكوتك إلى: تم الحل', 1, '2026-03-24 15:49:33'),
(16, 506, 1072, 'تم استلام شكواك لشركة (وي) بنجاح برقم #1072', 1, '2026-04-02 09:15:31'),
(17, 506, 1072, 'تم تحديث حالة شكوتك إلى: جاري المعالجة', 1, '2026-04-02 09:16:37'),
(18, 506, 1072, 'تم تحديث شكواك لشركة (وي) رقم #1072 إلى: (جاري المعالجة)', 1, '2026-04-02 09:16:37'),
(19, 506, 1072, 'تم تحديث شكواك لشركة (وي) رقم #1072 إلى: (جاري المعالجة)', 1, '2026-04-02 09:27:38'),
(20, 506, 1072, 'تم تحديث شكواك لشركة (وي) رقم #1072 إلى: (جاري المعالجة)', 1, '2026-04-02 09:27:45'),
(21, 506, 1072, 'تم تحديث شكواك لشركة (وي) رقم #1072 إلى: (جاري المعالجة)', 1, '2026-04-02 09:28:22'),
(22, 506, 1072, 'تم تحديث شكواك لشركة (وي) رقم #1072 إلى: (جاري المعالجة)', 1, '2026-04-02 09:29:57'),
(23, 506, 1072, 'تم تحديث حالة شكوتك إلى: تم الحل', 1, '2026-04-02 10:00:15'),
(24, 506, 1072, 'تم تحديث شكواك لشركة (وي) رقم #1072 إلى: (تم الحل)', 1, '2026-04-02 10:00:15'),
(25, 506, 1072, 'تم تحديث شكواك لشركة (وي) رقم #1072 إلى: (تم الحل)', 1, '2026-04-02 11:13:10'),
(26, 506, 1073, 'تم استلام شكواك لشركة (جهة عامة) بنجاح برقم #1073', 1, '2026-04-02 11:16:29'),
(27, 506, 1074, 'تم استلام شكواك لشركة (جهة عامة) بنجاح برقم #1074', 1, '2026-04-02 11:17:13'),
(28, 506, 1074, 'تم تحديث حالة شكوتك إلى: مرفوضة', 1, '2026-04-02 11:17:59'),
(29, 506, 1074, 'تم تحديث شكواك لشركة (جهة عامة) رقم #1074 إلى: (مرفوضة)', 1, '2026-04-02 11:17:59'),
(30, 506, 1082, 'تم استلام شكواك لشركة (وي) بنجاح برقم #1082', 1, '2026-04-02 14:52:47'),
(31, 1, 1087, 'تم تحديث حالة شكوتك إلى: جاري المعالجة', 0, '2026-04-02 15:46:26'),
(32, 1, 1087, 'تم تحديث شكواك لشركة () رقم #1087 إلى: (جاري المعالجة)', 0, '2026-04-02 15:46:26'),
(33, 506, 1088, 'تم استلام شكواك لشركة (الشركة) بنجاح برقم #1088', 1, '2026-04-02 17:06:16'),
(34, 506, 1088, 'تم تحديث حالة شكوتك إلى: جاري المعالجة', 1, '2026-04-02 20:34:23'),
(35, 506, 1088, 'تم تحديث شكواك لشركة (الشركة) رقم #1088 إلى: (جاري المعالجة)', 1, '2026-04-02 20:34:23'),
(36, 506, 1088, 'تم تحديث شكواك لشركة (الشركة) رقم #1088 إلى: (جاري المعالجة)', 1, '2026-04-03 01:41:23'),
(37, 506, 1088, 'تم تحديث شكواك لشركة (الشركة) رقم #1088 إلى: (جاري المعالجة)', 1, '2026-04-03 01:45:12'),
(38, 506, 1089, 'تم استلام شكواك لشركة (وي) بنجاح برقم #1089', 1, '2026-04-04 04:35:31'),
(39, 506, 1072, 'تم تحديث حالة شكوتك إلى: جاري المعالجة', 1, '2026-04-04 10:31:36'),
(40, 506, 1072, 'تم تحديث شكواك لشركة (وي) رقم #1072 إلى: (جاري المعالجة)', 1, '2026-04-04 10:31:36'),
(41, 506, 1090, 'تم استلام شكواك لشركة (وي) بنجاح برقم #1090', 1, '2026-04-04 10:34:13'),
(42, 506, 1090, 'تم تحديث حالة شكوتك إلى: مرفوضة', 1, '2026-04-04 10:35:00'),
(43, 506, 1090, 'تم تحديث شكواك لشركة (وي) رقم #1090 إلى: (مرفوضة)', 1, '2026-04-04 10:35:00'),
(44, 506, 1090, 'تم تحديث شكواك لشركة (وي) رقم #1090 إلى: (مرفوضة)', 1, '2026-04-04 10:35:31'),
(45, 506, 1091, 'تم استلام شكواك لشركة (فودافون) بنجاح برقم #1091', 1, '2026-04-04 10:39:50'),
(46, 506, 1092, 'تم استلام شكواك لشركة (اتصالات) بنجاح برقم #1092', 1, '2026-04-04 10:41:03'),
(47, 506, 1093, 'تم استلام شكواك لشركة (أورانج) بنجاح برقم #1093', 1, '2026-04-05 21:56:01'),
(48, 506, 1094, 'تم استلام شكواك لشركة (اتصالات) بنجاح برقم #1094', 1, '2026-04-06 19:19:17'),
(49, 506, 1095, 'تم استلام شكواك لشركة (وي) بنجاح برقم #1095', 1, '2026-04-06 20:35:40'),
(50, 506, 1096, 'تم استلام شكواك لشركة (جهة عامة) بنجاح برقم #1096', 1, '2026-04-06 20:40:53'),
(51, 506, 1098, 'تم استلام شكواك لشركة (أورانج) بنجاح برقم #1098', 1, '2026-04-06 21:26:57'),
(52, 506, 1100, 'تم استلام شكواك لشركة (وي) بنجاح برقم #1100', 1, '2026-04-06 21:33:41'),
(53, 551, 1101, 'تم استلام شكواك لشركة (فودافون) بنجاح برقم #1101', 1, '2026-04-06 21:53:18'),
(54, 551, 1101, 'تم تحديث حالة شكوتك إلى: بانتظار تأكيد العميل', 1, '2026-04-06 21:58:16'),
(55, 551, 1101, 'قام الدعم الفني بحل شكواك رقم # يرجى الدخول للتطبيق لتأكيد الحل أو رفضه.', 1, '2026-04-06 21:58:16'),
(56, 551, 1101, 'تم تحديث حالة شكوتك إلى: تم الحل', 1, '2026-04-06 21:59:31'),
(57, 551, 1101, 'تم تحديث حالة شكوتك إلى: بانتظار تأكيد العميل', 0, '2026-04-07 12:10:24'),
(58, 551, 1101, 'قام الدعم الفني بحل شكواك رقم #1101 يرجى الدخول للتطبيق لتأكيد الحل أو رفضه.', 0, '2026-04-07 12:10:25'),
(59, 551, 1101, 'قام الدعم الفني بحل شكواك رقم #1101 يرجى الدخول للتطبيق لتأكيد الحل أو رفضه.', 0, '2026-04-07 12:10:57'),
(60, 506, 1100, 'تم تحديث حالة شكوتك إلى: بانتظار تأكيد العميل', 1, '2026-04-07 12:11:24'),
(61, 506, 1100, 'قام الدعم الفني بحل شكواك رقم #1100 يرجى الدخول للتطبيق لتأكيد الحل أو رفضه.', 1, '2026-04-07 12:11:24'),
(62, 506, 1100, 'تم تحديث حالة شكوتك إلى: جاري المعالجة', 1, '2026-04-07 12:11:41'),
(63, 551, 1101, 'تم تحديث حالة شكوتك إلى: مرفوضة', 1, '2026-04-07 12:12:35'),
(64, 551, 1101, 'تم رفض شكواك وتصعيدها للإدارة. السبب: احترمي نفسك', 0, '2026-04-07 12:12:35'),
(65, 506, 1108, 'تم استلام شكواك لشركة (اتصالات) بنجاح برقم #1108', 1, '2026-04-07 17:08:33'),
(66, 506, 1113, 'تم استلام شكواك لشركة (أورانج) بنجاح برقم #1113', 1, '2026-04-07 17:32:00'),
(67, 506, 1113, 'تم تحديث حالة شكوتك إلى: بانتظار تأكيد العميل', 1, '2026-04-07 17:36:15'),
(68, 506, 1113, 'قام الدعم الفني بحل شكواك رقم #1113 يرجى الدخول للتطبيق لتأكيد الحل أو رفضه.', 1, '2026-04-07 17:36:15'),
(69, 506, 1113, 'تم تحديث حالة شكوتك إلى: جاري المعالجة', 1, '2026-04-07 17:36:30'),
(70, 506, 1114, 'تم استلام شكواك لشركة (أورانج) بنجاح برقم #1114', 1, '2026-04-07 17:39:35'),
(71, 569, 1115, 'تم استلام شكواك لشركة (وي) بنجاح برقم #1115', 0, '2026-04-07 17:41:31'),
(72, 570, 1116, 'تم استلام شكواك لشركة (أورانج) بنجاح برقم #1116', 0, '2026-04-07 21:05:38'),
(73, 570, 1116, 'تم تحديث حالة شكوتك إلى: بانتظار تأكيد العميل', 0, '2026-04-07 21:39:56'),
(74, 570, 1116, 'قام الدعم الفني بحل شكواك رقم #1116 يرجى الدخول للتطبيق لتأكيد الحل أو رفضه.', 0, '2026-04-07 21:39:56'),
(75, 506, 1117, 'تم استلام شكواك لشركة (جهة عامة) بنجاح برقم #1117', 1, '2026-04-07 21:55:48'),
(76, 506, 1118, 'تم استلام شكواك لشركة (اتصالات) بنجاح برقم #1118', 1, '2026-04-07 22:08:35'),
(77, 570, 1116, 'تم تحديث حالة شكوتك إلى: جاري المعالجة', 0, '2026-04-07 22:12:38'),
(78, 551, 1119, 'تم استلام شكواك لشركة (اتصالات) بنجاح برقم #1119', 1, '2026-04-08 08:05:06'),
(79, 551, 1119, 'تم تحديث حالة شكوتك إلى: بانتظار تأكيد العميل', 1, '2026-04-08 08:12:49'),
(80, 551, 1119, 'قام الدعم الفني بحل شكواك رقم #1119 يرجى الدخول للتطبيق لتأكيد الحل أو رفضه.', 1, '2026-04-08 08:12:49'),
(81, 551, 1119, 'تم تحديث حالة شكوتك إلى: تم الحل', 0, '2026-04-08 10:18:29'),
(82, 572, 1120, 'تم استلام شكواك لشركة (أورانج) بنجاح برقم #1120', 0, '2026-04-08 22:11:47'),
(83, 506, 1121, 'تم استلام شكواك لشركة (وي) بنجاح برقم #1121', 1, '2026-04-09 12:08:21'),
(84, 506, 1122, 'تم استلام شكواك لشركة (وي) بنجاح برقم #1122', 1, '2026-04-10 13:21:43'),
(85, 506, 1123, 'تم استلام شكواك لشركة (WE) بنجاح برقم #1123', 1, '2026-04-11 19:24:33'),
(86, 506, 1124, 'تم استلام شكواك لشركة (وي) بنجاح برقم #1124', 1, '2026-04-11 19:29:04'),
(87, 573, 1125, 'تم استلام شكواك لشركة (وي) بنجاح برقم #1125', 0, '2026-04-11 21:25:22'),
(88, 573, 1126, 'تم استلام شكواك لشركة (فودافون) بنجاح برقم #1126', 0, '2026-04-11 21:26:39'),
(89, 573, 1127, 'تم استلام شكواك لشركة (أورانج) بنجاح برقم #1127', 0, '2026-04-11 21:27:54'),
(90, 573, 1128, 'تم استلام شكواك لشركة (اتصالات) بنجاح برقم #1128', 0, '2026-04-11 21:29:13'),
(91, 574, 1129, 'تم استلام شكواك لشركة (أورانج) بنجاح برقم #1129', 0, '2026-04-11 22:00:30'),
(92, 506, 1130, 'تم استلام شكواك لشركة (وي) بنجاح برقم #1130', 1, '2026-04-14 15:26:58'),
(93, 506, 1131, 'تم استلام شكواك لشركة (وي) بنجاح برقم #1131', 1, '2026-04-14 18:42:07'),
(94, 506, 1132, 'تم استلام شكواك لشركة (وي) بنجاح برقم #1132', 1, '2026-04-14 19:45:58'),
(95, 506, 1133, 'تم استلام شكواك لشركة (وي) بنجاح برقم #1133', 1, '2026-04-14 20:22:35'),
(96, 506, 1134, 'تم استلام شكواك لشركة (أورانج) بنجاح برقم #1134', 1, '2026-04-15 06:16:12'),
(97, 506, 1135, 'تم استلام شكواك لشركة (وي) بنجاح برقم #1135', 1, '2026-04-15 10:48:43'),
(98, 506, 1136, 'تم استلام شكواك لشركة (وي) بنجاح برقم #1136', 1, '2026-04-15 12:30:16'),
(99, 506, 1137, 'تم استلام شكواك لشركة (وي) بنجاح برقم #1137', 1, '2026-04-15 15:44:56'),
(100, 506, 1138, 'تم استلام شكواك لشركة (وي) بنجاح برقم #1138', 1, '2026-04-15 15:56:20'),
(101, 506, 1139, 'تم استلام شكواك لشركة (وي) بنجاح برقم #1139', 1, '2026-04-15 18:15:23'),
(102, 506, 1139, 'تم تحديث حالة شكوتك إلى: بانتظار تأكيد العميل', 1, '2026-04-15 18:32:37'),
(103, 506, 1139, 'قام الدعم الفني بحل شكواك رقم #1139 يرجى الدخول للتطبيق لتأكيد الحل أو رفضه.', 1, '2026-04-15 18:32:37'),
(104, 506, 1139, 'تم تحديث حالة شكوتك إلى: تم الحل', 1, '2026-04-15 18:32:45'),
(105, 506, 1140, 'تم استلام شكواك لشركة (وي) بنجاح برقم #1140', 1, '2026-04-15 18:42:36'),
(106, 506, 1141, 'تم استلام شكواك لشركة (وي) بنجاح برقم #1141', 1, '2026-04-15 19:13:25'),
(107, 506, 1142, 'تم استلام شكواك لشركة (وي) بنجاح برقم #1142', 1, '2026-04-15 19:25:01');

-- --------------------------------------------------------

--
-- Table structure for table `support_team`
--

CREATE TABLE `support_team` (
  `id` int NOT NULL,
  `name` varchar(100) COLLATE utf8mb4_general_ci NOT NULL,
  `email` varchar(100) COLLATE utf8mb4_general_ci NOT NULL,
  `password` varchar(255) COLLATE utf8mb4_general_ci NOT NULL,
  `created_at` timestamp NOT NULL DEFAULT CURRENT_TIMESTAMP
) ENGINE=InnoDB DEFAULT CHARSET=utf8mb4 COLLATE=utf8mb4_general_ci;

--
-- Dumping data for table `support_team`
--

INSERT INTO `support_team` (`id`, `name`, `email`, `password`, `created_at`) VALUES
(1, 'أحمد محمود', 'ahmed.support@shakawa.app', '123456', '2026-03-24 15:28:32'),
(2, 'سارة كمال', 'sara.support@shakawa.app', '123456', '2026-03-24 15:28:32'),
(3, 'مصطفى طارق', 'mostafa.support@shakawa.app', '123456', '2026-03-24 15:28:32'),
(4, 'نورهان علي', 'nourhan.support@shakawa.app', '123456', '2026-03-24 15:28:32');

--
-- Indexes for dumped tables
--

--
-- Indexes for table `complaints`
--
ALTER TABLE `complaints`
  ADD PRIMARY KEY (`id`),
  ADD KEY `customer_id` (`customer_id`),
  ADD KEY `complaints_ibfk_2` (`company_name`),
  ADD KEY `fk_support` (`support_id`);

--
-- Indexes for table `customers`
--
ALTER TABLE `customers`
  ADD PRIMARY KEY (`id`),
  ADD UNIQUE KEY `phone` (`phone`),
  ADD UNIQUE KEY `device_id` (`device_id`),
  ADD UNIQUE KEY `firebase_uid` (`firebase_uid`);

--
-- Indexes for table `notifications`
--
ALTER TABLE `notifications`
  ADD PRIMARY KEY (`id`),
  ADD KEY `fk_complaint` (`complaint_id`);

--
-- Indexes for table `support_team`
--
ALTER TABLE `support_team`
  ADD PRIMARY KEY (`id`);

--
-- AUTO_INCREMENT for dumped tables
--

--
-- AUTO_INCREMENT for table `complaints`
--
ALTER TABLE `complaints`
  MODIFY `id` int NOT NULL AUTO_INCREMENT, AUTO_INCREMENT=1143;

--
-- AUTO_INCREMENT for table `customers`
--
ALTER TABLE `customers`
  MODIFY `id` int NOT NULL AUTO_INCREMENT, AUTO_INCREMENT=575;

--
-- AUTO_INCREMENT for table `notifications`
--
ALTER TABLE `notifications`
  MODIFY `id` int NOT NULL AUTO_INCREMENT, AUTO_INCREMENT=108;

--
-- AUTO_INCREMENT for table `support_team`
--
ALTER TABLE `support_team`
  MODIFY `id` int NOT NULL AUTO_INCREMENT, AUTO_INCREMENT=5;

--
-- Constraints for dumped tables
--

--
-- Constraints for table `complaints`
--
ALTER TABLE `complaints`
  ADD CONSTRAINT `complaints_ibfk_1` FOREIGN KEY (`customer_id`) REFERENCES `customers` (`id`) ON DELETE CASCADE,
  ADD CONSTRAINT `fk_support` FOREIGN KEY (`support_id`) REFERENCES `support_team` (`id`) ON DELETE SET NULL;

--
-- Constraints for table `notifications`
--
ALTER TABLE `notifications`
  ADD CONSTRAINT `fk_complaint` FOREIGN KEY (`complaint_id`) REFERENCES `complaints` (`id`);
COMMIT;

/*!40101 SET CHARACTER_SET_CLIENT=@OLD_CHARACTER_SET_CLIENT */;
/*!40101 SET CHARACTER_SET_RESULTS=@OLD_CHARACTER_SET_RESULTS */;
/*!40101 SET COLLATION_CONNECTION=@OLD_COLLATION_CONNECTION */;
